No.,チャンネル名,所属,登録者数,最終投稿日,ゲーム動画率,日本語率,主なジャンル,自動判定,あなたの判定,チャンネルURL,直近タイトル例
1,はじめしゃちょー（hajime）,,16300000,2026-09-14,0.12,1.0,シミュレーション,残す,,https://www.youtube.com/channel/UCgMPP6RRjktV7krOfyUewqw,軽自動車キャンピングカーで車中泊しながら1000km運転の旅。
2,Ado,,9610000,2026-08-25,0.5,0.9,パズル,残す,,https://www.youtube.com/channel/UCln9P4Qm3-EAY4aiEPmRwEA,"【Ado】Fairytale,歌いました"
3,Smosh Games,,8630000,2026-08-26,0.25,0.0,シューター,外す（日本語の配信ではない）,,https://www.youtube.com/channel/UCJ2ZDzMRgSrxmwphstrm8Ww,Stay In Line | Board AF: Mind The Lines
4,東海オンエア,実況グループ,7270000,2026-10-06,0.0,1.0,,外す（ゲーム動画なし）,,https://www.youtube.com/channel/UCutJqz56653xV2wwSvut_hQ,下ネタにもなっちゃう意味の言葉を網羅して、直接的なエロ言葉から卒業しよう！！！【一応100個言う】
5,HikakinGames,実況者,6700000,2026-08-16,0.6,1.0,シミュレーション,残す,,https://www.youtube.com/channel/UCX1xppLvuj03ubLio8jslyA,🔴【マイクラ】ヒカキン & セイキンでハードコア第２回_vol2【兄貴を守るマインクラフト】
6,キヨ。,実況者,5770000,2026-08-26,0.55,1.0,アドベンチャー,残す,,https://www.youtube.com/channel/UCMJiPpN_09F0aWpQrgbc_qg,今話題の「八尺様」と夏休みを過ごすホラーゲーム『 八尺様がいた夏休み 』
7,すとぷりちゃんねる,,4620000,2026-09-15,0.25,1.0,アクション（横スクロール）,残す,,https://www.youtube.com/channel/UCdB5vhQORw9HeiF82IYLnjw,【生配信】全員ガチで酔っぱらってゲーム実況してみるWWW
8,Marine Ch. 宝鐘マリン hololive3期生,ホロライブ,4430000,2026-08-26,0.25,1.0,,残す,,https://www.youtube.com/channel/UCCzUftO8KOVkV4wQG1vkUvg,【#ホロ甲2026】愛知の強豪選手をリセマラで引き当てろ！！AHOY高校初回配信！【ホロライブ/宝鐘マリン】
9,スカイピース,実況グループ,4320000,2026-10-07,0.0,1.0,,外す（ゲーム動画なし）,,https://www.youtube.com/channel/UC8_wmm5DX9mb4jrLiw8ZYzw,【爆食い】麻辣湯1万円分頼んだら常識外れの量きた
10,Kan & Aki's CHANNELかんあきチャンネル,,4140000,2026-09-12,0.14,1.0,シミュレーション,残す,,https://www.youtube.com/channel/UCNHqosTdwFPSK5OQsjFoS5g,★旅Vlog★かんあきファミリー初めての能登半島へ！空港がポケモンだらけ！？　＃ポケモンのとめぐり
11,ポケモン公式YouTubeチャンネル,,4070000,2026-09-06,0.0,1.0,,外す（ゲーム動画なし）,,https://www.youtube.com/channel/UC_SI1j1d8vJo_rYMV5o_dRg,【公式】ポケモンとどこいく！？ 見逃し配信 9/6（日）
12,CaRtOoNz,,4050000,2026-08-28,0.42,0.0,RPG,外す（日本語の配信ではない）,,https://www.youtube.com/channel/UCdQWs2nw6w77Rw0t-37a4OA,THESE MINI GAMES WERE BRUTAL!!! | Twisted Party (w/ H2O Deli
13,水溜りボンド,実況グループ,4020000,2026-10-03,0.0,1.0,,外す（ゲーム動画なし）,,https://www.youtube.com/channel/UCpOjLndjOqMoffA-fr8cbKA,"【築70年】古民家で""釣り""して激ウマな飯とお酒も堪能できる ""火囲"" が最高すぎました！！"
14,مـلـزلـز MLZLZ,,3940000,2026-08-27,0.68,0.0,アドベンチャー,外す（日本語の配信ではない）,,https://www.youtube.com/channel/UCneq-pXhApziFpje2tIfofw,Resonance A Plague Tale Legacy | رسمياً وصلت اجمل قصة تختيم 
15,Nintendo 公式チャンネル,,3800000,2026-09-04,0.58,0.83,インディー,残す,,https://www.youtube.com/channel/UCkH3CcMfqww9RsZvPRPkAJA,Nintendo Direct 2026.9.9
16,ポッキー,,3780000,2026-08-26,0.65,1.0,シミュレーション,残す,,https://www.youtube.com/channel/UCzXjPL7zo0bxhOYDxLJ9YEg,この村、恐怖の「掟」が多すぎて何かがおかしい。【ほの暮しの庭】
17,まいぜんシスターズ,実況グループ,3270000,2026-10-07,0.35,1.0,,残す,,https://www.youtube.com/channel/UCM3yhFc0-fBFuvqx1Vg2YNQ,月への超長い階段をのぼった結果？！【まいくら・マインクラフト】
18,ウォーターチャレンジ,,3240000,2026-08-28,0.7,1.0,,残す,,https://www.youtube.com/channel/UCHazKLThRbMyMFu2bVAKhng,願いを叶えるレアなベリティMODをプレイしたら...【 マイクラ / マインクラフト 】
19,P丸様。,個人勢,3210000,2026-08-27,0.0,1.0,,外す（ゲーム動画なし）,,https://www.youtube.com/channel/UCLqCmbd6bgcLaBVz3aA-68A,【暴露】P丸様。顔バレの真実を全てお話します。
20,兄者弟者,実況グループ,3160000,2026-08-27,0.75,0.92,シューター,残す,,https://www.youtube.com/channel/UC2GuoutVyegg6PUK88lLpjw,【Escape from Tarkov】スカブ王（姫）の道【弟者】
21,狩野英孝【公式チャンネル】EIKO!GO!!,,3030000,2026-08-26,0.4,1.0,ストラテジー,残す,,https://www.youtube.com/channel/UCDn8Lqf-x0zD8hmFUg08f6w,料理初心者がピーラーに感動します
22,はじめしゃちょー2 (hajime),,3020000,2026-08-27,0.4,1.0,シミュレーション,残す,,https://www.youtube.com/channel/UCgXyMl3Y2kRHkK08F_Ct8Pg,新弾「ロケット団の野望」を上限課金パック開封！多分めっちゃ強いです【ポケポケ】
23,Suisei Channel,ホロライブ,2920000,2026-08-24,0.17,1.0,,残す,,https://www.youtube.com/channel/UC5CwaMl1eIgY8h02uZw7u8A,"【怪談配信/告知アリ】リスナーから怖い話募集してみた👻ホロメンの""あの事件""の真相も……⁉【星街すいせい / #ほしまち"
24,ドズル社,実況グループ,2920000,2026-08-28,0.8,1.0,アクション（横スクロール）,残す,,https://www.youtube.com/channel/UCj4PjeVMnNTHIR5EeoNKPAw,みんなでアイテム15万個集めるまで終われません！【ファーストペンギン/ドズル視点】
25,TenZ,,2840000,2026-08-27,0.25,0.0,シューター,外す（日本語の配信ではない）,,https://www.youtube.com/channel/UCckPYr9b_iVucz8ID1Q67sw,WHEN TenZ PRACTICE HIS JETT FOR PRO PLAYS !!!
26,Pekora Ch. 兎田ぺこら,ホロライブ,2800000,2026-08-27,0.44,1.0,シミュレーション,残す,,https://www.youtube.com/channel/UC1DCedRgGHBdm81E1llLhOQ,#2【初見】『ソードアート・オンライン』同時視聴【ホロライブ/兎田ぺこら】
27,あかさかの箱,,2710000,2026-10-02,0.95,1.0,シミュレーション,残す,,https://www.youtube.com/channel/UCJy7zfLsKBXoo2soFMum7JQ,充電しないと動けない体でおかんから逃げる鬼ごっこ！【まいくら / マインクラフト】
28,フブキCh。白上フブキ,ホロライブ,2680000,2026-08-28,0.79,1.0,ストラテジー,残す,,https://www.youtube.com/channel/UCdn5BQ06XqgXoAxIhbqw5Rg,【Moo Who?】 動物声真似でかくれんぼ！？声真似なら任せてください!! #ホロMOO【ホロライブ/白上フブキ】
29,zanny,,2670000,2026-08-24,0.5,0.0,アドベンチャー,外す（日本語の配信ではない）,,https://www.youtube.com/channel/UCd9TUql8V7J-Xy1RNgA7MlQ,"For Honor is good now, it's safe to install (I promise)"
30,レトルト,実況者,2630000,2026-08-27,0.55,1.0,アドベンチャー,残す,,https://www.youtube.com/channel/UCPVr7clenPjpD7WNsSI3UBQ,異常な掟が残る不穏な村で田舎暮らしするホラーゲーム『ほの暮しの庭』#9
31,日常組,追加指定,2600000,2026-08-28,1.0,1.0,,残す,,https://www.youtube.com/channel/UCZFO75r8iYNI2XPmoFEG6ig,【マインクラフト】目まぐるしく変わるメタの中でも最強のキャラで戦いたい【日常組】
32,チョコレートプラネット チャンネル,,2500000,2026-08-22,0.0,1.0,,外す（ゲーム動画なし）,,https://www.youtube.com/channel/UCpCesuCH4UxIcy65gSrC0Pw,【生配信】松尾がバイオハザード初体験！#16「松尾はバイオの中に入った」【レクイエム】
33,カラフルピーチ,,2490000,2026-08-28,0.56,1.0,,残す,,https://www.youtube.com/channel/UCh7bThzNArch6TgoHB1HVhA,人がどんどん消えていく団地【マインクラフト】
34,Miko Ch. さくらみこ,ホロライブ,2450000,2026-08-28,0.69,1.0,RPG,残す,,https://www.youtube.com/channel/UC-hM6YJuNYVAmUWxeIr9FeA,【 はいしんよてち！ 】【ホロライブ/さくらみこ】
35,莉犬くん【すとぷり】,,2320000,2026-08-29,0.47,1.0,ポイントクリック,残す,,https://www.youtube.com/channel/UCpcGAVuBSJEFs48MBxhf9eg,【トモコレ最終回】悪意なんていらない【#すとぷり100時間生配信】【莉犬／すとぷり】
36,しぐれうい,個人勢,2300000,2026-08-21,0.0,1.0,,外す（ゲーム動画なし）,,https://www.youtube.com/channel/UCt30jJgChL8qeT9VPadidSw,しぐれうい - SHIGURE UI Birthday Live “Wishing Umbrella” 📍K-Arena
37,Korone Ch. 戌神ころね,ホロライブ,2290000,2026-08-28,0.22,0.94,シミュレーション,残す,,https://www.youtube.com/channel/UChAnqc_AY5_I3Px5dig3X1Q,２３３３２３２３２３２３
38,Kuzuha Channel,にじさんじ,2220000,2026-08-27,0.1,0.9,,残す,,https://www.youtube.com/channel/UCSFCh5NL4qXrAy9u-u2lX3g,【スト6】サリバン帝国民【ランク】
39,Aqua Ch. 湊あくあ,ホロライブ,2180000,2024-08-28,0.22,0.94,音ゲー,外す（1年以上更新なし）,,https://www.youtube.com/channel/UC1opHUrw8rvnsadT-iGp7Cg,【#湊あくあ卒業ライブ】あくあ色に染まれ！／MinatoAqua Graduation LIVE
40,マエスケ,,2160000,2026-08-25,0.44,1.0,アクション（横スクロール）,残す,,https://www.youtube.com/channel/UC9Lx-zRFGfpuls27tNAOIqA,マインクラフトに「ロングホース」を追加したら..
41,原神-Genshin-公式,,2160000,2026-09-13,0.83,1.0,,残す,,https://www.youtube.com/channel/UCAVR6Q0YgYa8xwz8rdg9Mrg,Ver.7.1「冥府へのレクイエム」予告番組
42,Okayu Ch. 猫又おかゆ,ホロライブ,2150000,2026-08-27,0.95,1.0,RPG,残す,,https://www.youtube.com/channel/UCvaTdHTWBGv3MKj3KVqJVCw,【 Moo Who? 】動物の声マネをするかくれんぼ⁉️自分行けます💥【 猫又おかゆ/ホロライブ 】
43,赤髪のとものゲーム実況チャンネル!!,実況者,2150000,2026-08-28,0.77,1.0,シューター,残す,,https://www.youtube.com/channel/UCEIMvzf3R9d3_2A3IAajvHg,28日(金)公開：年を取ると説教臭くなる。 #赤髪のとも #ストリヌ
44,はじめしゃちょー の畑,実況者,2070000,2026-08-09,0.0,1.0,,外す（ゲーム動画なし）,,https://www.youtube.com/channel/UClKeJXipXwX7_ZGxOBnMQyw,はじめ！ご褒美企画をありがとう？？？
45,あまり驚かないガッチマンはホラーゲームばかりやっている,実況者,2060000,2026-08-27,0.55,1.0,アドベンチャー,残す,,https://www.youtube.com/channel/UCWcEgYIOqq1BVr4Qm1sPuVg,秋味飲んで夏を終わらせる
46,Noel Ch. 白銀ノエル,ホロライブ,2050000,2026-08-27,0.47,1.0,RPG,残す,,https://www.youtube.com/channel/UCdyqAaZDKHXg4Ahi7VENThQ,【Moo Who?】本物の動物になりきれ！！...さて、久々に牛さんなるか....🐮💖【白銀ノエル/ホロライブ】
47,SAWAYAN GAMES / サワヤン ゲームズ,,2050000,2026-08-27,0.3,1.0,レース,残す,,https://www.youtube.com/channel/UCPJCP_fon2mOMfibbBPUOYw,子供の性別発表！！！！！！！！
48,Subaru Ch. 大空スバル,ホロライブ,2030000,2026-08-27,0.45,1.0,シューター,残す,,https://www.youtube.com/channel/UCvzGlP9oQwU--Y0r9id_jnA,【DAY6】ゾンビの世界を生き抜くしゅばああああああああああああああああああああああああああああああ！！！！！！：7Da
49,にじさんじ,,2030000,2026-08-27,0.0,1.0,,外す（ゲーム動画なし）,,https://www.youtube.com/channel/UCX7YkU9nEeaoZbkVLVajcMg,【本編ダイジェスト】Blu-ray9/2発売！！NIJISANJI COUNTDOWN LIVE “CROSSING T
50,Bandai Namco Entertainment,,2010000,2026-08-30,0.38,1.0,格闘,残す,,https://www.youtube.com/channel/UCqly9F4Fr_jf2Y1Cy5hacRg,ゲキスクトーク Season 7│1周年＆年末大型アップデート重大発表 生配信【ドラゴンボール ゲキシン スクアドラ】
51,Nux Taku,海外VTuber,1930000,2026-08-27,0.21,0.0,RPG,外す（日本語の配信ではない）,,https://www.youtube.com/channel/UCBBU7zUOhR_qShfMV26UUCA,Woke streamer said the n word and got destroyed 😭😭
52,ちろぴの,,1900000,2026-08-26,0.41,1.0,アクション（横スクロール）,残す,,https://www.youtube.com/channel/UCX2fYWaYhi7J1yMaK0M8Amw,ぴのが初めて実況する『牛丼屋』で恐怖体験をするホラーゲーム…【 牛丼屋 】
53,ironmouse,海外VTuber,1870000,2026-08-27,0.67,0.0,アドベンチャー,外す（日本語の配信ではない）,,https://www.youtube.com/channel/UChgPVLjqugDQpRLWvC7zzig,Ironmouse Surprises Fans At Anime NYC!
54,牛沢,実況者,1860000,2026-10-06,0.95,1.0,シミュレーション,残す,,https://www.youtube.com/channel/UCZMRuagdTBKmmrFtSMN48Xw,ハエの短い一生を限界まで充実させたい【Time Flies】
55,壱百満天原サロメ / Hyakumantenbara Salome,にじさんじ,1790000,2026-08-27,0.79,1.0,アドベンチャー,残す,,https://www.youtube.com/channel/UCgIfLpQvelloDi8I0Ycbwpg,【スーパーダンガンロンパ2】#20  ✦禁断の第六章！？  超高校級のお嬢様✨/Danganronpa2💜
56,Shoto,海外VTuber,1730000,2026-08-26,0.0,0.0,,外す（ゲーム動画なし）,,https://www.youtube.com/channel/UCgwJ4ReZqFOw_Y6eTEIunDQ,I envy people with close families
57,Nakiri Ayame Ch. 百鬼あやめ,ホロライブ,1720000,2026-08-13,0.45,1.0,パズル,残す,,https://www.youtube.com/channel/UC7fk0CB07ly8oSl0aqKkqFg,【JSP3】マルチで事故物件を監視・・・？日本事故物件監視協会3【百鬼あやめ/ホロライブ】
58,Watame Ch. 角巻わため,ホロライブ,1720000,2026-08-27,0.57,1.0,ストラテジー,残す,,https://www.youtube.com/channel/UCqm3BQLlJfvkTsX_hvm0UmA,【歌枠】楽しく歌ってから告知だ～～～～！！！ Singing Stream🎤🎶【角巻わため/ホロライブ４期生】
59,おんりー / ドズル社,追加指定,1720000,2026-08-27,0.4,1.0,シューター,残す,,https://www.youtube.com/channel/UC5l8bnxxl26Q5PDG_jawcuw,みんなでアイテム15万個集めるまで終われません！【ファーストペンギン/おんりー視点】
60,さとみ【すとぷり】,,1710000,2026-08-28,0.95,1.0,RPG,残す,,https://www.youtube.com/channel/UC-1uvY3U4sMSGi52IcT_fWQ,【第五人格】視聴者参加型！新ハンター心の獣を試す【IdentityⅤ】【第五人格】【すとぷり】
61,Kanata Ch. 天音かなた,ホロライブ,1690000,2025-12-31,0.08,0.92,,残す,,https://www.youtube.com/channel/UCZlDXzGoo7d44bwdNObFacg,Shiny Smily Story (Sololive.ver) / 天音かなた
62,Kanae Channel,にじさんじ,1640000,2026-08-27,0.5,1.0,シューター,残す,,https://www.youtube.com/channel/UCspv01oxUFf_MTSipURRhkA,ゴルフやったことないけどうまいと思うんだよね。  | VCC GOLF【にじさんじ/叶】
63,もこうの実況,実況者,1610000,2026-08-27,0.63,1.0,アドベンチャー,残す,,https://www.youtube.com/channel/UCENoC6MLc4pL-vehJyzSWmg,【神回】20ターンの間1秒も目を離せないマリオパーティ。【マリオパーティジャンボリー】実況プレイ
64,ハヤトの野望,,1610000,2026-09-16,0.16,1.0,シミュレーション,残す,,https://www.youtube.com/channel/UChn5TjkeEqd-JxzizMVSkOw,7か月も仕事を放置して寝続ける村長
65,ころんの実況【すとぷり】,,1610000,2026-09-23,0.32,1.0,アドベンチャー,残す,,https://www.youtube.com/channel/UCJtMfSSPKuW22GXfkaN7DOA,【マイクラ】ついに決戦！エンドラ討伐タイムアタック！るぅと莉犬に勝つぞ！【すとぷりタッグバトル】【ころん×ジェル】
66,Matsuri Channel 夏色まつり,ホロライブ,1600000,2026-08-27,0.67,1.0,シューター,残す,,https://www.youtube.com/channel/UCQ0UDLQCjY0rmuxCDE38FGg,【鳴潮】アップデートきちゃ～！！新共鳴者の予感！？【ホロライブ/夏色まつり】
67,Botan Ch.獅白ぼたん,ホロライブ,1590000,2026-08-25,0.59,1.0,シューター,残す,,https://www.youtube.com/channel/UCUKD-uaobj9jiqB-VXt71mA,【レーシングマスター】推しマシンで勝つ！！推しマシン大合戦 #PR【獅白ぼたん/ホロライブ】
68,HAACHAMA Ch 赤井はあと,ホロライブ,1590000,2026-08-28,0.0,1.0,,外す（ゲーム動画なし）,,https://www.youtube.com/channel/UC1CfXB_kRs3C-zaeTG3oGyg,ヲタクに料理させてみた・・・【ホロライブ/赤井はあと】
69,Towa Ch. 常闇トワ,ホロライブ,1590000,2026-08-27,0.93,1.0,アドベンチャー,残す,,https://www.youtube.com/channel/UC1uv2Oq6kNxgATlCiez59hw,【 DAY6 】#ホロ7大豆劇場 ‼️焼森におさらばじゃああああ‼️【常闇トワ/ホロライブ】
70,Laplus ch. ラプラス・ダークネス - holoX -,ホロライブ,1580000,2026-08-25,0.14,1.0,RPG,残す,,https://www.youtube.com/channel/UCENwRMx5Yh42zWpzURebzTw,🎶歌うよ！I’m gonna sing! 노래할게!🎤
71,ぐっちの部屋(ミラクルぐっち),実況者,1580000,2026-10-06,0.3,1.0,RPG,残す,,https://www.youtube.com/channel/UCKezegV3t5njyVLoeLhYi0A,ぐちお、放送をとめろ。放課後から名前を呼ばれると…【3年G組ぐち男くん】
72,モンスト（モンスターストライク）公式,,1570000,2026-09-01,1.0,1.0,,残す,,https://www.youtube.com/channel/UCd9BXPj-KcMTh0HiB-Vlb8A,【M4オーディション】三次選考の最終回直前！第2回生配信後のインタビューをお届け！【モンスト公式】
73,カズゲームズ/Gaming Kazu,実況者,1540000,2026-08-21,0.7,1.0,シューター,残す,,https://www.youtube.com/channel/UCu3Mp1ZimtNvyA-bcfo9VrQ,【#マイクラなつにっき】ただいま戻りました
74,月ノ美兎,にじさんじ,1530000,2026-08-28,0.0,1.0,,外す（ゲーム動画なし）,,https://www.youtube.com/channel/UCD-miitqNY3nyukJ4Fnf4_A,【近未来の推し活】ディストピア飯を推しイメージで作ってみよう！
75,らっだぁ,実況者,1520000,2026-10-07,0.82,1.0,シミュレーション,残す,,https://www.youtube.com/channel/UClNdVSK1uy2xFHTaXZYXopw,俺の妹は普通に免許返納した方が世の中のためになる【妹に運転を教える】
76,TBS公式 YouTuboo,,1500000,2026-09-02,0.0,1.0,,外す（ゲーム動画なし）,,https://www.youtube.com/channel/UCxpIo6FFB7gMQz2Fy2X8XdQ,『君の好きは無敵』♡日産ルークス　限定サブストーリー
77,SeikinGames,実況者,1490000,2026-08-16,0.55,1.0,シューター,残す,,https://www.youtube.com/channel/UCrxsbWp33yuZmQvHfYyP4eg,②【マインクラフト】ヒカキン＆セイキン ハードコア第２回【マイクラ】
78,robot channelロボットチャンネル,,1450000,2026-09-27,0.0,1.0,,外す（ゲーム動画なし）,,https://www.youtube.com/channel/UCIQzfXsmjUObTWvg93gySgw,0以下になるまで終われまてん！ #7
79,Mr Sunday Movies,,1420000,2026-08-27,0.8,0.0,アドベンチャー,外す（日本語の配信ではない）,,https://www.youtube.com/channel/UCkDSAQ_5-yx5hmuvUcsJL7A,Resident Evil: Extinction - Caravan Of Garbage
80,ぱかチューブっ!【ウマ娘公式】,,1420000,2026-08-26,0.8,1.0,シミュレーション,残す,,https://www.youtube.com/channel/UCAWxPGGuIfWME2KTLUmSCHw,そこそこぱかライブTV Vol.55
81,ぷりっつ,,1410000,2026-08-27,0.0,1.0,,外す（ゲーム動画なし）,,https://www.youtube.com/channel/UC_LS7mBxC0zL9Ot0gaU26Lw,3時間でバイオハザードどこまで進められんの？WWWWWWWW【 #AMPTAK93時間リレー生放送 】
82,kson ONAIR,個人勢,1390000,2026-08-27,0.25,1.0,シューター,残す,,https://www.youtube.com/channel/UC9ruVYPv7yJmV0Rh0NKA-Lw,【ぷちホロの村】DLCで水着！？全員脱がすしかねぇ！【#ksonONAIR】
83,Koyori ch. 博衣こより - holoX -,ホロライブ,1380000,2026-08-28,0.64,1.0,ストラテジー,残す,,https://www.youtube.com/channel/UC6eWCld0KwmyHFbAqK3V-Rw,【空の軌跡 the 1st】完全初見！みんなの圧倒的オススメゲーム、空の軌跡はじめて見る！！！ #3 【博衣こより/ホロ
84,Lamy Ch. 雪花ラミィ,ホロライブ,1380000,2026-08-27,0.25,1.0,,残す,,https://www.youtube.com/channel/UCFKOVgVbGmX65RxO3EtH3iw,【朝活】みんなにおはようを届ける配信【雪花ラミィ /ホロライブ】
85,Polka Ch. 尾丸ポルカ,ホロライブ,1370000,2026-08-27,0.24,1.0,RPG,残す,,https://www.youtube.com/channel/UCK9V2B22uJYu3N7eR_BT9QA,【#ホロ甲2026】初回の選手ガチャ！リセマラ配信していくぞおおおおおおおおおお【尾丸ポルカ/ホロライブ】
86,終わった人,,1370000,2026-09-11,0.11,1.0,,残す,,https://www.youtube.com/channel/UCy3h8jcOCDl2Y40fKiQhu8w,【バクマン。】カスの新妻エイジ
87,ChroNoiR,にじさんじ,1360000,2026-08-28,0.0,1.0,,外す（ゲーム動画なし）,,https://www.youtube.com/channel/UCz6vnIbgiqFT9xUcD6Bp65Q,【レオス&星導参戦】4年ぶりのマック1万円リベンジ成功なるか！？ #くろなん
88,Mio Channel 大神ミオ,ホロライブ,1360000,2026-08-27,0.29,1.0,RPG,残す,,https://www.youtube.com/channel/UCp-5t9SrOQwXMU7iIjQfARg,【Moo Who?】うちは本物のオオカミだよーーーー！！！！【大神ミオ視点】
89,ぴくとはうす,,1360000,2026-08-26,0.59,1.0,シミュレーション,残す,,https://www.youtube.com/channel/UCglQWY_cZKJI4m3CxjNrUxg,捕まってはいけない『八尺様』が可愛すぎるホラーゲーム【八尺様がいた夏休み】
90,SoraCh. ときのそらチャンネル,ホロライブ,1350000,2026-08-27,0.3,1.0,ストラテジー,残す,,https://www.youtube.com/channel/UCp6993wxpyDPHUpavwDFqgg,【重大告知】NEW EP「CHECK！」リリース決定！！【ホロライブ/ときのそら】
91,アブ -abu-,,1350000,2026-08-26,0.15,1.0,パズル,残す,,https://www.youtube.com/channel/UChHqo0tC5D8Mu0_U8_Yi8SQ,17年間ありがとうございました
92,AZKi Channel,ホロライブ,1340000,2026-08-28,0.58,1.0,ストラテジー,残す,,https://www.youtube.com/channel/UC0TXe_LYZ4scaW2XMyi5_kw,【Moo Who?】牛を見分けるだけの簡単なお仕事です🐄【ホロライブ / AZKi】
93,ROF-MAO / ろふまおチャンネル【にじさんじ】,にじさんじ,1330000,2026-05-28,0.0,0.78,,外す（ゲーム動画なし）,,https://www.youtube.com/channel/UCwi4P78SVunSYAGrvC9aKcw,"ROF-MAO - Grab stories, Next story"
94,Nene Ch.桃鈴ねね,ホロライブ,1330000,2026-08-27,0.24,1.0,ストラテジー,残す,,https://www.youtube.com/channel/UCAWSyEs_Io8MtpY3m-zqILA,誘われ待ちはもうやめる…コラボに誘いたい2026夏【 桃鈴ねね / hololive 】
95,Chloe ch. 沙花叉クロヱ - holoX -,ホロライブ,1310000,2025-01-26,0.11,1.0,シューター,外す（1年以上更新なし）,,https://www.youtube.com/channel/UCIBY1ollUsauvVi4hW4cumw,沙花叉クロヱ MV - 光あれ
96,PDRさん,実況者,1300000,2026-10-05,0.0,1.0,,外す（ゲーム動画なし）,,https://www.youtube.com/channel/UC6uo7Swuhid4KcK97n2l7_Q,堀大輔、離婚してた。。。   先日まで結婚してるって言ってなかったっけ？w
97,加藤純一【jun channel】,,1300000,2026-08-29,0.65,1.0,パズル,残す,,https://www.youtube.com/channel/UCx1nAvtVDIsaGmCMSe8ofsQ,加藤純一のPoppy Playtime 実況プレイPart3
98,れじぇくん,,1300000,2026-08-21,0.47,1.0,アドベンチャー,残す,,https://www.youtube.com/channel/UCILZFnKZJksR7zwhZbAB4vw,【限界】新シーズンで１００連敗した😭【フォートナイト】
99,Shion Ch. 紫咲シオン,ホロライブ,1290000,2025-04-26,0.45,1.0,シューター,外す（1年以上更新なし）,,https://www.youtube.com/channel/UCXTpFs_3PqI41qX2d9tL2Rw,【#紫咲シオン卒業LIVE】最大の感謝を込めて。【MurasakiShion Graduation LIVE】
100,ちょんまげ小僧　Kozou tyonmage,除外候補,1290000,2026-10-06,0.0,1.0,,外す（ゲーム動画なし）,,https://www.youtube.com/channel/UCtFb9IIr1gX_J--jR-I6ZRg,実はこの2人めちゃくちゃ喧嘩してました。。。
101,LiaqN【りあん】,,1290000,2026-08-28,1.0,0.92,シューター,残す,,https://www.youtube.com/channel/UCdVnOfmhI0sNGdaH5yldztg,伝説の試合...❤️#フォートナイト
102,Raden Ch. 儒烏風亭らでん ‐ ReGLOSS,hololive DEV_IS,1270000,2026-08-27,0.18,1.0,シミュレーション,残す,,https://www.youtube.com/channel/UCdXAk5MpyLD8594lm_OvtGQ,【辛いもの同好会】ご飯に合うもの編！みんなのおすすめの辛い物をいただきます！【儒烏風亭らでん #ReGLOSS 】
103,だるまいずごっど,ストリーマー,1270000,2023-07-25,0.15,0.95,アドベンチャー,外す（1年以上更新なし）,,https://www.youtube.com/channel/UCRRKdB87Oj-FkqS4L9QQRiQ,避難枠 VCRGTA
104,剣持刀也,にじさんじ,1260000,2026-08-25,0.08,0.92,アクション（横スクロール）,残す,,https://www.youtube.com/channel/UCv1fFr156jc65EMiLbaLImw,【MV】祝祭！無スティバル / 剣持刀也
105,Hajime Ch. 轟はじめ ‐ ReGLOSS,hololive DEV_IS,1260000,2026-08-27,1.0,1.0,ストラテジー,残す,,https://www.youtube.com/channel/UC1iA6_NT4mtAcIII6ygrvCw,【ぷよぷよテトリス2】マリンコーチ、はじめを諦めないで【轟はじめ/ReGLOSS】
106,MrFuji from Japan,実況者,1260000,2026-10-07,0.0,1.0,,外す（ゲーム動画なし）,,https://www.youtube.com/channel/UCXm76zKrfNApFif6A0zS9Tw,【禁断質問】アメリカ人の成功条件が厳しすぎた…「年収5000万円でやっと余裕!?」
107,SHAKAch,ストリーマー,1240000,2026-08-28,0.79,1.0,RPG,残す,,https://www.youtube.com/channel/UCjg5-lUiUzdmzzBRY9Xqrhw,2度目の挑戦で初デスした結果、今まで沼っていた2人から一斉にマシンガン煽りを食らうSHAKA【Minecraft】
108,たくっち,実況者,1240000,2026-10-07,0.85,1.0,アクション（横スクロール）,残す,,https://www.youtube.com/channel/UCP1PN9Um8z8Li-20Yauqa6A,【ロブロックス】ブレインロットを捕まえるロブロックス！？ゆっくり達がブレインロットの軍団を作るロブロックスが楽しすぎた…
109,星川サラ / Sara Hoshikawa,にじさんじ,1220000,2026-08-28,0.4,1.0,アドベンチャー,残す,,https://www.youtube.com/channel/UC9V3Y3_uzU5e-usObb6IE1w,〖メンバー限定〗こんにちうあｈ、8月ですな〖星川サラ/にじさんじ〗
110,オダケン（ホラーゲーム絶叫者）,実況者,1220000,2026-08-26,0.4,1.0,シミュレーション,残す,,https://www.youtube.com/channel/UCSdiXqnTXy6hukTURUIZbIg,つぐのひ『呪われた住宅街』住所がネットに晒され、浸食されてしまうホラーゲームが胸糞すぎる。【新・真夏のつぐのひ】-天招ね
111,ふうはや,追加指定,1220000,2026-08-24,0.6,1.0,シューター,残す,,https://www.youtube.com/channel/UCyFN8ul17Ov5oDr_lsjZODg,描いた絵にAIが能力を付けて戦うゲームが面白すぎた
112,不破 湊 / Fuwa Minato【にじさんじ】,にじさんじ,1210000,2026-08-28,0.4,1.0,アドベンチャー,残す,,https://www.youtube.com/channel/UC6wvdADTJ88OfIbJYIpAaDA,【絨毯を洗うゲーム】朝活【不破湊/にじさんじ】
113,Jasper Boyz,ストリーマー,1210000,2026-10-09,0.0,0.0,,外す（ゲーム動画なし）,,https://www.youtube.com/channel/UCJHdD6iYqzFpJMipWanCS-g,RYLEE LIKE TRAVION K3 SHOOTS SHOT AT CHERAE AND JAMYAH CHEAT
114,Roboco Ch. - ロボ子,ホロライブ,1190000,2026-08-28,0.08,1.0,シミュレーション,残す,,https://www.youtube.com/channel/UCDqI2jOz0weumE8s7paEk6g,メロすぎる ロボ子さんの IRIS OUT【 #ホロライブ/ #ロボ子海底3Dライブ】
115,はうはる,,1180000,2026-09-24,0.0,1.0,,外す（ゲーム動画なし）,,https://www.youtube.com/channel/UCKW5cdR5gsUPRkm_bXQUvCg,1文字足して物語を変えるゲームで何故かリズムギャグ展開になるww
116,崩壊：スターレイル,,1180000,2026-09-28,1.0,1.0,RPG,残す,,https://www.youtube.com/channel/UCrzCIt5o0X88G9bCdrdbv6g,【崩壊：スターレイル】 即興芝居PV 「そして、芸術へと至る」
117,スクウェア・エニックス,,1170000,2026-08-27,0.27,1.0,RPG,残す,,https://www.youtube.com/channel/UC6SmH9mR82nj28_NNg_rZvA,公式RTA企画 急いで宇宙を救うのだ「スターオーシャン」スピードラン
118,Flare Ch. 不知火フレア,ホロライブ,1160000,2026-08-27,0.74,1.0,シミュレーション,残す,,https://www.youtube.com/channel/UCvInZx9h3jC2JzsIzoOebWg,#01 【バイオハザード6】フレわたのわちゃわちゃ劇場ジェイク&シェリー編【不知火フレア/ホロライブ
119,Luna Ch. 姫森ルーナ,ホロライブ,1160000,2026-08-27,0.61,1.0,ストラテジー,残す,,https://www.youtube.com/channel/UCa9Y57gfeY0Zro_noHRVrnw,日本の夏。んなたんの夏。なのら！！！【姫森ルーナ/ホロライブ】
120,Ouro Kronii Ch. hololive,,1160000,2026-08-28,0.81,0.0,シミュレーション,外す（日本語の配信ではない）,,https://www.youtube.com/channel/UCmbs8T6MWqUHP1tIQvSgKrg,【Hollow Knight: Silksong】Act 3 Yay
121,Iroha ch. 風真いろは - holoX -,ホロライブ,1150000,2026-08-24,0.5,0.95,RPG,残す,,https://www.youtube.com/channel/UC_vMYWcDjmfdpH6r4TTn1MQ,【JSP3】#あずいろ でまたこのゲームをやることになりましてね👻【風真いろは/ホロライブ】
122,IRyS Ch. hololive,,1150000,2026-09-11,0.82,0.53,アドベンチャー,残す,,https://www.youtube.com/channel/UC8rcEBzJSleTkf_-agPM20g,【Onimusha: Way of the Sword】Purifying the Lands with my Swor
123,Mythia Batford,海外VTuber,1130000,2026-08-27,0.21,0.0,RPG,外す（日本語の配信ではない）,,https://www.youtube.com/channel/UCCK072ns5Bt1nYqX1CoaZ-g,🔴 Pagi pagi LOH YAAAAAAAAAAA | Nostalgia Cinta Pertama
124,Choco Ch. 癒月ちょこ,ホロライブ,1120000,2026-08-28,0.0,1.0,,外す（ゲーム動画なし）,,https://www.youtube.com/channel/UC1suqwovbL1kzsoaZgFZLKg,【AmongUs3D】わちゃわちゃあもあす3D女子会✨癒月ちょこ視点【ホロライブ/癒月ちょこ/愛園愛美/音霊魂子/巫てん
125,Lui ch. 鷹嶺ルイ - holoX -,ホロライブ,1120000,2026-08-25,0.67,1.0,ストラテジー,残す,,https://www.youtube.com/channel/UCs9_O1tRPMQTHQ-N_L6FU2g,【 ホロドリ 】今全キャラ解放してるから今回の5人も解放しないと…(使命感)【鷹嶺ルイ/ホロライブ】
126,k4sen / かせん,ストリーマー,1120000,2026-08-27,0.53,1.0,RPG,残す,,https://www.youtube.com/channel/UChUjERVG8eKEAJSCef-tTmg,最強戦術データゴルフで優勝する予定だったk4senたちに魔の崖が立ちはだかる【みんなのGolf World】
127,TAMAchan,,1110000,2026-09-02,0.87,1.0,アドベンチャー,残す,,https://www.youtube.com/channel/UCOb49mOu4z3FTYRkIrFtYMQ,みんなで『理想の彼氏』を作ってデートしよう…？【夏コラ女子組コラボ】【マイクラ / Minecraft】【たまちゃん】
128,主役は我々だ!,追加指定,1110000,2026-04-23,0.44,0.94,RTS,残す,,https://www.youtube.com/channel/UCIZzHNbzlIskx3TxGznRyYg,HoI4「敵は世界」これからの世界大戦に向けて、
129,葉ちゅべ,,1100000,2026-08-27,0.0,0.91,,外す（ゲーム動画なし）,,https://www.youtube.com/channel/UCkoHikIfVSDslry7nkoi91w,友達と釣りやってみた。
130,Tamaki Ch. 犬山たまき / 佃煮のりお,,1100000,2026-08-29,0.0,0.93,,外す（ゲーム動画なし）,,https://www.youtube.com/channel/UC8NZiqKx6fsDT3AVcMiVFyA,【#犬山恋愛相談室】閲覧注意💘ノンデリすぎる恋愛相談💌【犬山たまき/伊東ライフ/かなえ先生/熊谷タクマ】
131,Sakuna Ch. 結城さくな,個人勢,1080000,2026-08-24,0.44,1.0,RPG,残す,,https://www.youtube.com/channel/UCrV1Hf5r8P148idjoSfrGEQ,【重大告知なし】３０曲歌っても告知できない歌枠耐久！！！！！（切実）
132,Bao The Whale,海外VTuber,1070000,2026-08-27,0.0,0.0,,外す（ゲーム動画なし）,,https://www.youtube.com/channel/UCZQ7nZ8Lc7pslBN0gN1Jg0w,I Can Do Both Rick AND Morty 🤯
133,ぷちぷち【ぷちひなフレンズ】,,1070000,2026-08-29,0.16,1.0,,残す,,https://www.youtube.com/channel/UCSSKXEFwXiEcUjZKYGSvyPg,全身モザイクの状態で人狼してみたｗｗおふざけ人狼【モザイク人狼】
134,ローレン・イロアス / Lauren Iroas【にじさんじ】,にじさんじ,1060000,2026-08-27,0.35,1.0,ストラテジー,残す,,https://www.youtube.com/channel/UCgmFrRcyH7d1zR9sIVQhFow,【Overwatch】灼熱のにじさんじOverwatchカスタム【ローレン・イロアス/にじさんじ】
135,河崎 翆 ch / Kawasaki Sui ch.,個人勢,1060000,2026-08-27,0.05,1.0,レース,残す,,https://www.youtube.com/channel/UCs86f6tbWatcKVt7emv9hfQ,エンジン音を聞きながらぐっすり寝られるドライブ配信【 SNOW RUNNER スノーランナー VTuber 河崎翆 ゲー
136,しゅうゲームズ,,1060000,2026-08-27,0.2,1.0,アクション（横スクロール）,残す,,https://www.youtube.com/channel/UC1l8jsqYmIj1bjCzN43UPfA,おぼろ入道とLINE交換してみた
137,よしなま,,1050000,2026-08-26,0.15,0.95,RPG,残す,,https://www.youtube.com/channel/UCEnkd5D-53MDGpgpiQRbUqw,高レベルのドレイクリングとデイノスクスの交尾相手をテイムする
138,LEOの遊び場【山田涼介】,,1050000,2026-08-19,0.1,1.0,シューター,残す,,https://www.youtube.com/channel/UCLmqOGpWDsqqoXcww4-Y7dQ,配信初披露の赤ちゃんクリプトで嫌がらせに徹した結果ｗ
139,アンジュ・カトリーナ - Ange Katrina -,にじさんじ,1040000,2026-08-27,0.29,1.0,アドベンチャー,残す,,https://www.youtube.com/channel/UCHVXbQzkl3rDfsXWo8xi2qw,【魔法少女ノ魔女裁判】#13 次こそ平和を願ってもいいですか ※ネタバレあり【にじさんじ/アンジュ・カトリーナ】
140,アキロゼCh。Vtuber/ホロライブ所属,ホロライブ,1040000,2026-08-24,0.11,0.89,,残す,,https://www.youtube.com/channel/UCFTLzh12_nrtzqBPsTCqenA,『 #私の夏の豆知識 』 #アキちょこナイパレ 第49回 ～ホロライブ深夜ラジオ～
141,Luca Kaneshiro【NIJISANJI EN】,,1040000,2026-08-28,0.33,0.25,,外す（日本語の配信ではない）,,https://www.youtube.com/channel/UC7Gb7Uawe20QyFibhLl1lzA,How to Fish... with 4 boys... 【NIJISANJI EN | Luca Kaneshiro
142,ライバロリ,,1040000,2026-09-11,0.73,1.0,,残す,,https://www.youtube.com/channel/UCSdExItCszcnIp-roT7b0kw,最強だったはずの『メガグソクムシャ』で1時間限定ランクバトル【ポケモンチャンピオンズ】【2026/9/11】
143,戌亥とこ -Inui Toko-,にじさんじ,1030000,2026-08-26,0.32,1.0,アドベンチャー,残す,,https://www.youtube.com/channel/UCXRlIK3Cw_TJIQC5kSJJQMg,【テニスの王子様 ドキドキサバイバル】我々２人でどうにかなるんでしょうか？※ネタバレ、告白シーンあり【戌亥とこ/狂蘭メロ
144,樋口楓【にじさんじ所属】,にじさんじ,1030000,2026-08-27,0.3,1.0,アドベンチャー,残す,,https://www.youtube.com/channel/UCsg-YqdqQ-KFF0LNk23BY4A,【#nizima_樋口楓FAコンテスト】ファンアートコンテスト！授賞式【にじさんじ / 樋口楓】
145,リゼ・ヘルエスタ -Lize Helesta-,にじさんじ,1030000,2026-08-25,0.53,1.0,シミュレーション,残す,,https://www.youtube.com/channel/UCZ1xuCK1kNmn5RzPYIZop3w,【P5R/ペルソナ5 ザ・ロイヤル】奪え、その意志で。 #04【にじさんじ/リゼ・ヘルエスタ】※ネタバレ注意
146,橘ひなの / Hinano Tachibana,ぶいすぽっ！,1030000,2026-08-27,0.6,1.0,シューター,残す,,https://www.youtube.com/channel/UCvUc0m317LWTTPZoBQV479A,【 Minecraft 】ぶいすぽなつまつり～～🌟🎆 【ぶいすぽっ！/橘ひなの】
147,みけねこch,,1010000,2026-08-28,0.12,0.94,シューター,残す,,https://www.youtube.com/channel/UC54JqsuIbMw_d1Ieb4hjKoQ,【📸実写カメラ♡】チャイナ服×〇〇解禁！！！つ、ついにお姉さんからアレの解禁です！！！
148,からつけあっきぃ,,1010000,2026-09-16,0.35,1.0,,残す,,https://www.youtube.com/channel/UCtBWXrQqfd5EaVbhezbxopg,最強のプロ2人と初心者でスプラトゥーンしてもやっぱり強かった【スプラトゥーン3】
149,笹木咲 / Sasaki Saku,にじさんじ,1000000,2026-08-27,0.5,0.95,ストラテジー,残す,,https://www.youtube.com/channel/UCoztvTULBYd3WmStqYeoHcA,パワプロ2026┊︎栄冠ナイン3年モード！3年目夏やよ。
150,Koseki Bijou Ch. hololive,,1000000,2026-08-28,0.94,0.06,アドベンチャー,外す（日本語の配信ではない）,,https://www.youtube.com/channel/UC9p_lqQ0FEDz327Vgf5JwqA,【Waterpark Simulator】Dont swim together【Advent Collab】
151,おらふくん / ドズル社,追加指定,1000000,2026-08-27,0.33,1.0,シューター,残す,,https://www.youtube.com/channel/UCIEgmfyQSPwrjXt1QpmNv0w,みんなでアイテム15万個集めるまで終われません！【ファーストペンギン/おらふくん視点】
152,NIRU,,981000,2026-08-28,1.0,1.0,シューター,残す,,https://www.youtube.com/channel/UC3UvC3byXL0o-daNS54m1Xg,お手軽にワンマガできる『破損RE:45』が強すぎる件【APEX LEGENDS】
153,ボドカ / Riddle - ゲーム実況,ストリーマー,974000,2026-08-28,0.79,1.0,シューター,残す,,https://www.youtube.com/channel/UCIYaPLvP0y2LbSYk7QbRSmQ,【超話題】2日で100万本売れた釣りゲーの『最強ボス』が強すぎるwww【How to Fish】
154,けなそゆ,,967000,2026-10-06,0.92,1.0,,残す,,https://www.youtube.com/channel/UC16bljMGmi9JYoyL5x9jLGg,空港の警備員として働くマインクラフト..スキャナーで正体を暴け👀 【まいくら / マインクラフト】
155,加賀美 ハヤト/Hayato Kagami,にじさんじ,962000,2026-08-26,0.25,1.0,アクション（横スクロール）,残す,,https://www.youtube.com/channel/UCmovZ2th3Sqpd00F5RdeigQ,【MV】加賀美ハヤト – 間隙の座標
156,ハセシン / HASESHIN,,961000,2026-08-28,0.95,1.0,シューター,残す,,https://www.youtube.com/channel/UCSF2vv7HFeQHrv1DinGLBLw,【無料バトロワ】新作MW4シーズンのCODに到来した新マップ『ゾディアック』の最高試合【ハセシン】Call of Dut
157,Patra Channel / 周防パトラ,個人勢,952000,2026-08-28,0.72,1.0,アドベンチャー,残す,,https://www.youtube.com/channel/UCeLzT-7b2PBcunJplmWtoDg,【雑談】テコ入れ水着回【周防パトラ】
158,マフィア梶田と中村悠一の「わしゃがなTV」,,946000,2026-08-27,0.06,1.0,アクション（横スクロール）,残す,,https://www.youtube.com/channel/UCReBAqqC-hc9d70gOftfitg,【機動転生】賀東招二先生最新作発売記念！わしらが先生とぶっちゃけトーク！【PR】
159,町田ちま【にじさんじ】,にじさんじ,934000,2026-08-27,0.25,1.0,ストラテジー,残す,,https://www.youtube.com/channel/UCo7TRj3cS-f_1D9ZDmuTsjw,【青鬼】完全初見！青鬼さん、はじめまして。【にじさんじ/町田ちま】
160,ホラフキン,,934000,2026-10-01,1.0,1.0,シューター,残す,,https://www.youtube.com/channel/UCKdvGNtzpYqXwoh8niogRcQ,【DayZ】巨大拠点にリベンジ！鉄塔拠点を叩き潰しにいくぜ
161,ルンルン / Lunlun【にじさんじ】,にじさんじ,924000,2026-07-04,0.0,1.0,,外す（ゲーム動画なし）,,https://www.youtube.com/channel/UCzNXpqpdvlibmNc1JpM1o4g,【雑談】休止前最後にお話しましょう！【ルンルン/にじさんじ】
162,Rin Penrose Ch. and Snebby,海外VTuber,924000,2026-08-27,0.6,0.0,アドベンチャー,外す（日本語の配信ではない）,,https://www.youtube.com/channel/UCpZIbzoEC_3rZglErpQkbDg,Learning 2 Fly by destroying an entire continent
163,イブラヒム【にじさんじ】,にじさんじ,923000,2026-08-23,0.25,1.0,RPG,残す,,https://www.youtube.com/channel/UCmZ1Rbthn-6Jm_qOGjYsh5A,【WINDROSE】ロビンみたいなチョッパーとかいる海賊【にじさんじ/イブラヒム】
164,社築,にじさんじ,921000,2026-08-27,0.5,1.0,シューター,残す,,https://www.youtube.com/channel/UCKMYISTJAQ8xTplUPHiABlA,【トリッカル】このゲームで最も評価が高いと噂のイベントストーリーが来たので初見で読みます。ｽﾋﾟｷは多分出ません。【にじ
165,Dokibird,海外VTuber,917000,2026-08-28,0.5,0.0,アクション（横スクロール）,外す（日本語の配信ではない）,,https://www.youtube.com/channel/UComInW10MkHJs-_vi4rHQCQ,【ARMORED CORE VI】it's rewind time【Dokibird】
166,椎名唯華 / Shiina Yuika,にじさんじ,913000,2026-08-28,0.83,1.0,ストラテジー,残す,,https://www.youtube.com/channel/UC_4tXjqecqox5Uc05ncxpxg,【 ほの暮しの庭 】夏は里帰り🌱バケモン村に冬が到来！！！！！！！ 【椎名唯華/にじさんじ】
167,じんざべす,,909000,2026-08-28,0.0,1.0,,外す（ゲーム動画なし）,,https://www.youtube.com/channel/UCvbtlfaAKHhPGtE-FcpqZXg,いろんな年齢のTNTで走り切れ！奥にまさかの。
168,渋谷ハル,Neo-Porte,904000,2026-08-28,0.5,1.0,アドベンチャー,残す,,https://www.youtube.com/channel/UChLfthKoUV502J7gU9STArg,【Detroit: Become Human】ずっとプレイしてみたかったゲームをやります 本当の最終回
169,おついちTube,実況グループ,899000,2026-08-27,0.7,1.0,アドベンチャー,残す,,https://www.youtube.com/channel/UC6KnFuHBByTI20VENcsoNjg,【日本事故物件監視協会3 -Japan Stigmatized Property-】👻皆さん、監視のお時間です。【おつい
170,わいちゃんねる@新兎わい,個人勢,894000,2026-08-22,0.74,0.95,アドベンチャー,残す,,https://www.youtube.com/channel/UCGV96w_TwvyCDusr_tmcu8A,【At Dead Of Night】ガチの最恐ホラーをやる！！夏はホラー！
171,VOLTACTION,にじさんじ,879000,2026-08-27,0.4,0.8,アドベンチャー,残す,,https://www.youtube.com/channel/UCNRh9kkByBTYLo0IJupnAug,VOLTACTION - 【Performance Video】Seven Days
172,アルス・アルマル -ars almal- 【にじさんじ】,にじさんじ,871000,2026-08-28,0.45,1.0,アドベンチャー,残す,,https://www.youtube.com/channel/UCdpUojq0KWZCN9bxXnZwz5w,＃06【ゼルダの伝説 ムジュラの仮面】完全初見プレイ♦海エリア♦グレートベイの神殿【アルス・アルマル/にじさんじ】
173,甘狼このみ / AmakamiKonomi🐺🍫,ミリプロ,867000,2026-08-27,0.33,1.0,,残す,,https://www.youtube.com/channel/UCbntVBSebvO5zT3cQYIxbWQ,【Risdom / リズダム】ゲームにこのが登場！？！？自分を引いてプレイするぞーーーー！！！！【#あまかみらいぶ】
174,PlayStation Japan,,867000,2026-08-28,0.45,0.91,RPG,残す,,https://www.youtube.com/channel/UCaghC0OZwAdidMrbvxkcrPg,『風燕伝：Where Winds Meet』不見山本章最終章【高き空に、誰と舞う】初公開予告映像
175,Kanade Ch. 音乃瀬奏 ‐ ReGLOSS,hololive DEV_IS,862000,2026-08-27,0.54,0.92,シミュレーション,残す,,https://www.youtube.com/channel/UCWQtYtq9EOB4-I5P-3fh8lA,【 歌枠 】久しぶりの横型うた【音乃瀬奏】#hololiveDEV_IS #ReGLOSS
176,フジ工房,,862000,2026-08-28,0.9,1.0,アクション（横スクロール）,残す,,https://www.youtube.com/channel/UCg94A9An85nXCFSguNx3gYA,ビキニのお姉さんに殴られる『ぼくのなつやすみ２』 #15
177,Met Channel / 小森めと ,ぶいすぽっ！,850000,2026-08-26,0.55,1.0,シューター,残す,,https://www.youtube.com/channel/UCzUNASdzI4PV5SlqtYwAkKQ,【 みんゴル | VCC GOLF 】( ＾O＾ )ノイエー！【 ぶいすぽっ！ / 小森めと 】
178,ブラックナイト山田,,849000,2026-08-23,0.7,1.0,アドベンチャー,残す,,https://www.youtube.com/channel/UCCC7cPlaraQtAVGph5hU4Xw,AIにゲーム画面を見せて、一緒にホラゲーをプレイした結果　【雪葬】
179,TIE Ru,,848000,2026-08-27,1.0,1.0,シューター,残す,,https://www.youtube.com/channel/UCY_qQE1SSMciTm6qG4pgkfg,新スナイパー『INTERDICTOR』がカッコ良すぎてヤバい！ 早速SR世界1位が無双してみた | Battlefiel
180,SANNINSHOW,実況グループ,842000,2026-08-28,0.69,1.0,シューター,残す,,https://www.youtube.com/channel/UCtmXnwe5EYXUc52pq-S2RAg,#8【くっちゃべり】2026年8月26日【雑談】
181,CapcomChannel,,842000,2026-09-10,0.0,1.0,,外す（ゲーム動画なし）,,https://www.youtube.com/channel/UCyuEAZQzRqhcaLZvQd9ZUNA,9月10日(木)よる7時30分からモンハン部のラジオとカプコンTVチャレンジ‼がコラボ配信！
182,フレン・E・ルスタリオ,にじさんじ,839000,2026-08-27,0.0,1.0,,外す（ゲーム動画なし）,,https://www.youtube.com/channel/UCuep1JCrMvSxOGgGhBfJuYw,Twitterでおもろすぎるってバズってたゲームやるぞ！with めちゃかわ♡【にじさんじ】
183,Horcus,,830000,2026-08-27,1.0,0.0,,外す（日本語の配信ではない）,,https://www.youtube.com/channel/UCedEX8328ZDU9Yn_PUge-ow,Es DEMASIADO FÁCIL SUBIR de RANGO con CHAMBER 🏆 | Horcus Val
184,ガチャピンちゃんねる【公式】,,823000,2026-09-19,0.3,1.0,,残す,,https://www.youtube.com/channel/UCxx49bVTrbx4_vcMden64iQ,どろぼうだぁぁぁぁ！！お外へ遊びにいく時はとじまりをしっかりしよう！#教養 #防犯 #泥棒
185,しにがみの巣,追加指定,817000,2025-12-29,0.25,1.0,,残す,,https://www.youtube.com/channel/UC6tZGCKIrKe4OYREY8ytQXQ,まだまだ語りたい日常祭2025
186,天宮 こころ / Amamya Ch.,にじさんじ,811000,2026-08-25,0.13,1.0,シューター,残す,,https://www.youtube.com/channel/UCkIimWZ9gBJRamKF0rmPU8w,✯┊あみゃみーVSうみゃみー┊互いの絆と理解度で戦え！2vs2連想ゲーム「コードネーム」〖 天宮こころ / ミラン・水面
187,胡桃のあ,ぶいすぽっ！,811000,2026-08-26,0.88,1.0,シューター,残す,,https://www.youtube.com/channel/UCIcAj6WkJ8vZ7DeJVgmeqKw,【 APEX 】お昼ご飯食べる前にちょっとだけやろ🎵【 ぶいすぽっ！胡桃のあ 】
188,緑仙 / Ryushen,にじさんじ,809000,2026-08-27,0.0,0.94,,外す（ゲーム動画なし）,,https://www.youtube.com/channel/UCt5-0i4AVHXaWJrL8Wql3mw,歌枠 ｜ 涼宮ハルヒシリーズのキャラクターソングを歌います🐼💭
189,Mel Channel 夜空メルチャンネル,ホロライブ,808000,,,,,外す（取得できず）,,https://www.youtube.com/channel/UCD8HOxPs4Xvsm8H0ZxXGiBw,
190,Anya Melfissa Ch. hololive,,802000,2026-08-26,0.9,0.5,ストラテジー,残す,,https://www.youtube.com/channel/UC727SQYUvx5pDDGQpTICNWg,【#FutureGamesShow】MIRROR WATCHALONG STREAM!!! ミラーありの同時視聴【hol
191,のばまんゲームス,,797000,2026-08-29,0.43,1.0,アドベンチャー,残す,,https://www.youtube.com/channel/UCTW2tw0Mhho72MojB1L48IQ,屁理屈裁判！口の強さだけで戦うトマスコたち【Guilty as Sock】
192,mkのゲーム実況ch,,796000,2026-09-04,0.65,1.0,ノベル,残す,,https://www.youtube.com/channel/UC3zvpj9UofluXwD33vAkTDw,すりみ連合3人のキズナをMAXにしたら最高のイベントが!!強化された奥義を使いまくれ!!Switch2で最速実況Part
193,くっきー ! の引田くっきー !,,787000,2026-09-13,0.25,1.0,,残す,,https://www.youtube.com/channel/UCqQCfFDTU0RhhbRI1aBDU6A,【番宣募集】くっきー！とドライブデート
194,本間ひまわり - Himawari Honma -,にじさんじ,786000,2026-08-28,0.28,1.0,RPG,残す,,https://www.youtube.com/channel/UC0g1AE0DOjBYnLhkgoRWN1w,꒰日本事故物件監視協会 / JSP꒱　つよつよ⁉なふたりで実在する事故物件を監視する～🍓🌻　˹ 本間ひまわり / いちご
195,しろくる,,782000,2026-09-17,1.0,1.0,,残す,,https://www.youtube.com/channel/UCle3bhQ-tZty8KNcACbUBZQ,【トラップ】なぜ #homeクラ【マイクラ】
196,そらびび,,780000,2026-09-02,0.6,1.0,,残す,,https://www.youtube.com/channel/UCYyhPzwpGe-CvZgfPmgGgBg,2人で学校の異変を探し回ったらアホほど笑った。
197,鈴原るる【にじさんじ所属】,にじさんじ,775000,2026-08-26,0.45,1.0,シミュレーション,残す,,https://www.youtube.com/channel/UC_a1ZYZ8ZTXpjg9xUY9sj8w,【星のカービィ64】懐かしの神ゲー！！あそぼおおおおおおおッ！！！！！！　【にじさんじ/鈴原るる】
198,マグロヘッド,,774000,2026-09-02,1.0,1.0,RPG,残す,,https://www.youtube.com/channel/UCjJmYy279ehSYSwR1A3fXtA,【エンフィ】限定★６「ティフォロス」は強いのか？無凸で解説します。性能/武器/防具/PT編成…全てが分かる！【アークナイ
199,ブリとカワウソ,,773000,2026-08-26,0.56,1.0,シミュレーション,残す,,https://www.youtube.com/channel/UCmL3pj3jPTV13lnz-d6DTxw,"【新企画】ダーツ刺さったところでスマブラ3勝するまで帰れない""スマブラダーツの旅""がまさかの結末に…"
200,一ノ瀬うるは,ぶいすぽっ！,772000,2026-08-27,1.0,1.0,シューター,残す,,https://www.youtube.com/channel/UC5LyYg6cCA4yHEYvtUsir3g,【Minecraft】#ぶいすぽマイクラ夏祭り2026 ついに来た！みんなでまわる🎇【ぶいすぽ/一ノ瀬うるは】
201,コロンボさん GAMES,,764000,2026-08-29,0.69,1.0,アドベンチャー,残す,,https://www.youtube.com/channel/UCSg7bVWzGepb4Agt84anSOA,【最新トレーラー】ポピープレイタイムの『新作ゲーム』新映像を解説します！【PoppyPlaytime EscapeFro
202,ありさか/Arisakaaa,ストリーマー,758000,2026-08-26,0.8,1.0,シューター,残す,,https://www.youtube.com/channel/UCLLuaTElO1eRGOo2qc_Rdsw,ピーク待ち練習のはずがいつの間にかピークの芸術点を競う遊びになってて爆笑するありさか【CR REVIVE/Valoran
203,Ririka Ch. 一条莉々華 ‐ ReGLOSS,hololive DEV_IS,755000,2026-08-26,0.31,0.94,RPG,残す,,https://www.youtube.com/channel/UCtyWhCj3AqKh2dXctLkDtng,キッズのお守りなら、まかせてください✋ #ホーローバーガー【一条莉々華/hololive DEV_IS　ReGLOSS】
204,花芽すみれ / Kaga Sumire,ぶいすぽっ！,755000,2026-08-27,0.77,1.0,ポイントクリック,残す,,https://www.youtube.com/channel/UCyLGcqYs7RsBb3L0SJfzGYA,【Minecraft】みんなで周るぞ～🎆🍧#ぶいすぽマイクラ夏祭り2026【ぶいすぽっ！/花芽すみれ】
205,Vivi Ch. 綺々羅々ヴィヴィ - FLOW GLOW,hololive DEV_IS,751000,2026-08-28,0.27,1.0,ストラテジー,残す,,https://www.youtube.com/channel/UCGzTVXqMQHa4AgJVJIVvtDQ,【 ぷよテト 】マリちゃんぷよぷよ教えてください！【#綺々羅々ヴィヴィ #hololiveDEV_IS #FLOWGLO
206,Su Ch. 水宮枢 - FLOW GLOW,hololive DEV_IS,747000,2026-08-28,0.6,1.0,シミュレーション,残す,,https://www.youtube.com/channel/UCjk2nKmHzgH5Xy-C5qYRd5A,【バイオハザードレクイエム】ホラゲ苦手が行くバイオ9初見❕#1 【水宮枢／ホロライブDEV_IS】※ネタバレ有
207,甲斐田 晴 / Kaida Haru【にじさんじ】,にじさんじ,742000,2026-08-27,0.25,1.0,,残す,,https://www.youtube.com/channel/UCo2N7C-Z91waaR6lF3LL_jw,【#にじメンマイクラ】屋敷の手入れしたり新しいもの作ったり【甲斐田晴/にじさんじ】
208,ぽんぽこちゃんねる,個人勢,742000,2026-08-27,0.05,1.0,ポイントクリック,残す,,https://www.youtube.com/channel/UC1EB8moGYdkoZQfWHjh7Ivw,【南アジア】一度食べたら戻れない！？スリランカにある中毒性がヤバいカレー店へ潜入します！！
209,三枝明那 / Saegusa Akina,にじさんじ,738000,2026-08-20,0.1,1.0,ストラテジー,残す,,https://www.youtube.com/channel/UCNW1Ex0r6HsWRD4LCtPwvoQ,めっちゃカメレオン　ソロ　←エペを二人でやる【三枝明那 / にじさんじ】
210,える / Elu【にじさんじ】,にじさんじ,735000,2026-08-28,1.0,1.0,RPG,残す,,https://www.youtube.com/channel/UCYKP16oMX9KKPbrNgo_Kgag,【ほの暮しの庭】#12｜クリア後2年目夏下旬~ 最強スプリンクラー完成そして遂にリンの好感度がMAXに・・・※ネタバレあ
211,DLT,,733000,2026-09-22,0.2,0.0,シューター,外す（日本語の配信ではない）,,https://www.youtube.com/channel/UC0z17SJ3bP5wEkG7x1ekhrg,تحدي النجاة من المصنع مع أنس. 
212,Meloco Kyoran【NIJISANJI EN】,,728000,2026-08-24,0.18,1.0,アドベンチャー,残す,,https://www.youtube.com/channel/UChKXd7oqD18qiIYBoRIHTlw,【龍が如く7￤Like a Dragon】IKZ 舞台は異人町コーフンするじゃねぇか【NIJISANJI EN￤Melo
213,Ao Ch. 火威青 ‐ ReGLOSS,hololive DEV_IS,719000,2025-09-08,0.0,1.0,,外す（1年以上更新なし）,,https://www.youtube.com/channel/UCMGfV7TVTmHhEErVJg1oHBQ,【低音女子が歌ってみた】モエチャッカファイア【火威青 】#hololiveDEV_IS #regloss
214,GON,,718000,2026-09-21,0.18,1.0,アドベンチャー,残す,,https://www.youtube.com/channel/UCEeEFug3M-aQ62H8LOQt-YQ,このボスの仕様に初見で気付ける小学生はいない
215,Nimi Nightmare,海外VTuber,717000,2026-08-28,0.56,0.0,RPG,外す（日本語の配信ではない）,,https://www.youtube.com/channel/UCIfAvpeIWGHb0duCkMkmm2Q,"【Shelves & Sorcery】 Cleaning up 3,000 magic items that fell "
216,ぽへチャンネル,,717000,2026-08-30,0.7,1.0,,残す,,https://www.youtube.com/channel/UCu0HaR1uI4R8gbdHnd5GWAQ,ランクマとREJECT杯、両方で活躍した神ポケ「メガヘラクロス」【ポケモンチャンピオンズ】【ゆっくり実況】
217,Macoto ASMR まこと。,個人勢,716000,2026-07-28,0.1,1.0,ポイントクリック,残す,,https://www.youtube.com/channel/UCwSOARsvB-Qa6PtuYyK74dA,"[ASMR/囁き] 温度感じる囁きでゾクゾクが凄い♡耳かき雑談/睡眠/作業用 Whispering, Talking【K"
218,関優太,ストリーマー,714000,2026-08-26,0.85,1.0,シューター,残す,,https://www.youtube.com/channel/UC2j4lymo8Ce_1RXMeo4afcQ,遅刻のおにやを待つ間に、分からん●しでSPYGEAの心を粉々に粉砕する関優太【ストリートファイター6】
219,ニュイ・ソシエール //[Nui Sociere],にじさんじ,708000,2026-08-27,0.67,1.0,アドベンチャー,残す,,https://www.youtube.com/channel/UCUc8GZfFxtmk7ZwSO7ccQ0g,【Lunch Lady】みんなで学校に忍び込んでテストの答えパクるぞ😁💪 #ちちげやまいもと 【ニュイ・ソシエール視点 
220,西園チグサ / Nishizono Chigusa,にじさんじ,707000,2026-08-27,0.42,1.0,,残す,,https://www.youtube.com/channel/UCkngxfPbmGyGl_RIq4FA3MQ,【 原神 】魔神任務 第七章 第二幕「死魂の夜想曲」く、くる！（神回確定演出）【 にじさんじ / 西園チグサ 】
221,藍沢エマ / Aizawa Ema,ぶいすぽっ！,702000,2026-08-27,0.84,1.0,シューター,残す,,https://www.youtube.com/channel/UCPkKpOHxEDcwmUAnRpIu-Ng,【#ぶいすぽマイクラ夏祭り2026】いよいよ夏祭り！楽しむぞ～～！【ぶいすぽっ！/ 藍沢エマ】
222,今日ポケch.,,702000,2026-09-26,0.17,1.0,,残す,,https://www.youtube.com/channel/UCmnZL4tFRl4sm-uJOxTLHmg,【本気】ポケモン廃人が「1週間ポケモンだけの生活」やってみた
223, ニート部,,701000,2026-09-12,0.5,1.0,ストラテジー,残す,,https://www.youtube.com/channel/UCFQu6Q-9LAS3KoEuRDNkzGA,【配信中】ニート部フェス直前！24時間リレー配信開催決定！【#ニート部24hリレー配信】
224,P-Pチャンネル,,699000,2026-09-10,0.62,1.0,,残す,,https://www.youtube.com/channel/UCl3YbIGrWGUFoyx50-AFYig,ついにニンダイデビューした男と見る『Nintendo Direct 2026.9.9』
225,おおはらMEN / ドズル社,追加指定,698000,2026-08-28,0.45,1.0,,残す,,https://www.youtube.com/channel/UCJk7u2v3Ib7M0e-k8TWPx5Q,みんなでアイテム15万個集めるまで終われません！【ファーストペンギン/おおはらMEN視点】
226,Rica Ch. / 花宮莉歌,個人勢,697000,2026-08-26,0.25,1.0,RPG,残す,,https://www.youtube.com/channel/UCz4jhqrCfthF8NnldZeK_rw,【日本事故物件監視協会３】実在する事故物件を監視するバイト始めます【#花宮莉歌】
227,音ノ乃のの / NononoNono,ミリプロ,694000,2026-08-27,0.12,0.94,,残す,,https://www.youtube.com/channel/UCqe0-vqZwAvZUb22wCMu1fA,【雑談】歌について┊︎#音ノ乃のの #ののん家
228,ジャック・オ・蘭たん,たろちん指定,693000,2026-08-22,0.9,1.0,アドベンチャー,残す,,https://www.youtube.com/channel/UCMzLWawc9x3rUsqYDEfgqzA,魔法少女たちのコロシアイ生活｜【Switch版】魔法少女ノ魔女裁判  #26
229,【公式】TBS スポーツ,,682000,2026-09-24,0.11,1.0,格闘,残す,,https://www.youtube.com/channel/UCzrG47dhJ8vZyc5uEzSIh7A,【LIVE】ポケモンユナイト グループステージ【#アジア大会 愛知・名古屋 Eスポーツ競技】
230,周央 サンゴ / Suo Sango【にじさんじ】,にじさんじ,679000,2026-08-26,0.0,1.0,,外す（ゲーム動画なし）,,https://www.youtube.com/channel/UCL_O_HXgLJx3Auteer0n0pA,【ぼくのなつやすみ４】８月１４日～　曲を選ぶドン…さあ、はじまるドン！！！【瀬戸内少年探偵団「ボクと秘密の地図」】【周央
231,ドコムスチャンネル,,677000,2026-08-27,0.5,1.0,,残す,,https://www.youtube.com/channel/UCc-PPk-lNe34JaWCcJQCL0g,【生放送】「トモダチコレクション わくわく生活」実況プレイ 第１８回
232,HikacGamesヒカックゲームズ,,677000,2026-08-31,0.75,1.0,シミュレーション,残す,,https://www.youtube.com/channel/UCia0Mw96B-yNYRka1J_mAsQ,【3年縛り】最終回。最強の大谷翔平と共に、最強チームを作るぞ # 4【栄冠ナイン 26-27】
233,猫汰つな / Nekota Tsuna,ぶいすぽっ！,666000,2026-08-27,0.9,1.0,シューター,残す,,https://www.youtube.com/channel/UCIjdfjcSaEgdjwbgjxC3ZWg,【Minecraft】ぶいすぽ夏祭り！メンバーと周ります🎆【ぶいすぽ / 猫汰つな】
234,ジョー・力一 Joe Rikiichi,にじさんじ,665000,2026-08-27,0.0,1.0,,外す（ゲーム動画なし）,,https://www.youtube.com/channel/UChUJbHiTVeGrSkTdBzVfNCQ,花畑チャイカのキ🟡タマ2トントークと最低のDr.ST🟡NE【ジョー・力一/にじさんじ】
235,八雲べに,ぶいすぽっ！,663000,2026-08-27,0.83,1.0,シューター,残す,,https://www.youtube.com/channel/UCjXBuHmWkieBApgBhDuJMMQ,【Minecraft】 ぶいすぽ夏祭り🎇皆でまわるよーー【ぶいすぽ/八雲べに】
236,渡会雲雀 / Watarai Hibari,にじさんじ,662000,2026-08-23,0.79,1.0,シューター,残す,,https://www.youtube.com/channel/UC4l9gz3q65lTBFfFtW5LLeA,"【How to fish】釣りして、バカして生き残れ！ w/KNT,れお【渡会雲雀/にじさんじ】"
237,Niko Ch. 虎金妃笑虎 - FLOW GLOW,hololive DEV_IS,661000,2026-08-27,0.0,1.0,,外す（ゲーム動画なし）,,https://www.youtube.com/channel/UCuI_opAVX6qbxZY-a-AxFuQ,Magia／森カリオペ×ネリッサ・レイヴンクロフト×虎金妃笑虎(cover)
238,桜ころみん coromin Ch,個人勢,656000,2026-08-27,0.94,1.0,,残す,,https://www.youtube.com/channel/UCmZA7XRRzmxhM4jPltZX1Zg,さすがに今日は出る！アセンダンスに向けてゴグマジオスで強い武器作るよ！！【モンハンワイルズ】
239,健屋花那【にじさんじ】KanaSukoya,にじさんじ,655000,2026-08-26,0.41,1.0,シューター,残す,,https://www.youtube.com/channel/UC8C1LLhBhf_E2IBPLSDJXlQ,【雑談】30分だけリハビリ雑談【健屋花那/にじさんじ】
240,かにぱんのおへや,,653000,2026-08-31,1.0,1.0,アクション（横スクロール）,残す,,https://www.youtube.com/channel/UCBUz70F8px0mOrnnpujgLdw,異変しか入れない『激ムズ動物病院』で100日間働こうとした結果...【ロブロックス/roblox】
241,SHINGO(しんご),,646000,2026-09-14,0.0,1.0,,外す（ゲーム動画なし）,,https://www.youtube.com/channel/UCdnEjx9Y8lDyF3RvaiKiP1g,大炎上してる件について。
242,でびでび・でびる,にじさんじ,645000,2026-08-25,0.26,1.0,シミュレーション,残す,,https://www.youtube.com/channel/UCjlmCrq4TP1I4xguOtJ-31w,③ネタバレあり！パラノマサイト file38 伊勢人魚物語【でびでび・でびる/にじさんじ】
243,ティアロ疾風伝,,645000,2026-08-26,0.0,1.0,,外す（ゲーム動画なし）,,https://www.youtube.com/channel/UCq_amabHgN8_Y5eXYRQOo1w,【閲覧注意】夏休みの宿題を何もやらない小学生…リアルな最終日に密着したら地獄すぎた。
244,Projekt Melody,海外VTuber,640000,2026-08-24,0.07,0.0,RPG,外す（日本語の配信ではない）,,https://www.youtube.com/channel/UC1yoRdFoFJaCY-AGfD9W0wQ,Hope for the Day 🧭 Charity Event: Pratfall w/Friends ❤️
245,CombatRy,,640000,2026-08-26,0.9,0.0,,外す（日本語の配信ではない）,,https://www.youtube.com/channel/UCbH-YyF3EItOC73yWn2F_5w,TÜM RANKLARDAN YORU mainlere KARŞI YORU oynadım! Valorant
246,中村悠一,,635000,2026-08-27,0.0,0.95,,外す（ゲーム動画なし）,,https://www.youtube.com/channel/UC3eYAvjCVwNHgkaGbXX3sig,杉田さんとおしゃべり
247,葉山舞鈴 / Ohayama Ch.,にじさんじ,634000,2026-08-27,0.88,1.0,RPG,残す,,https://www.youtube.com/channel/UCfipDDn7wY-C-SoUChgxCQQ,【 KINGDOM HEARTS FINAL MIX 】ハロウィンタウン👻から！王覇山、新たなる冒険のはじまり🔑（ どん
248,ラトナ・プティ -Ratna Petit -にじさんじ所属,にじさんじ,628000,2026-08-27,0.63,1.0,シューター,残す,,https://www.youtube.com/channel/UCIG9rDtgR45VCZmYnd-4DUw,【OW】にじさんじカスタム出場 w/【ラトナ・プティ/にじさんじ】
249,シスター・クレア -SisterClaire-,にじさんじ,627000,2026-08-27,0.33,1.0,シューター,残す,,https://www.youtube.com/channel/UC1zFJrfEKvCixhsjNSb1toQ,【第四境界×にじさんじ】わたしはホラーが無理すぎるライバーです。【にじさんじ/シスター・クレア】
250,ましろ,にじさんじ,626000,2026-08-25,0.44,1.0,シミュレーション,残す,,https://www.youtube.com/channel/UCS-XXTgVkotkbkDnGEprXpg,【閲覧注意】  あなたの推しライバーが残酷な〇に方をする恐れがあります 【Lobotomy Corporation】18
251,Chihaya Ch. 輪堂 千速 - FLOW GLOW,hololive DEV_IS,622000,2026-08-28,0.81,1.0,RPG,残す,,https://www.youtube.com/channel/UCKMWFR6lAstLa7Vbf5dH7ig,【GT7】全国都道府県対抗eスポーツ選手権 予選参加いくぞ！！！！！【#輪堂千速 / #hololivedev_is #
252,夜乃くろむ / Yano Kuromu,ぶいすぽっ！,616000,2026-08-28,0.12,1.0,,残す,,https://www.youtube.com/channel/UCX4WL24YEOUYd7qDsFSLDOw,〖 Minecraft 〗🏮#ぶいすぽマイクラ夏祭り2026 。の巻〖 ぶいすぽっ！ / 夜乃くろむ 〗
253,stan616,,616000,2026-08-27,0.07,0.0,音ゲー,外す（日本語の配信ではない）,,https://www.youtube.com/channel/UCilAdwQlKOd17XJPHzVgY3A,🔵 FINISHING THE EXTERIOR 🔵 GTA 6 EXTENDED LOOK REACTION 🔵 BU
254,Old Jerstin,,615000,2026-08-25,1.0,0.0,シューター,外す（日本語の配信ではない）,,https://www.youtube.com/channel/UC1piJz95jYDurfzed2M74AA,Story Behind The Face Eaters In Resident Evil Village
255,にじさんじ公式切り抜きチャンネル【NIJISANJI Official Best Moments】,,614000,2026-08-28,0.0,0.0,,外す（切り抜き）,,https://www.youtube.com/channel/UC_T8F2CvqZOwa2kme0WwRhg,
256,加藤純一切り抜き集,,614000,2026-08-29,0.0,1.0,,外す（切り抜き）,,https://www.youtube.com/channel/UCH-lygWpHodDff3iQurnWnQ,【chapter2】DBDで鍛えたチェイス力を見せる中年【2026/08/27】
257,べるくら企画,,614000,2026-08-28,0.7,1.0,ストラテジー,残す,,https://www.youtube.com/channel/UCpXHIKytmA2RIHpDF3rp9EA,反射光線でゲート内居残りサバを絶望させるジャッジメント構成【デッドバイデイライト】　#DeadbyDaylightPar
258,茶々茶(chachacha),,610000,2026-09-10,0.67,1.0,,残す,,https://www.youtube.com/channel/UCfVvZGS8d2AFrvoX6zT5mDg,【本日発売】トルネコの大冒険　不思議のダンジョンのリマスターの新ダンジョン『不思議な声の導きダンジョン』 へ！インタラク
259,夜見れな/yorumi rena【にじさんじ所属】,にじさんじ,606000,2026-08-27,0.7,1.0,アドベンチャー,残す,,https://www.youtube.com/channel/UCL34fAoFim9oHLbVzMKFavQ,ファイアダンス￤ covered by 剣持刀也 × 夜見れな × 壱百満天原サロメ × 渚トラウト
260,魔界ノりりむ,にじさんじ,605000,2026-08-27,0.7,1.0,RPG,残す,,https://www.youtube.com/channel/UC9EjSJ8pvxtvPdxLOElv73w,〖 第１回 〗 🍼 #りりかる〇〇ラジオ SP 🥩〖にじさんじ￤魔界ノりりむ〗
261,ゆっくりK,,603000,2026-08-20,0.67,1.0,,残す,,https://www.youtube.com/channel/UCl0PsZoA01gZs5q9Osm1Ogg,【60万人突破耐久配信】アスレチックマインクラフト【Minecraft】【ゆっくりK】
262,スウィントと上田さん,,601000,2026-09-14,0.33,1.0,シミュレーション,残す,,https://www.youtube.com/channel/UCL0R1XeEqXW28FlYznzYVxg,【衝撃】アプデで追加された新コースがガチ勢によって1日で破壊されました。
263,竜胆 尊 / Rindou Mikoto,にじさんじ,595000,2026-08-26,0.23,1.0,アドベンチャー,残す,,https://www.youtube.com/channel/UCPvGypSgfDkVe7JG2KygK7A,【 JSP3┆日本事故物件監視協会3 】真夜中の監視員アルバイトじゃ【 竜胆 尊┆にじさんじ 】
264,エナメル巻きで食べるサラダ,,593000,2026-08-26,0.9,1.0,,残す,,https://www.youtube.com/channel/UCo1RH7pR_wdgY_9LKONxXvA,【ホロドリ】星屑カプセル[EXPERT 28]【hololive Dreams】
265,エクス・アルビオ -Ex Albio-,にじさんじ,589000,2026-08-27,0.75,1.0,RPG,残す,,https://www.youtube.com/channel/UCIytNcoz4pWzXfLda0DoULQ,効率厨がにじさんじメンズマイクラ鯖で目指せ全自動化！！『 Minecraft 』＃3【 エビオ/にじさんじ 】
266,天使うと,個人勢,587000,2026-08-26,0.25,0.95,シューター,残す,,https://www.youtube.com/channel/UCdYR5Oyz8Q4g0ZmB4PkTD7g,【ストリヌ】新加護システムで遊んだり、知らぬ間にに叶さんの財布になってる可能性に気付く天使うとｗ【叶/dtto./秋雪こ
267,伊東ライフ,個人勢,587000,2026-08-27,0.7,1.0,レース,残す,,https://www.youtube.com/channel/UCj_KuUzpOXAliYEesJwdrbw,伊東ライフのマシュマロお悩み相談室【地獄から帰ってきた】#伊東ライフ
268,がみくん,,583000,2026-09-01,1.0,1.0,,残す,,https://www.youtube.com/channel/UCqfELxLmasBwYET4ZAMfMqA,今日だけブルーロックとラブライブとアゲインガチャができる最高の日【がががの大冒険#65】【モンスト】
269,英リサ.Hanabusa Lisa,ぶいすぽっ！,579000,2026-08-27,0.75,1.0,シューター,残す,,https://www.youtube.com/channel/UCurEA8YoqFwimJcAuSHU0MQ,【#ぶいすぽマイクラ夏祭り2026】夏の最後の思い出【ぶいすぽっ！/英リサ】
270,令和ちゃんねる,,578000,2026-08-31,0.06,1.0,シューター,残す,,https://www.youtube.com/channel/UC070fhnqq38qNhqHm5rxTcQ,アーセナルVSザイオン（ヴィラ）みる枠
271,兄者のゲーム事務所,,574000,2026-08-28,0.95,1.0,シューター,残す,,https://www.youtube.com/channel/UCzSi25RJfQNtQzXNYQUAcNA,#15【KORD BREACH】兄者の貧乏PVE編「Escape from Tarkov」【2BRO.】
272,ぺいんと,,574000,2026-08-16,0.6,1.0,アドベンチャー,残す,,https://www.youtube.com/channel/UC_qzqv92T-tY9wMnLndGYSQ,【ストリヌ】最終日、無加護でなにする?【ぺいんと】#7
273,けんき,,574000,2026-09-14,0.0,1.0,,外す（ゲーム動画なし）,,https://www.youtube.com/channel/UCNicQVuAQJYlCQKEw1TKn1A,すべてを賭けた最後の海戦に爆笑するけんき
274,花畑チャイカ,にじさんじ,572000,2026-08-27,0.45,1.0,,残す,,https://www.youtube.com/channel/UCsFn_ueskBkMCEyzCEqAOvg,花畑チャイカとめちゃかわ連合と How to Fish なんでもありな魚釣り俺はかわいいで釣る
275,七次元生徒会,にじさんじ,572000,2026-08-28,0.0,1.0,,外す（ゲーム動画なし）,,https://www.youtube.com/channel/UCHRCp0CSacVnTVS2Z4x9xYg,ほんまやで☆なんでやねん☆しらんけど / 樋口楓×周央サンゴ×三枝明那×レオス・ヴィンセント
276,RTA in Japan,イベント,565000,2026-08-16,0.45,0.5,音ゲー,残す,,https://www.youtube.com/channel/UCV8gEA4XEycdFx-myEpokLg,Devil May Cry 5 | Stylish Speedrun Showcase Sixth Stage Summ
277,長尾 景 / Nagao Kei【にじさんじ】,にじさんじ,562000,2026-08-27,0.12,1.0,,残す,,https://www.youtube.com/channel/UCXW4MqCQn-jCaxlX-nn-BYg,【#にじさんじラジコンバトル】リアル〇ケット・リーグ！？最強のストライカーは誰の手に！！？【長尾景.にじさんじ】
278,ざき《役満Vtuber》,個人勢,561000,2026-08-26,0.77,1.0,,残す,,https://www.youtube.com/channel/UCxCDE6QpDCy8ZB3cVetRILw,【雀魂】大四喜・字一色・四暗刻単騎www バケモノ級の5倍役満！！
279,鷹宮リオン / Rion Takamiya,にじさんじ,560000,2026-08-27,0.74,1.0,RPG,残す,,https://www.youtube.com/channel/UCV5ZZlLjk5MKGg3L0n0vbzw,【ほの暮しの庭】chill生活1年目冬〜  #11【にじさんじ/鷹宮リオン】
280,ねるめろ / Nerumero,個人勢,559000,2026-08-28,0.23,1.0,,残す,,https://www.youtube.com/channel/UCiR6oBbZBlAuOLInDTMzYuw,『俺は オデット2凸のつもりでガチャしたんだが瑞希完凸できるなんて聞いてない』【原神Live】
281,加藤純一ロードショー,ストリーマー,558000,2026-09-07,0.55,1.0,シューター,残す,,https://www.youtube.com/channel/UCZetZElUvdElPrcstRjl9DA,加藤純一 雑談ダイジェスト【2026/09/06】「だらだらしてからﾍﾟｹｲﾒﾝ」
282,メイカちゃんねる,個人勢,557000,2026-08-28,0.83,1.0,シューター,残す,,https://www.youtube.com/channel/UC7-N7MvN5muVIHqyQx9LFbA,【ペルソナ5 ザ・ロイヤル】歪んだ善人を知る【歌衣メイカ】※ネタバレ注意
283,ちはやYT,,555000,2026-08-28,0.0,0.0,,要確認（長尺動画なし）,,https://www.youtube.com/channel/UCClxbBAfDbFUjQon8ZT-Jew,
284,ジャモジャムのゲーム実況!（jamojam）,,550000,2026-08-29,0.6,1.0,レース,残す,,https://www.youtube.com/channel/UCa5WCGUoJs2kBN6vsfzIPGA,GTA6のプレイ映像が異次元だった
285,ほぅ（Housan）,,545000,2026-08-29,0.9,1.0,アドベンチャー,残す,,https://www.youtube.com/channel/UCw8qhq-KW8I6iqsNH0_A41w,【GTA5】超大型救急車が登場！スーパーアンビュランスみたいな救急車を魔改造で作る！救急車とブリッケードを合体させる！ト
286,Mハシ,,543000,2026-09-10,0.06,1.0,シューター,残す,,https://www.youtube.com/channel/UCSePtzLFS9uHJKUGzs76w6Q,ランニングしようと思ったら雨だった【朝ハシ】
287,さんちゃんく！,,540000,2026-09-02,0.88,1.0,,残す,,https://www.youtube.com/channel/UC-Cuw7QXLjJd1lFQzp5AP-w,【マイクラ】村人になってみた…！？【マインクラフト】
288,ありけん【クラスに一人はいそうなデブCh】,,539000,2026-08-29,0.72,1.0,RPG,残す,,https://www.youtube.com/channel/UC3NHhO0wBaZ5OVxaabcDKrw,【SFL2026】RIDDLE大勝利！大将戦フルセットでの大逆転劇に大興奮のおじさん達【ストリートファイター6】
289,たまこ。Ch./あおぎり高校,あおぎり高校,535000,2026-08-23,0.16,1.0,ストラテジー,残す,,https://www.youtube.com/channel/UCt7_srJeiw55kTcK7M9ID6g,【めっちゃカメレオン】いっしょにあそぼう～～！！！！【視聴者参加型】
290,Residence of Evil,,535000,2026-08-25,0.89,0.0,アドベンチャー,外す（日本語の配信ではない）,,https://www.youtube.com/channel/UCCsvXKLa-DAgMPtVaVo51og,GAMESCOM OPENING NIGHT LIVE 2026 + X-FILES: RESIST OR SERVE 
291,Riona Ch. 響咲リオナ - FLOW GLOW,hololive DEV_IS,533000,2026-08-27,0.85,1.0,ストラテジー,残す,,https://www.youtube.com/channel/UC9LSiN9hXI55svYEBrrK-tw,【 7Days to Die 】そろそろ電気トラップに挑戦したい！！ #ホロ7大豆劇場 【ホロライブ DEV_IS 響咲
292,ホワイト,,531000,2026-08-27,0.67,1.0,シミュレーション,残す,,https://www.youtube.com/channel/UCWrzkvtK67ERj4RazUKU0RA,あまりにも胸糞悪すぎて全く怖くないホラーゲーム｜つぐのひ -天招ねく救いの糸-
293,さんど。【よろずや】,,529000,2026-09-20,1.0,1.0,,残す,,https://www.youtube.com/channel/UC61K1rlTcu3whbzjlHIa2dA,【バカゲー】自分の声を使って「バカな妹」に運転教えたら放送事故が起きましたｗｗｗ【妹に運転を教える】よろずや🍭
294,あくび・でもんすぺーど / Akubi Demonspade ,ミリプロ,528000,2026-08-26,0.11,1.0,,残す,,https://www.youtube.com/channel/UC5SSy3julTJHzmExQJjLUkw,いま暇～？はなそー＾＾【あくび・でもんすぺーど】
295,空澄セナ -Asumi Sena-,ぶいすぽっ！,526000,2026-08-27,0.4,1.0,シューター,残す,,https://www.youtube.com/channel/UCF_U2GCKHvDz52jWdizppIA,【Minecraft】ぶいすぽ夏祭り！当日！【空澄セナ/ぶいすぽっ！】
296,ピーナッツくん!オシャレになりたい!,個人勢,525000,2026-08-23,0.05,0.9,アクション（横スクロール）,残す,,https://www.youtube.com/channel/UCmgWMQkenFc72QnYkdxdoKA,ピーナッツくんのYoutube Music Weekendはこれをやるナッツ！
297,かみと-KamitoChannel-,個人勢,522000,2026-08-25,0.65,1.0,RPG,残す,,https://www.youtube.com/channel/UCgYCMluaLpERsyNXlPOvBtA,【Valheim】本気でクリアを目指すヴァルヘイム＃８【Kamito】
298,ゆきドラ,,521000,2026-09-23,0.0,1.0,,外す（ゲーム動画なし）,,https://www.youtube.com/channel/UCKaHnUgegkRlMaIP3-zS7uw,ガチギレ様vsあやとり様
299,dooby,個人勢,520000,2026-08-07,0.2,0.0,シューター,外す（日本語の配信ではない）,,https://www.youtube.com/channel/UC6T7TJZbW6nO-qsc5coo8Pg,Colorful Stage...aND TAMAGOTCHI!?!????🥚🎶
300,レオス・ヴィンセント / Leos.Vincent【にじさんじ】,にじさんじ,513000,2026-08-27,0.71,1.0,アドベンチャー,残す,,https://www.youtube.com/channel/UC-6rZgmxZSIbq786j3RD5ow,【栄冠ナイン3年縛り】2年目秋大会～　第6話 巡る思い、止まらない気持ち…【パワプロ2026】
301,Tomari Mari channel / 兎鞠まりちゃんねる,個人勢,512000,2026-08-28,0.45,1.0,アドベンチャー,残す,,https://www.youtube.com/channel/UCkPIfBOLoO0hVPG-tI2YeGg,【ロックマンX2】全然記憶にないから多分初見のロックマンX2後半戦リベンジやっていくぅ！【#とまライブ】
302,ヨシスタ,,511000,2026-08-29,1.0,1.0,,残す,,https://www.youtube.com/channel/UClNtYTKoT_1919SAejj8V5g,統合版ハードコアエンドラ討伐！！【マイクラ】
303,七海うらら*歌channel,個人勢,508000,2026-08-25,0.0,1.0,,外す（ゲーム動画なし）,,https://www.youtube.com/channel/UCpmSwekVKXnObCY7hpdHXdQ,【#ParallelShowSparkle 】七海うららZeppワンマン振り返り生配信 #うらすとりーむ
304,tttcheekyttt,,507000,2026-08-28,1.0,1.0,シューター,残す,,https://www.youtube.com/channel/UCQOsS5I8mof9H33QH4j49nA,【ドパガキ向け】CHEEKYがCARを使ってランクで暴れ回る動画【APEX】
305,Miori Celesta,個人勢,506000,2026-03-12,0.47,0.05,ストラテジー,外す（日本語の配信ではない）,,https://www.youtube.com/channel/UCyKsg-57XC9pyHbP7v3kCPQ,Kiss From a Rose (Acoustic cover)  - Miori Celesta
306,愛の戦士チャンネル,,505000,2026-09-06,0.5,1.0,RPG,残す,,https://www.youtube.com/channel/UClzY_2nmb6Lgq5ScgdTR_jQ,両腕にドラゴンを接ぎ木して最強になった小川【ELDEN RING:Switch2版】
307,ビートまりお / COOL&CREATE,個人勢,504000,2026-08-25,0.14,1.0,アクション（横スクロール）,残す,,https://www.youtube.com/channel/UClzpoRto1BJXaRGe9OkkGLQ,【耐久歌枠】めざせ50万人！東方、アニソン、J-POP色々歌うか～！！【#ビートまりお】
308,小柳ロウ / Koyanagi Rou【にじさんじ】,にじさんじ,502000,2026-08-28,0.9,1.0,シューター,残す,,https://www.youtube.com/channel/UC6WFKwYptsxVue56Lx218vg,【APEX】14時までヴァ【小柳ロウ/にじさんじ】
309,KONAMI公式,,502000,2026-08-27,1.0,0.5,シューター,残す,,https://www.youtube.com/channel/UCWSPqhLRvqjC-vLYA5_n4LQ,Overview Trailer - METAL GEAR SOLID: MASTER COLLECTION Vol.2
310,花芽なずな / Nazuna Kaga,ぶいすぽっ！,501000,2026-08-27,0.85,1.0,RPG,残す,,https://www.youtube.com/channel/UCiMG6VdScBabPhJ1ZtaVmbw,【マインクラフト】ぶいすぽ夏祭り本番！みんなの出し物を楽しむ【ぶいすぽ/花芽なずな】
311,なつめさんちのゲーム実況,,500000,2026-08-26,0.0,1.0,,外す（ゲーム動画なし）,,https://www.youtube.com/channel/UCVXghprWNKnQJ00jgZWlnSw,プロ絵師なので「ヒカキンさんの顔になりたい」めっちゃカメレオン
312,柊ツルギ / Hiiragi Tsurugi,Neo-Porte,499000,2026-08-28,0.55,1.0,シューター,残す,,https://www.youtube.com/channel/UCWnQDjlXTLDyYowc3LaHyJQ,ぶいすぽの中で誰とタコパしたいかで大盛り上がりの3人ｗｗｗｗ【タルコフ】
313,星導ショウ / Hoshirube Sho【にじさんじ】,にじさんじ,498000,2026-08-27,0.58,1.0,シミュレーション,残す,,https://www.youtube.com/channel/UCgZ0pH7j6c9z-pkOG3PYw1Q,もうオーバーウォッチ2じゃないらしいよにじさんじカスタム【星導ショウ/にじさんじ】
314,四季凪アキラ / Shikinagi Akira,にじさんじ,497000,2026-08-27,0.75,1.0,アドベンチャー,残す,,https://www.youtube.com/channel/UCcDDxnoQcezyTUzHg5uHaKg,【#にじメンマイクラ】ハチを探しにいくぞ！！！！！！ #05【四季凪アキラ】
315,やぎさん,,497000,2026-08-28,0.69,1.0,,残す,,https://www.youtube.com/channel/UCdg6QfeRTKRrMfxmxZEyvkQ,【マイクラ映画】AIロボット『ガガピー』が暴走した結果…
316,shu3,たろちん指定,495000,2026-08-15,0.17,1.0,格闘,残す,,https://www.youtube.com/channel/UCO-n0T-9rJ4f6smFPK3vFiQ,【超検証】第２０弾達成記念ふりかえり
317,ひなたチャンネル (Hinata Channel),個人勢,494000,2026-08-23,0.05,1.0,アクション（横スクロール）,残す,,https://www.youtube.com/channel/UCevD0wKzJFpfIkvHOiQsfLQ,【#なかよくうたおうアニマル歌枠リレー】ボク不器用だけど、盛り上げてしっかりバトンを渡します！【猫宮ひなた】
318,ベルモンド・バンデラス,にじさんじ,493000,2026-08-27,0.47,1.0,シミュレーション,残す,,https://www.youtube.com/channel/UCbc8fwhdUNlqi-J99ISYu4A,【#にじメンマイクラ】#6 失われたお宝を取り戻す旅【ベルモンド・バンデラス/にじさんじ】
319,神成きゅぴ / Kaminari Qpi,ぶいすぽっ！,492000,2026-08-25,0.84,1.0,シューター,残す,,https://www.youtube.com/channel/UCMp55EbT_ZlqiMS3lCj01BQ,【STREET FIGHTER 6】喉ずっと治らんけど、ついに今日からやね・・SFL！【ぶいすぽっ！/神成きゅぴ】
320,とりっぴぃ,,492000,2026-09-02,0.2,1.0,アドベンチャー,残す,,https://www.youtube.com/channel/UCWy0kYBwxxHrCThhUwL_M2w,おバカ2人で挑むリアル謎解き脱出ゲーム！！心霊スポット『怨霊銭湯』からの脱出を目指せ！！！！【とりっぴぃ/愛の戦士】
321,TOKYO MX,,492000,2026-09-20,0.0,1.0,,外す（ゲーム動画なし）,,https://www.youtube.com/channel/UC4dQUfQeA-Jy2T_C-Jdf5rw,【田村淳のキキタイ！】熊本地震で見えた日本の防災課題 11月設置『防災庁』はどうなる？（2026年9月19日放送「今週の
322,TheJoCraft,,491000,2026-08-24,0.47,0.0,シミュレーション,外す（日本語の配信ではない）,,https://www.youtube.com/channel/UCt9i_ht4i8Q7vtGTO42PgTg,CRAFT ATTACK 14 | Dieses Projekt wird das BESTE und gab es S
323,こまるCh. - Komaru Kurikoma -/あおぎり高校,あおぎり高校,487000,2026-08-28,0.25,1.0,アドベンチャー,残す,,https://www.youtube.com/channel/UCXXnWssOLdB2jg-4CznteAA,#amongus 3D　【  お・・・お友達、できるかな！？  】 #あおぎり高校  #栗駒こまる  #vtuber
324,苑楽アソビ【びじぱと】,個人勢,486000,2026-08-26,0.0,1.0,,外す（ゲーム動画なし）,,https://www.youtube.com/channel/UCcgspKfdWRiCKtJ1E1pAWwA,同接×10円、全部お前らに返します。
325,VALORANT // JAPAN,,485000,2026-08-31,0.11,0.11,,外す（日本語の配信ではない）,,https://www.youtube.com/channel/UCzVgCrOcBAWYEHTtVOMPAtw,Laz vs 宇野昌磨 BOT対決！！ #valorant #宇野昌磨 #laz
326,懲役太郎チャンネル,個人勢,483000,2026-08-21,0.0,0.95,,外す（ゲーム動画なし）,,https://www.youtube.com/channel/UC0e6zo8oX6ISSBjPaSZsjeA,千葉豪雨と熊本地震
327,Zentreya,海外VTuber,482000,2026-08-28,0.33,0.0,シューター,外す（日本語の配信ではない）,,https://www.youtube.com/channel/UCVLsPBwDtv7n7FZLiOsvhSQ,[ JAPAN TOUR IN ODAIBA ] I BROUGHT MY FRIENDS ON A TRIP TO J
328,赤見かるび / Karubi Akami,ストリーマー,482000,2026-10-06,0.0,0.0,,要確認（長尺動画なし）,,https://www.youtube.com/channel/UCWV9E1l5YItrPEAWHoNmieQ,
329,栞葉るり / Shioriha Ruri【にじさんじ】,にじさんじ,479000,2026-08-28,0.42,1.0,アドベンチャー,残す,,https://www.youtube.com/channel/UC7_MFM9b8hp5kuTSpa8WyOQ,【biohazard 4】#7  夏はバイオ（夏は夜）【栞葉るり / にじさんじ】
330,葉加瀬 冬雪 / Hakase Fuyuki,にじさんじ,478000,2026-08-27,0.17,1.0,アクション（横スクロール）,残す,,https://www.youtube.com/channel/UCGYAYLDE7TZiiC8U6teciDQ,【遊戯王マスターデュエル】巳剣ホルス勉強会（視聴者参加型）【にじさんじ / 葉加瀬冬雪】
331,紫宮るな /shinomiya runa,ぶいすぽっ！,478000,2026-08-27,0.59,1.0,シューター,残す,,https://www.youtube.com/channel/UCD5W21JqNMv_tV9nfjvF9sw,【 Minecraft 】ぶいすぽ夏祭りキターーーーー！！！#ぶいすぽマイクラ夏祭り2026【 ぶいすぽっ！/紫宮るな 
332,天羽しろっぷ 【Amau Syrup】,個人勢,477000,2026-08-27,0.33,1.0,,残す,,https://www.youtube.com/channel/UCDxHeaaTTRVgb2Pa2rQXSPw,夏感じたい子、おいで。【#マイクラなつにっき】　#マイクラ　#天羽しろっぷ
333,3SKM,にじさんじ,474000,2026-08-27,0.0,0.8,,外す（ゲーム動画なし）,,https://www.youtube.com/channel/UCiphSlsDcJJQ7mDqR9Q3SdA,【ソウルVlog】3人でソウル満喫！キンパを作ってKPOPダンスを踊ってみた！【3SKM】韓国語字幕あり
334,舞元啓介,にじさんじ,471000,2026-08-26,0.45,1.0,格闘,残す,,https://www.youtube.com/channel/UCJubINhCcFXlsBwnHp0wl_g,【Lunch Lady】ちちげやまいもとでホラゲー連れ回され男【にじさんじ/舞元啓介】
335,Aoi ch.,個人勢,471000,2026-08-26,0.05,1.0,アクション（横スクロール）,残す,,https://www.youtube.com/channel/UC3Ruo_5doyu514PesWGvCAg,ティッシュと割りばしで作った線香花火で、夏。
336,レイン・パターソン／Lain Paterson【にじさんじ】,にじさんじ,469000,2026-08-28,0.75,1.0,,残す,,https://www.youtube.com/channel/UCRm6lqtdxs_Qo6HeL-SRQ-w,【ブルーアーカイブ】第2部 Ex.「ロア追跡」編 第1章【 レイン・パターソン/にじさんじ 】
337,笑顔ニコ ,,467000,2026-09-06,1.0,1.0,RPG,残す,,https://www.youtube.com/channel/UCkXHXfsJR2HCBEn-quRaFHw,今のエルデンリングとかいう序盤から軽大剣拾える神ゲー【ELDENRING実況】
338,兎咲ミミ / Tosaki Mimi,ぶいすぽっ！,462000,2026-08-28,0.63,1.0,インディー,残す,,https://www.youtube.com/channel/UCnvVG9RbOW3J6Ifqo-zKLiw,【VALORANT 】久しぶりにソロでがんばってみる【ぶいすぽ/兎咲ミミ】
339,草の人,,462000,2026-08-27,0.95,1.0,RPG,残す,,https://www.youtube.com/channel/UC9WMsQHOevJPa7tAIRAri7g,【崩スタ】最強記憶艦隊、本当に宇宙最強になってしまう・・・【ゆっくり実況プレイ/崩壊スターレイル】
340,卯月コウ,にじさんじ,460000,2026-08-26,0.33,1.0,シューター,残す,,https://www.youtube.com/channel/UC3lNFeJiTq6L3UWoz4g1e-A,バーチャルコンソールで名作遊びまくりモテまくり 【卯月コウ/にじさんじ】
341,紡木こかげ,ぶいすぽっ！,460000,2026-08-28,0.84,1.0,,残す,,https://www.youtube.com/channel/UC-WX1CXssCtCtc2TNIRnJzg,【VALORANT】カが欲しい【ぶいすぽっ！ / 紡木こかげ】
342,KH / Killin9Hit,,460000,2026-08-27,1.0,1.0,シューター,残す,,https://www.youtube.com/channel/UCMEI4RcffOJZUuYIVcim8Zw,戦場にある塹壕にキレるKH兵長【CoD:MW4先行体験】
343,Civ:Aちゃんねーる,,460000,2026-08-26,0.94,1.0,シューター,残す,,https://www.youtube.com/channel/UCiUN3mkcZX4gSf74fhwEj5g,【耐久】格ゲー初見男が本気を出したら、1週間でマスターまで行けるのか 3日目 -street fighter6-
344,白雪 巴/Shirayuki Tomoe,にじさんじ,459000,2026-08-26,0.53,1.0,,残す,,https://www.youtube.com/channel/UCuvk5PilcvDECU7dDZhQiEw,#10【ほの暮しの庭】1年目秋 後半｜新作ほのぼのゲーム🌻ただし掟を破ると＿＿＿＿××××。※ネタバレあり【白雪巴/にじ
345,夜絆ニウ / yozuna niu,Neo-Porte,459000,2026-08-27,0.67,1.0,アクション（横スクロール）,残す,,https://www.youtube.com/channel/UCZmUoMwjyuQ59sk5_7Tx07A,たまにキスしちゃうかもしれない【APEX】【夜絆ニウ / NeoPorte (ネオポルテ) 】
346,幕末志士チャンネル,実況者,459000,2026-10-07,0.35,1.0,RPG,残す,,https://www.youtube.com/channel/UC0C6oq3TlGiSlDCei57hY6A,性癖スマブラDX ～カービィを無限に平らに～
347,Fields Food,,458000,2026-08-26,0.6,1.0,アドベンチャー,残す,,https://www.youtube.com/channel/UCO9s2_k1KMrGFU9SdpybE3Q,【PS5新作】完全無料で遊べるオープンワールドゾンビFPSが15000円ゲー超えるボリュームでゼロ円【Once Huma
348,まうふぃん / Riddle,,458000,2026-09-23,1.0,1.0,シューター,残す,,https://www.youtube.com/channel/UC_INF4xQABOfv116mpQz2YQ,【アジア大ピンチ】ヨーロッパ最強がアジアで勝った試合が上手すぎるｗｗｗ【フォートナイト/Fortnite】
349,ティラミスちゃんねる,,457000,2026-09-22,1.0,0.94,,残す,,https://www.youtube.com/channel/UCGsLewe5pUfNozxgQ4mqwbg,本日の主役、27才が行くXマッチ【スプラトゥーン3】
350,Cellmates,にじさんじ,455000,2026-08-21,0.0,1.0,,外す（ゲーム動画なし）,,https://www.youtube.com/channel/UC0NvtZTT8OR6F5uKYTU8zsA,【】葛葉の影武者選手権【】
351,レイえもん＠ゆっくり実況,,455000,2026-10-07,0.4,1.0,,残す,,https://www.youtube.com/channel/UC8c0kYtfcfxk7Jv8zo-rvlQ,ボーマンダはオレに任せろシリーズ「古代の王者編」【ポケモンチャンピオンズ】【ゆっくり実況】
352,音ノ瀬らこ / Otonose Raco,ミリプロ,454000,2026-08-27,0.33,1.0,,残す,,https://www.youtube.com/channel/UCH-SLA_jpPhM2lzdZjZDxjQ,【マイクラ】待ってろ！！1000万ミリコイン！！！【音ノ瀬らこ/ミリプロ】
353,Maid Mint Ch. ミント・ファントーム,個人勢,454000,2026-08-28,0.79,0.0,アドベンチャー,外す（日本語の配信ではない）,,https://www.youtube.com/channel/UCcHHkJ98eSfa5aj0mdTwwLQ,【THE CHOICER VOICER】Professional VA voices your favorite cha
354,Otsuka Ray ch.乙夏れい,個人勢,451000,2026-08-28,0.31,1.0,,残す,,https://www.youtube.com/channel/UCrAsByHNIFObjr2sEaZHkCg,【ホロドリ】ホロライブ初心者の親子、ホロメンを学ぶ！｜Playing hololive DREAMS!【JP VTube
355,Fischer's-ゲームズ-,,448000,2026-09-23,0.53,1.0,アドベンチャー,残す,,https://www.youtube.com/channel/UC3TCIVs1OBZt2KyG8o0CM6Q,【マサイ目線】南ノ迷宮・北ノ迷宮【マイクラ肝試し2026】
356,ましゅるむ,,447000,2026-09-28,0.91,1.0,シューター,残す,,https://www.youtube.com/channel/UC8dBPlnKodOG7eoPa9RuUFg,死んだらデータ削除の海上戦【GTA5 Gゼロ13-1】
357,ゲームさんぽ /ライブドアニュース,,447000,2026-10-04,0.71,1.0,シューター,残す,,https://www.youtube.com/channel/UCipDXt4RWahzz-uplqYyz0A,"【馬力強いクマ】あの""MAGIC""の会社がシューターを？AAA級アクションRPG『EXODUS』をゲームさんぽ編集部が先"
358,ズズちゃんねる!!!,,445000,2026-09-15,0.86,1.0,アドベンチャー,残す,,https://www.youtube.com/channel/UCGHaxlZ9ixHeGt7eRtxWUBA,建築したいだけなのに・・・2人で物理演算建築ゲーム『dumb ways to build』【#ともズズ/ズズ/赤髪のとも
359,沙汰ナキアASMR - Nakia Ch.,個人勢,444000,2026-08-26,0.15,1.0,ポイントクリック,残す,,https://www.youtube.com/channel/UC8mnrvXyUWJZ4bB5XBLZpjw,【ASMR/KU100】ダウナーギャルの近～い囁きで脳がとろける寝かしつけ♡ゼロ距離囁き・両耳同時囁き・吐息・Whisp
360,Tororo Ch. 猫麦とろろ,個人勢,443000,2026-08-27,1.0,1.0,RPG,残す,,https://www.youtube.com/channel/UC6sdN8CPm7v3UeV2mlqXmVw,【EFT】Lv.42｜シュタボ半分とコレクターでソロカッパ！かもです！- Escape from Tarkov【猫麦とろ
361,キャベツの人【ゲーム紹介】,,441000,2026-09-13,0.4,1.0,RPG,残す,,https://www.youtube.com/channel/UCWvr04hMa4k4wSilYcQ4qoA,レベルファイブ新作発表の会で怒涛の生成AIをお披露目で流石に批判殺到し謝罪へ/プレステ最新作ウルヴァリン、想定よりも低い
362,ぶゅりる,,441000,2026-09-23,1.0,1.0,シューター,残す,,https://www.youtube.com/channel/UCMFzkc3RujclrXuvm59afPA,まうふぃんさんとガチ大会出てみた！【フォートナイト/Fortnite】
363,Annin Miru Channel,個人勢,440000,2026-08-28,0.0,1.0,,外す（ゲーム動画なし）,,https://www.youtube.com/channel/UCFahBR2wixu0xOex84bXFvg,有好料影片一定跟大家分享的杏仁咪嚕 #杏仁ミル #vtuber
364,Nene Amano Ch. 天野寧々,個人勢,440000,2026-08-26,0.5,0.0,アドベンチャー,外す（日本語の配信ではない）,,https://www.youtube.com/channel/UCu1INzefw3R7M9-3QEHYmMQ,I AM AWAKE HELP WHERE DO I GO?!
365,こーく-半透明-,,440000,2026-09-13,0.1,1.0,タクティカル,残す,,https://www.youtube.com/channel/UCmK1vT38RSrYYYfmzREo7lw,自分で描いたイラストに戦ってもらいます【AIドット絵バトル】
366,ぐんぐにるチャンネル,,439000,2026-08-24,1.0,1.0,,残す,,https://www.youtube.com/channel/UCyTaStlK0neSuKveYOIioaw,【スマブラSP】鬼畜企画!?スマブラで最強と名高いCPUカズヤに1vs7で勝利せよ【ゆっくり実況】
367,風楽奏斗 / Fura Kanato ,にじさんじ,438000,2026-08-27,0.84,1.0,シューター,残す,,https://www.youtube.com/channel/UCC7rRD6P7RQcx0hKv9RQP4w,【 Deadlock 】　ガチちょっとだけランクマ【にじさんじ/風楽奏斗】
368,文野環【にじさんじの野良猫】ふみのたまき,にじさんじ,437000,2026-08-17,0.26,1.0,レース,残す,,https://www.youtube.com/channel/UCBiqkFJljoxAj10SoP2w2Cg,【2期生コラボ】めっちゃカメレオン【にじさんじ】
369,キルシュトルテ,個人勢,437000,2026-08-26,0.0,0.95,,外す（ゲーム動画なし）,,https://www.youtube.com/channel/UCCebCRguPlkvWemz2dKxWIA,メンバーの本性が暴露される最悪のゲームｗｗｗ
370,うさごん,,437000,2026-09-11,0.92,1.0,,残す,,https://www.youtube.com/channel/UCg0movb1wjAV63CQ_O7wyTg,【ランクマ】メガピクシー「ステロ撒くけど撒かせません」【ポケモンチャンピオンズ】【#pokemonchampions 】
371,MY 宮本悠弥,,437000,2026-09-22,0.1,1.0,シューター,残す,,https://www.youtube.com/channel/UCX8yx9p3g1vr9wtOT80kM3w,【近所迷惑】毎日同じ時間に道路に立つ謎のおじさんに突撃
372,石神のぞみ / Ishigami Nozomi【にじさんじ】,にじさんじ,436000,2026-08-27,0.2,1.0,RPG,残す,,https://www.youtube.com/channel/UCtLfA_qUqCJtjXJM2ZR_keg,【 都市伝説解体センター #5 】第五話｜『 罪人の影 』【 にじさんじ所属 ／ 石神のぞみ 】
373,柘榴シロ@Zakuro shiro,,433000,2026-08-27,0.27,1.0,パズル,残す,,https://www.youtube.com/channel/UCPmcUzR-kh8hGVbNdYU84EA,【お祝い】チャンネル登録者40万人突破祝杯ですわぁ～！【柘榴シロ】
374,神楽めあ / KaguraMea,個人勢,431000,2026-08-05,0.0,1.0,,外す（ゲーム動画なし）,,https://www.youtube.com/channel/UCWCc8tO-uUl_7SJXIKJACMw,神楽めあ 6th Single「アタシインワンダーランド」XFD【C108 1日目 東7 A-43ab】
375,KOGYARU Official,,431000,2026-08-31,0.0,1.0,,外す（ゲーム動画なし）,,https://www.youtube.com/channel/UCw2PKn-b7xni9HtGtWBa3vA,【カナヅチ縛り】泳げないモデルが25m完走できる？
376,ウドン,,431000,2026-09-06,1.0,1.0,,残す,,https://www.youtube.com/channel/UC8WvsghW1a2JUIuHBu8qz7w,26対応【マイクラ統合版】超簡単！新品のトライデントにクラフト出来る経験値ドラウンドトラップの作り方【PE/PS4/Sw
377,Kiichan Ch. 狐井アキラ,個人勢,430000,2026-08-27,0.46,0.0,RPG,外す（日本語の配信ではない）,,https://www.youtube.com/channel/UCcpgDsHDYHO1UyfpwjyNx1g,【RECORDING STREAM】Learning Reaper!
378,まじめにヤバシティ,追加指定,430000,2026-08-27,0.78,1.0,アドベンチャー,残す,,https://www.youtube.com/channel/UCsoW5-5KCPFAZwfGU-POUvA,【First Class Trouble】この中に人間のふりしてるロボットがおるらしい【鬱視点】
379,Shub,,428000,2026-08-28,0.35,0.0,アドベンチャー,外す（日本語の配信ではない）,,https://www.youtube.com/channel/UCLnpZL0Nb6wajyJM9JkAABg,GTA 6 Extended Trailer Thoughts And Reaction
380,セラフ・ダズルガーデン / Seraph Dazzlegarden,にじさんじ,426000,2026-08-25,0.46,1.0,,残す,,https://www.youtube.com/channel/UC5dJFf4m-mEcoyJRfhBljoA,【#にじメンマイクラ】リゾート計画【セラフ・ダズルガーデン/にじさんじ】
381,小廻こま / Komawari Koma,ミリプロ,426000,2026-08-23,0.06,1.0,,残す,,https://www.youtube.com/channel/UC_upTZ0otpptV5KARBsnIPg,気分上々↑↑／小廻こま × 眠雲ツクリ × 雨夜リズ（cover）
382,Il Forla,,426000,2026-08-28,0.0,0.0,,外す（ゲーム動画なし）,,https://www.youtube.com/channel/UCPo9tl-ZPz1Dh5ORtKL7P4w,GTA 6 - Extended Gameplay Trailer Reaction | CLAMOROSO!
383,ぼんじゅうる / ドズル社,,426000,2026-08-30,0.8,1.0,シューター,残す,,https://www.youtube.com/channel/UC7fNaSMYW29jHQmYZgZ5rkA,【スト6】朝練スト６
384,六丸の第二工房,,425000,2026-08-25,0.8,1.0,,残す,,https://www.youtube.com/channel/UCTREjmkDOrLAwLv--1glRFA,この夏は『八尺様がいた夏休み』で決まりです
385,緋八マナ / Hibachi Mana【にじさんじ】,にじさんじ,424000,2026-08-27,0.56,1.0,スポーツ,残す,,https://www.youtube.com/channel/UCqXxS-9x9Ha_UiH6hG4kh5Q,【マイクラ】深夜1時までちょっとだけやる日✋ #にじメンマイクラ【にじさんじ/緋八マナ】
386,鳴潮 (Wuthering Waves)公式,,424000,2026-09-09,0.86,1.0,,残す,,https://www.youtube.com/channel/UCGc93NguHRwzv1Rw9MyIcxQ,『鳴潮』キャラクターPV丨景燃丨「神仏に問う」
387,Yuhi Riri Official,にじさんじ,423000,2026-08-27,0.62,1.0,,残す,,https://www.youtube.com/channel/UC48jH1ul-6HOrcSSfoR02fQ,▶︎▷ OWカスタム｜OWをしてくれてありがとう。｜夕陽リリ￤にじさんじ
388,クサヤ人ちゃんねる,,423000,2026-08-30,0.0,1.0,,外す（ゲーム動画なし）,,https://www.youtube.com/channel/UCu-VGg8L9qfzUSCW8y1SCKA,難しそうに見えて実はクリア方法が超シンプルなんだがw【マリオメーカー2/マリメ2】
389,白雪レイドーReid Channelー,Neo-Porte,422000,2026-08-28,0.85,1.0,シューター,残す,,https://www.youtube.com/channel/UCIu-aUArYq_H84dBpCAokMA,【#雀魂】名だたるプロへ挑め。リベンジ魂天リーグ 第七節（対局中のみ５分遅延）#週刊少年ポラリス【白雪レイド 千羽黒乃 
390,虹深°ぬふ / Nijipuka Nuhu,ミリプロ,421000,2026-08-27,0.25,1.0,,残す,,https://www.youtube.com/channel/UCj63OWl-HQ-I6ORzUWF1EDg,【40万人ありがとう】絵を描くかもな～… 【虹深°ぬふ/ミリプロ】
391,変な親爺 Henna-Oyajii,個人勢,421000,2026-08-26,1.0,1.0,,残す,,https://www.youtube.com/channel/UCKH3KC3T_gm_x69o18Ku62w,【原神】地獄 or 地獄！全119キャラをランダムに組んで幽境の激戦アルティメット攻略を目指す！【幽境の激戦Ver7.0
392,あっさりしょこ,,421000,2026-08-28,0.65,0.45,アドベンチャー,外す（日本語の配信ではない）,,https://www.youtube.com/channel/UCz0aC9z3kXruRHULDqFRuVA,ナイトレイン/2026/08/28
393,伊波ライ / Inami Rai【にじさんじ】,にじさんじ,420000,2026-08-27,0.3,1.0,スポーツ,残す,,https://www.youtube.com/channel/UCz89MGFBrAqwJ5xMr5weSuA,【 OVERWATCH 】にじさんじカスタムだ～～！！！！！【 伊波ライ / にじさんじ 】
394,さなちゃんねる,個人勢,419000,2026-08-28,0.16,1.0,シミュレーション,残す,,https://www.youtube.com/channel/UCIdEIHpS0TdkqRkHL5OkLtA,【 #もごパ夏祭り 】振り返り雑談
395,おめがシスターズ [Ω Sisters],個人勢,415000,2026-08-25,0.05,1.0,ポイントクリック,残す,,https://www.youtube.com/channel/UCNjTjd2-PMC8Oo_-dCEss7A,【全11種】メロンパン、一番うまいのはどれ？
396,猫元パト / Patoneko Ch.,個人勢,415000,2026-08-28,0.12,1.0,RPG,残す,,https://www.youtube.com/channel/UCxm3RjoZHKNbvpiP5RW6Wlg,【ガンプラ】満を持して『HGズゴック(SEED FREEDOM Ver.)』を作るぞ【VTuber / 猫元パト】
397,しうん,,412000,2026-09-05,1.0,1.0,,残す,,https://www.youtube.com/channel/UCfcZ3O7hOfLsxQ9oQuoqwUQ,【マイクラ】偽物のワールドに『本物』がサブ垢で潜入して泣くまで成敗したったｗｗｗｗｗ【マインクラフト】【Minecraf
398,ナカイドのゲーム情報チャンネル,,411000,2026-09-21,0.5,1.0,RPG,残す,,https://www.youtube.com/channel/UCrcqCDrC5nn-8KrbzUNrvSA,東京ゲームショウ2026 インフルエンサー転売疑惑事件を緊急弁護！ビジネスデイ事件の裏側を解説します
399,シェリン・バーガンディ -Shellin Burgundy- 【にじさんじ】,にじさんじ,409000,2026-08-28,0.7,1.0,シミュレーション,残す,,https://www.youtube.com/channel/UCHBhnG2G-qN0JrrWmMO2FTA,【グランツーリスモ7】ひさびさにコーナー攻めるぜ！！！【シェリン/にじさんじ】
400,緋月ゆい / Hizuki Yui,Neo-Porte,409000,2026-08-27,0.65,1.0,アドベンチャー,残す,,https://www.youtube.com/channel/UCuk7vapXKckSw6yCGGDspDg,【雑談コラボ】ゆいてと質問募集会💭【緋月ゆい/ネオポルテ】
401,Nahiro Ch. 蒼真なひろ,個人勢,409000,2026-08-23,0.4,1.0,アドベンチャー,残す,,https://www.youtube.com/channel/UCftJR3Qm0LyEuEQue1QYytA,【#蒼真なひろ周年】1.5周年＆38万人記念！ほんとにいつもありがとう！！【蒼真なひろ/VTuber】
402,佐伯イッテツ / Saiki Ittetsu【にじさんじ】,にじさんじ,408000,2026-08-28,0.55,1.0,アドベンチャー,残す,,https://www.youtube.com/channel/UCy8P3o5XlMpJGQY4WugzdNA,【つぐのひ -天招ねく救いの糸-】救うぞ！！！！！【にじさんじ／佐伯イッテツ】
403,カニヨイ,,407000,2026-08-28,1.0,1.0,シューター,残す,,https://www.youtube.com/channel/UCRkk1WKGAQtAn8QbkDYpofA,弱体化連続でついにアクセル最強環境終了なるか！？【Apex Legends】【エーペックスレジェンズ】【ゆっくり実況】p
404,実況者ジャンヌ,,407000,2026-09-13,0.85,1.0,シューター,残す,,https://www.youtube.com/channel/UC6MlluylILbTelNRAvofO1w,【新作:FPS】世界で一番売れている人口40万人越えFPS!WARDOGS!!『これは覇権FPSになるか!?』【実況者ジ
405,弦月 藤士郎 / Genzuki Tojiro【にじさんじ】,にじさんじ,406000,2026-08-27,0.9,1.0,アクション（横スクロール）,残す,,https://www.youtube.com/channel/UCGw7lrT-rVZCWHfdG9Frcgg,⋙ #にじメンマイクラ ＃９ | マインクラフト ⋮❙⋮ 建築がしたいですね ⋮❙⋮ 弦月藤士郎 / にじさんじ ⋘
406,ソフィア・ヴァレンタイン / Sophia Valentine【にじさんじ】,にじさんじ,405000,2026-08-27,0.5,1.0,,残す,,https://www.youtube.com/channel/UCivwPlOp0ojnMPZj5pNOPPA,【 SEKIRO/隻狼 】#７ 「忍び力鍛える！」【 ソフィア・ヴァレンタイン / にじさんじ 】
407,でいすいのゲームちゃんねる/DeisuiGames,,404000,2026-08-26,0.44,1.0,アクション（横スクロール）,残す,,https://www.youtube.com/channel/UCHkgbFkEddyLE5uQMCem_aw,🔴【ドラクエ2】遂に「ロンダルキアの洞窟」へ…最後の鍵ゲットまで!!! ＃16【個人勢vtuber / でいすい】
408,ハムショーのスポーツ実況ch,,404000,2026-08-28,0.0,1.0,,外す（ゲーム動画なし）,,https://www.youtube.com/channel/UCSDobaWqvIttZUa1xXi4sRQ,【ファイターズライブ】北海道日本ハムファイターズ対千葉ロッテマリーンズ  8/28 【ラジオ調実況】
409,犯罪学教室のかなえ先生 V Criminologist,個人勢,403000,2026-08-27,0.1,1.0,RPG,残す,,https://www.youtube.com/channel/UCsABPC_SPKUaf7BkZGs4wbQ,【ラブ上等】人に火をつけた男は売名に成功…更生の意味を考えさせられる法務省ポスター騒動について思うこと【かなえ先生の雑談
410,Japan Sci-Fi 【SF解説・創作】,,403000,2026-10-03,0.37,1.0,シューター,残す,,https://www.youtube.com/channel/UC25f1FyMuKnMapFO5w98N_g,3Dで見る海神作戦【ゴジラ-1.0】もし作戦が失敗しゴジラが米国に上陸したら？？
411,マミムンぶーぶー / HSstudio,,402000,2026-08-05,1.0,1.0,,残す,,https://www.youtube.com/channel/UC7bshUGQaibnoHEs-_tat8A,【マイクラ】古代都市の地図が新登場！コンクリの階段＆ハーフが追加！地図の大幅改良・廃キャンプの隠しチェストなど詳しく解説
412,ディープブリザード,個人勢,399000,2026-06-08,0.0,1.0,,外す（ゲーム動画なし）,,https://www.youtube.com/channel/UCHXgFLFyqR-XqtxfTH3qiYA,✨魔王城のミラテン✨ ゲーム内容紹介トレーラー #gbstudio #indiegame
413,ふぅチャンネル,,398000,2026-09-06,0.95,1.0,RPG,残す,,https://www.youtube.com/channel/UCxzG1FzrxCibJ2qPGhB9Nkw,Switch2版エルデンリング＃5（葬送の夜馬を徹底捜索）
414,Shizuka Rin Official,にじさんじ,397000,2026-08-28,0.1,0.75,RPG,残す,,https://www.youtube.com/channel/UC6oDys1BGgBsIC3WhG1BovQ,掃除 | #しずりん誕 | 2026年のお誕生日💜【静凛/にじさんじ】
415,ゆっくりむちゃたぬき,,397000,2026-09-05,0.62,1.0,アドベンチャー,残す,,https://www.youtube.com/channel/UCOjkVJQcjtWnpf0-1ft4brA,【4人ホラー】真・最終決戦だああああああああ！！！！！【Escape The Backrooms】【ゆっくり実況】
416,こーた,,396000,2026-09-01,1.0,1.0,ストラテジー,残す,,https://www.youtube.com/channel/UC5V6qIrZ4OrfXNPIppcsMOw,【にゃんこ大戦争】熱血！にゃんこ大運動会開催！レアガチャに「赤組」「黒組」登場！限定キャラ入手の注意点も解説【本垢実況R
417,ごには / goniha,,394000,2026-08-17,0.0,1.0,,外す（ゲーム動画なし）,,https://www.youtube.com/channel/UC7ynNM3oB3jhY_e3TxED7_Q,【第二回】神 vs YouTuber 太鼓の達人ドリームマッチ
418,ミーアのゆっくり解説 / 実況,,394000,2026-09-12,0.5,1.0,,残す,,https://www.youtube.com/channel/UC5vBBmiRZjJZHq-gSLhMfRg,『メガアブソルZ』の高速超パワー！上から敵を制圧しろ！！【ゆっくり実況】【ポケモンチャンピオンズ】
419,小清水 透 / Koshimizu Toru【にじさんじ】,にじさんじ,393000,2026-08-27,0.71,1.0,RPG,残す,,https://www.youtube.com/channel/UCUP8TmlO7NNra88AMqGU_vQ,【オフコラボ】しーべり公式化！小清水家を堪能する早乙女ベリー【小清水透/早乙女ベリー/にじさんじ】
420,大代真白 /あおぎり高校,あおぎり高校,390000,2024-05-06,0.12,1.0,シューター,外す（1年以上更新なし）,,https://www.youtube.com/channel/UCFG6teapZaN6J1oVXl7MYPA,【ペーパーマリオRPG】ステージ７から！！感動のラストまでいきたい配信【大代真白/あおぎり高校】
421,千燈ゆうひ,ぶいすぽっ！,389000,2026-08-28,0.53,1.0,RPG,残す,,https://www.youtube.com/channel/UCuDY3ibSP2MFRgf7eo3cojg,【League of Legends】LEGENDUSメイヘム本番やー！！！【 ぶいすぽっ！ / 千燈ゆうひ 】
422,Akuma Nihmune Ch,個人勢,389000,2026-07-31,0.39,0.0,シミュレーション,外す（日本語の配信ではない）,,https://www.youtube.com/channel/UC_rlc0K8Yj0KQ5ApK0Z7uew,【Hololive Dreams】pwetty vtubers...
423,しろ,,389000,2026-08-29,0.9,1.0,,残す,,https://www.youtube.com/channel/UCL72kYW8XK4R61kp1R9K69Q,"【モンスト】今回のコラボは6体ともかなりスペック高い！星墓2期・黎絶適正など優秀キャラ揃い！運90推奨の最強★4,5キャ"
424,夢追翔のJUKE BOX,にじさんじ,388000,2026-08-28,0.82,1.0,ストラテジー,残す,,https://www.youtube.com/channel/UCTIE7LM5X15NVugV7Krp9Hw,#にじメンマイクラ 10話 スパートをかける | Minecraft【にじさんじ/夢追翔】
425,宇佐美リト / Usami Rito【にじさんじ】,にじさんじ,388000,2026-08-26,0.25,1.0,スポーツ,残す,,https://www.youtube.com/channel/UCambvP8yxNDot4FzQc9cgiw,【マッチョでポン！】最強のボディビルダーを育成するぞ！！！【宇佐美リト/にじさんじ】
426,バンビー,,388000,2026-09-26,1.0,1.0,,残す,,https://www.youtube.com/channel/UCNOnv5No5KtT3fmvcztSkEg,【全盛期の強さ復活】メガルカリオZと組ませた『カイリュー』、相性が良すぎて大暴れしました【ポケモンチャンピオンズ】
427,叢雲カゲツ / Murakumo Kagetsu【にじさんじ】,にじさんじ,387000,2026-08-27,0.27,1.0,スポーツ,残す,,https://www.youtube.com/channel/UChdY64fJb14Nfnbs8EGdQig,【妖怪ウォッチ1】完全初見で妖怪ウォッチするぞ！ #1 ※ネタバレあり【叢雲カゲツ/にじさんじ】
428,Roberu Ch. 夕刻ロベル,,386000,2026-08-28,0.75,1.0,RPG,残す,,https://www.youtube.com/channel/UCANDOlYTJT7N5jlRC3zfzVA,【雑談】悲しみの雑談【夕刻ロベル/ホロスターズ】
429,Uruca ch /うるか,,386000,2026-09-08,0.95,1.0,シューター,残す,,https://www.youtube.com/channel/UChrTMfNcD1eN2ENGWBD7lUQ,【apex】CRカップってでますか？ランクw/渋ハル ねこたつ【うるか】
430,ウッドリィ,,384000,2026-08-28,0.75,1.0,,残す,,https://www.youtube.com/channel/UCsRFGU2GvUthBcZYbxWtXHA,【Minecraft】時は来た、歯車を回せ！2　Part9【ゆっくり実況】
431,キルハ【びじぱと】,,383000,2026-09-26,0.72,1.0,,残す,,https://www.youtube.com/channel/UCYv61z0vcKgwuDPkiCaCc2g,【神回】コイツらマジで性格悪すぎるだろwwww【スプラトゥーン レイダース】
432,Rei Ch. 悠針れい,個人勢,381000,2026-08-28,0.12,1.0,,残す,,https://www.youtube.com/channel/UCnn1Pb_JtyHbiDTELf7mgSA,【Naturecan】スイカにラムネ！？夏におすすめプロテインが爽快すぎて驚いた！【コラボセット販売】新人VTuber悠
433,そらね,,380000,2026-09-24,1.0,1.0,,残す,,https://www.youtube.com/channel/UCws0YXfYESR2gcP8gRWgjiQ,田舎で夏休み過ごしてたら八尺様に好かれて追いかけられましたww【八尺様がいた夏休み】
434,因幡はねる / Haneru Channel【ななしいんく】,ななしいんく,379000,2026-08-26,0.05,1.0,RPG,残す,,https://www.youtube.com/channel/UC0Owc36U9lOyi9Gx9Ic-4qg,杏戸ゆげからの説教【因幡はねる / ななしいんく】
435,パワプロ・プロスピ公式チャンネル,,376000,2026-08-26,0.47,1.0,,残す,,https://www.youtube.com/channel/UCWzEh28vj3mQKpe0fzVTOUw,『パワプロアドベンチャーズ』4thシナリオ ブートレインアカデミー紹介
436,めめんともり,,376000,2026-08-26,0.75,1.0,ストラテジー,残す,,https://www.youtube.com/channel/UCy0DH4rgPPjDWVZO7wibcSQ,【Among Us#352】暴走状態突入！『バーサーカー』で速攻決着を狙え！！！【ゆっくり実況】
437,レヴィ・エリファ-Levi Elipha-,にじさんじ,375000,2026-08-24,0.29,1.0,,残す,,https://www.youtube.com/channel/UCtnO2N4kPTXmyvedjGWdx3Q,【#レヴィ誕2026】最後の誕生日【にじさんじ/レヴィ・エリファ】
438,リオラch-スプラ解説-,,374000,2026-08-30,0.5,1.0,,残す,,https://www.youtube.com/channel/UCZLeZXjm_opUQFhLa4I_VFg,リオラ軍団で暴れることになりました【超自然スクワッドBB杯】【Vtuber】
439,🌟 / ほし,,371000,2026-09-22,0.5,1.0,タクティカル,残す,,https://www.youtube.com/channel/UCIfwGU0WARuj3bVD25jbbaQ,🌟【カオス】誰に対しても容赦のないクレイジーなコラボ！！！【ゆっくり実況 / めっちゃカメレオン】
440,ナポリの男たち,たろちん指定,368000,2026-07-25,0.25,1.0,RPG,残す,,https://www.youtube.com/channel/UCu0lW58jcjGRfkGTWt6GE1w,ナポリの男たちの「廃墟探索ホラー」配信｜R.E.P.O.
441,バーチャル債務者youtuber天開司,個人勢,367000,2026-08-28,0.62,1.0,シューター,残す,,https://www.youtube.com/channel/UCZYyhgoV314CM14zBD6vd4A,【リ・ストーリー: 思い出修理屋】平成一桁ガチジジイがsteamで圧倒的好評の神ゲーやる【天開司/Vtuber】
442,伏見ガク【にじさんじ所属】,にじさんじ,366000,2026-08-27,0.6,1.0,シミュレーション,残す,,https://www.youtube.com/channel/UCXU7YYxy_iQd3ulXyO-zC2w,【#にじメンマイクラ】２回目の上陸です！【にじさんじ / 伏見ガク】
443,如月れん -Ren kisaragi-,ぶいすぽっ！,366000,2026-08-22,0.2,1.0,シューター,残す,,https://www.youtube.com/channel/UCGWa1dMU_sDCaRQjdabsVgg,【ダレカレ】深夜に突発でゲームやるやつ【ぶいすぽ/如月れん】
444,HØRI 07 ⌜VZ⌟,個人勢,366000,2026-08-25,0.0,0.0,,外す（ゲーム動画なし）,,https://www.youtube.com/channel/UCMvc8BlQ7r5gRbz-D2EY0LA,ไ ล ฟ์ เ ม ม เ บ อ ร์ !!
445,プレイヤーキル大好きプレイヤー,,365000,2026-08-27,0.82,1.0,シューター,残す,,https://www.youtube.com/channel/UCVydcN7qYwwD1_BqMYCOZOA,FiveM民 ブチギレシーン集【GTA5】
446,魁星 / Kaisei【にじさんじ】,にじさんじ,363000,2026-08-27,0.28,1.0,アドベンチャー,残す,,https://www.youtube.com/channel/UC8SJPcLpIM3x8RdBJFfiluw,【#にじメンマイクラ】内装作りましょう【魁星/にじさんじ】
447,【公式】遊戯王OCGチャンネル,,363000,2026-09-18,0.33,1.0,RPG,残す,,https://www.youtube.com/channel/UCvP9G8Z5ndG4-GX81vhgmDg,【公式】TGS2026特別番組 遊戯王 TAG FORCE GX 発売決定！ワクワクを思い出すんだSP
448,ドーラ,にじさんじ,362000,2026-08-20,0.4,1.0,RPG,残す,,https://www.youtube.com/channel/UC53UDnhAAYwvNO7j_2Ju1cQ,【歌枠】お誕生日記念ッ！！ドレイクの大好きな曲たちと一緒 𓂃˚✦₊˚ KARAOKE🎤STREAM【にじさんじ/ドーラ】
449,リモーネ先生,,361000,2026-09-22,0.5,1.0,シミュレーション,残す,,https://www.youtube.com/channel/UCwoOrWNuDq3s98cWw-xz3Dg,【心霊写真仕分けバイト】実際に心霊写真が撮れた男の本気
450,珠乃井ナナ / Tamanoi Nana【にじさんじ】,にじさんじ,360000,2026-08-27,0.25,1.0,,残す,,https://www.youtube.com/channel/UCkhViRjLUKgIcVpar9JiNrw,【 歌枠 】夏の終わりを感じる曲歌います【にじさんじ / 珠乃井ナナ】
451,赤城ウェン / Akagi Wen【にじさんじ】,にじさんじ,360000,2026-08-27,0.78,1.0,シミュレーション,残す,,https://www.youtube.com/channel/UC1vawzfbCnRpHT9SJ5pHlHw,【PowerWash Simulator 2】素早く寝てる！「赤城ウェンの寝る時間ですよ！」【赤城ウェン/にじさんじ】
452,ガンサーの抹茶,個人勢,360000,2026-08-27,0.18,1.0,アクション（横スクロール）,残す,,https://www.youtube.com/channel/UCL5bx_5ApIAtq-CTGYSI5dw,【初見反応】モンハン完全新規古龍『光稜龍ルガ・エアルダ』が思ってたより可愛くて笑ってしまう抹茶＆『新融光種』に『新キャラ
453,よるめちゃんのマイクラ都市伝説,,360000,2026-09-15,1.0,1.0,,残す,,https://www.youtube.com/channel/UCx5iBYoyMs8_GVTNM0JwxBQ,【マイクラ】ベリティ vs 偽ベリティ　を調査してみた結果...【ゆっくり実況・verity・ベリティ・無料版ベリティ】
454,GameWith 新作ゲームレビュー,,359000,2026-08-29,0.6,1.0,RPG,残す,,https://www.youtube.com/channel/UClvg0_r-b-NGdpugQarey_A,2026年上半期『話題になったゲーム』10選【Switch2/PS5/XBOX/Steam】
455,オリバー・エバンス / Oliver Evans 【にじさんじ】,にじさんじ,358000,2026-08-27,0.5,1.0,RPG,残す,,https://www.youtube.com/channel/UCqjTqdVlvIipZXIKeCkHKUA,【#にじメンマイクラ 】那由多ぶりのおっかなびっくりマインクラフトでにじメン参加その5！！【にじさんじ/オリバー・エバン
456,五十嵐梨花 / Igarashi Rika 【にじさんじ】,にじさんじ,358000,2026-08-27,0.42,1.0,RPG,残す,,https://www.youtube.com/channel/UCu-rV2gPtJ-CsGxe71z_BrQ,How to Fish┊︎シャケは釣れますか？ w/めちゃかわ連合【 にじさんじ / 五十嵐梨花 】
457,白波らむね / Shiranami Ramune,ぶいすぽっ！,356000,2026-08-25,0.59,1.0,RPG,残す,,https://www.youtube.com/channel/UC61OwuYOVuKkpKnid-43Twg,【#白波らむね4周年】めでたい日ですいつもありがとうございます【ぶいすぽ/白波らむね】
458,冬の夏目,,355000,2026-08-30,0.89,1.0,RPG,残す,,https://www.youtube.com/channel/UCFRBiRpSjadsC2GuIwhMOKA,新作オープンワールドモンスター収集RPG『Roco Kingdom』がやばい！！【ゆっくり実況】
459,いいひとじゃない,,354000,2026-08-26,0.4,1.0,シューター,残す,,https://www.youtube.com/channel/UCyKm6ZcRrmh_9Go309bT_8A,【恐怖】テイム超必須！巨大コウモリのデスモダスをテイムしろ！【ARK/ASA】
460,榊ネス / Sakaki Ness【にじさんじ】,にじさんじ,352000,2026-08-27,0.18,1.0,格闘,残す,,https://www.youtube.com/channel/UCyXBNgCulibV9pRm3ZKpmoQ,【リズム天国 ミラクルスターズ】#2 サカキのリズムを知ってるかいほほほーい【榊ネス/にじさんじ】
461,きつねさん / Kitune-san,個人勢,352000,2026-08-18,0.21,1.0,RPG,残す,,https://www.youtube.com/channel/UCrKD8cwv_Wrpx22SO-VeWAQ,【クトゥルフ神話TRPG】『不死の霊薬伝説』後編 #スクまづきの霊薬伝説
462,Lazvell,,352000,2026-08-28,0.88,0.76,シューター,残す,,https://www.youtube.com/channel/UCqf8Mlsu9tsWigALK2gT-1g,見よう PRX vs ONG / T1 vs KRX - Playoffs day3 -  VCT Pacific 20
463,Roa Ch. 海月雲ろあ,個人勢,351000,2026-08-22,0.32,1.0,シミュレーション,残す,,https://www.youtube.com/channel/UCLIpj4TmXviSTNE_U5WG_Ug,【Waterpark Simulator】ドキッ！💙夏の #ろあるか プール経営！！【海月雲ろあ/雨海ルカ】
464,獅子堂 あかり / Shishido Akari【にじさんじ】,にじさんじ,350000,2026-08-28,0.83,1.0,RPG,残す,,https://www.youtube.com/channel/UCWRPqA0ehhWV4Hnp27PJCkQ,【 タルコフ 】朝活まったりタルコフ！フェンスさんと仲良くなりたい！【にじさんじ/獅子堂あかり】
465,ピロ,,350000,2026-08-27,0.27,1.0,アドベンチャー,残す,,https://www.youtube.com/channel/UCcelVIPyGyy31G_06qCvnRQ,アホすぎる妹の車に乗って自分の声で運転を教えるゲーム【 妹に運転を教える 】
466,GAMEゆうなch,,349000,2026-08-29,0.5,1.0,RPG,残す,,https://www.youtube.com/channel/UCa6tqURg-QBi5QObeLl-8Mw,#4【キャプテン翼２ WORLD FIGHTERS 】ワールドユースチャンピオンシップ予選から!!! 世界よ、これがサッ
467,桜 舞兎 / Sakura Mau,個人勢,348000,2026-08-24,0.0,1.0,,外す（ゲーム動画なし）,,https://www.youtube.com/channel/UCIDEDCk2cFJqww1O7GgPPGA,【初見大歓迎🌸】ひたすらコメントを読んで、初見も常連も認知する会。【初見大歓迎】
468,速報,,348000,2026-10-07,0.06,1.0,RPG,残す,,https://www.youtube.com/channel/UCTftnkJ6Mkyz5wdX2jozsmw,先日公開されたガンダムの一番くじ、D賞がシュールすぎると話題になるwwww
469,MARUTAKE,,347000,2026-08-24,0.0,1.0,,外す（ゲーム動画なし）,,https://www.youtube.com/channel/UCXCiZJy_uJkrARg7nxkvyrQ,1週間Fカップ生活
470,すゑひろがりず局番,,347000,2026-09-06,0.4,1.0,シミュレーション,残す,,https://www.youtube.com/channel/UC0vhOipAozD9bZcNy6CTpgQ,【エンドクレジット】スタッフロールの違和感に気づけるか？『END CREDITS』初見プレイ
471,しゅーや,実況者,345000,2026-10-08,0.79,1.0,RPG,残す,,https://www.youtube.com/channel/UCkS_L8KIQ93C4zMcMrWudkA,【実況】因習村でスローライフ！ほの暮しの庭をツッコミ実況Part101【PS5】
472,プン,,345000,2026-09-30,1.0,1.0,タクティカル,残す,,https://www.youtube.com/channel/UCr2q670gi7tQogXMgHXwGMg,【めっちゃカメレオン】視聴者の食べ物擬態がリアルすぎた...
473,ホロライブ切り抜き/なめたけ,,344000,2026-08-27,0.0,0.0,,外す（切り抜き）,,https://www.youtube.com/channel/UCUbAVVpHteGtGQPPN9lM3oQ,
474,但野リス / Tadano Risu,,344000,2026-08-31,0.55,1.0,アドベンチャー,残す,,https://www.youtube.com/channel/UCUlCO7xOYueNmDgFRVnfDMA,視聴者とガチ対決、いきます。【アソビ大全】
475,ゾンちゅう〜ゾンビJKはゲーム配信中〜,,343000,2026-08-27,0.3,1.0,ストラテジー,残す,,https://www.youtube.com/channel/UCSgwEeOm7mrwPapt6PUt_5Q,【 #黄泉ハル村 】今回こそやらかさない3Dアモングアス【 黄泉ハルカ / コロコロコミック公式VTuber 】#ゾンち
476,つばさブロー,,343000,2026-09-23,0.78,1.0,シューター,残す,,https://www.youtube.com/channel/UCGzgKurBk66FKNJiBkTvAHg,3人が 見ザル 言わザル 聞かザル になって爆弾を解除するゲーム【BOMBANANA demo】
477,AndyPants Gaming,,342000,2026-08-19,0.12,0.0,シューター,外す（日本語の配信ではない）,,https://www.youtube.com/channel/UCoOq2zscvS3lkzoxlw1FdUw,Our Hottest Gaming Takes @SaveScumPodcast
478,【公式】ポケモンカードチャンネル,,342000,2026-08-30,0.0,1.0,,外す（ゲーム動画なし）,,https://www.youtube.com/channel/UCysOBNRW0rEmLtFptj1TN7A,【ポケカ世界大会】知って楽しい！懐かしい！近年の「環境・決勝戦」振り返りトーク【ポケモンワールドチャンピオンシップス】
479,獅子神レオナ/レオナちゃんねる,,342000,2026-09-23,0.29,0.94,シューター,残す,,https://www.youtube.com/channel/UCB1s_IdO-r0nUkY2mXeti-A,【APEX】たまにやりたくなるゲーム【獅子神レオナ┆Re:AcT】
480,夢月ロア🌖Yuzuki Roa,にじさんじ,341000,2020-10-10,0.95,1.0,アクション（横スクロール）,外す（1年以上更新なし）,,https://www.youtube.com/channel/UCCVwhI5trmaSxfcze_Ovzfw,【マイクラ】新拠点に安息の地を作る‼【夢月ロア】
481,【SUB】96NEKO-CHANNEL,個人勢,338000,2026-08-10,0.35,1.0,ストラテジー,残す,,https://www.youtube.com/channel/UCyO7wyh07pYJaZk51OV75bA,【NTE: Neverness to Everness】つっきぃと影鬼とにくきゅうと。【天月・96猫】
482,Kazaki Ch. ‐ 森中花咲 ‐,にじさんじ,336000,2026-08-27,0.2,1.0,シューター,残す,,https://www.youtube.com/channel/UCtpB6Bvhs1Um93ziEDACQ8g,【OW】夏のにじさんじOWカスタム🔫ｗにじさんじライバー9名【森中花咲/にじさんじ所属】
483,ヤン・ナリ / Yang Nari 【にじさんじ】,にじさんじ,336000,2026-08-15,0.0,1.0,,外す（ゲーム動画なし）,,https://www.youtube.com/channel/UCCHH0nWYXFZmtDS_4tvMxHQ,#にじ鯖夏祭り2026🎆 怖い2人で祭り征服！ｗ / ハリ【ナリ/にじさんじ】
484,さしぶー【ゲーム解説】,,336000,2026-08-30,0.0,0.0,,要確認（長尺動画なし）,,https://www.youtube.com/channel/UC9L-QRirPMlQCCxKMlI0tyg,
485,セトカンちゃんねる / 瀬戸環奈 Kanna Seto Official,,335000,2026-09-20,0.14,1.0,,残す,,https://www.youtube.com/channel/UCEwnHAu91EWAUVaqcOttozw,A◯女優のSNS活動について
486,だいふくチャンネル,,335000,2026-08-28,0.5,1.0,ストラテジー,残す,,https://www.youtube.com/channel/UC2uYxK0Jkiwu9o8Gxz3BWpQ,【ポケポケ】無料で砂時計がもらえる神イベント「ロケット団の野望～謎解き大作戦～」を徹底解説！裏ステージも！？【Pokém
487,Hegadel,,335000,2026-10-03,0.9,1.0,アドベンチャー,残す,,https://www.youtube.com/channel/UCgpvXjgOuEJP9JYitrfV3_w,【Minecraft】のどかな風景を作りたい - いにしえの日本を生きる Part3【ゆっくり実況】
488,常世ノ闇 TOKOYAMi,,334000,2026-09-02,0.93,1.0,,残す,,https://www.youtube.com/channel/UCuq1ynSBN4ROHC1bHJNlrWQ,【一撃一兆】これこそが、属性変化の真の使い方。【パズドラ　ブリーチ　一護　日番谷】
489,Henya the Genius,個人勢,333000,2026-08-28,0.67,0.0,アドベンチャー,外す（日本語の配信ではない）,,https://www.youtube.com/channel/UCVhRMzNWYcg8XDTgB9NFRTw,📛RANDOM HORROR GAMES DAYO!
490,北小路ヒスイ / Kitakoji Hisui 【にじさんじ】,にじさんじ,332000,2026-08-28,0.62,1.0,パズル,残す,,https://www.youtube.com/channel/UCRqBKoKuX30ruKAq05pCeRQ,【ほの暮しの庭】石切場を許さない　※ネタバレあり【北小路ヒスイ/にじさんじ】
491,鈴木勝 / Suzuki Masaru【にじさんじ】,にじさんじ,331000,2026-08-25,0.0,1.0,,外す（ゲーム動画なし）,,https://www.youtube.com/channel/UCryOPk2GZ1meIDt53tL30Tw,🛑【Binaural/黒3Dio】本気で眠りたい人のためのじっくり奥まで耳かき 2026.8.26【にじさんじ/鈴木勝】
492,カニカマ,,330000,2026-09-17,0.47,1.0,,残す,,https://www.youtube.com/channel/UCiYyUJ4ITy1-RP8pTRZFi0A,CAPCOMミラー配信！アセンダンスはあるのか！？【CAPCOMミラー配信】
493,いぬねこ,,328000,2026-08-27,0.71,1.0,シミュレーション,残す,,https://www.youtube.com/channel/UCpcOFo2ONYhf92iIGinfskw,『左に進むだけ』なのに怖すぎるで話題のホラーゲーム。【つぐのひ -天招ねく救いの糸-】全END回収
494,SqLA さくら / Riddle,,327000,2026-08-29,0.75,0.9,シューター,残す,,https://www.youtube.com/channel/UCItf9xRYdHYlGwAw9JnsnJw,栄冠ナイン3年縛り ～天才二刀流・大谷翔平編～【 パワプロ2026 】【 SqLA 】
495,Naco Ch. 餅月なこ,個人勢,326000,2026-08-27,0.0,1.0,,外す（ゲーム動画なし）,,https://www.youtube.com/channel/UCzqQYhCoGsQhzUjtFjppW1Q,【ASMR/KU100】⚠️生乳好き必見⚠️乳圧マッサージ♡お客さま、癒されて寝ましょうね♡睡眠導入ASMR♡【 Ear
496,あどみん,,325000,2026-08-29,1.0,1.0,シューター,残す,,https://www.youtube.com/channel/UCoZZvM_XSZTUicBQhkCiPtA,【ストグラ】新犯罪に思うところがありブチギレるアドミゲス【GTA5】
497,あかめいん,,323000,2026-08-27,1.0,1.0,シューター,残す,,https://www.youtube.com/channel/UCENixCNx4v78m-0e1WseRrg,【APEX】見るだけで胃もたれする極上トロール集 #4
498,タイヤキ_taiyaki_,,322000,2026-08-25,0.73,1.0,パズル,残す,,https://www.youtube.com/channel/UCqWvUgGj1K6_nLlQL39KILw,【因縁】ぷよぷよ大会準優勝経験者に、テトリスで挑む【ぷよぷよテトリス2/puyopuyotetris2】
499,純真に生きよう,,322000,2026-09-10,0.71,0.86,RPG,残す,,https://www.youtube.com/channel/UC4wsgbHDDdga-id0tUExRPQ,おはよう！やる気出して！ - 統合版マイクラ
500,アフロマスク,,322000,2026-09-12,0.95,1.0,シミュレーション,残す,,https://www.youtube.com/channel/UCT6iRPtBcmLrK2f0U1iDmjg,リアルな戦場でサバイバルしてお金を稼ぐ最新オープンワールドゲーム【 WARDOGS ライブ配信 #4 】
501,ドグマ風見のゲーム実況 ドグチューブ,,321000,2026-08-28,0.08,1.0,シューター,残す,,https://www.youtube.com/channel/UCr835lywfmaYiIBISaN-CCQ,懐かしいプレステ セガサターン「ポリメガ」にインストール【レトロゲーム】
502,りぃちょ,,321000,2026-09-28,0.69,1.0,クイズ,残す,,https://www.youtube.com/channel/UCjE8aTJdqxPsAhnxffr57xw,完全初見 記憶を全て取り戻した #3【ゼルダの伝説 ティアキン】
503,じゃすぱーちゃんねる,,319000,2026-09-13,0.05,1.0,シューター,残す,,https://www.youtube.com/channel/UCzAMU5Kgj8fGxVtcwTcq-_g,WARDOGS - 話題の100人対戦FPSで誰よりもゲームに没入する分隊長じゃすぱー
504,R-GAMES 2.0,,318000,2026-08-30,0.67,1.0,,残す,,https://www.youtube.com/channel/UCUF6r5zvxj08MxZ2dQzBfgg,レイダースのステージ名は英語だとどうなるのか調べてみた！【スプラトゥーンレイダース】【スプラ小ネタ】
505,やわらちゃんねる,,318000,2026-08-28,1.0,1.0,シューター,残す,,https://www.youtube.com/channel/UCp_Az_oKu8-J5qIQpF35JbA,【絶望】ガチでヤバい、、新しい管理者イベで奇跡の神引きをブチかますも、「過去最悪」のやらかしですべてが水の泡に、、【フォ
506,ずっくん ch.,,316000,2026-08-14,0.17,1.0,,残す,,https://www.youtube.com/channel/UCA9iO3BIQeqmQaOfTrWsKKg,【LoL#1】世界一簡単にランクを上げる方法、教えます。ヨリック解説！【勝率60%マスター昇格】
507,いかぼうず,,315000,2026-08-23,1.0,1.0,,残す,,https://www.youtube.com/channel/UCpiTZN46NnQ772HCR8Q0rDA,【最終決戦編】全ての動きが連動する”リンクフィットアドベンチャー”で痩せまくるぞ！#14【ゼルダの伝説ブレスオブザワイル
508,DELUTAYA Δ.,個人勢,314000,2026-08-26,0.14,0.93,,残す,,https://www.youtube.com/channel/UC7YXqPO3eUnxbJ6rN0z2z1Q,【🔰深夜マイクラ部/ minecraft】💎⛏スーパーChillだぜ....🌙【Δ.DELUTAYA】
509,バーチャルおばあちゃんねる,個人勢,313000,2026-08-25,0.32,1.0,シミュレーション,残す,,https://www.youtube.com/channel/UCTMgd9qnUD9qKBX5oTtD6ug,ぼくとバーチャルおばあちゃんの夏休み【ぼくのなつやすみ2 海の冒険篇】#2
510,SPYGEA / スパイギア,ストリーマー,313000,2026-08-28,0.62,1.0,シューター,残す,,https://www.youtube.com/channel/UCBnFEiB9v4afsg8tbhmIACQ,VCCゴルフでもSPYGEAたちの特大煽りをかまされる柊ツルギ【VCC GOLF】
511,七瀬 すず菜 / Nanase Suzuna【にじさんじ】,,313000,2026-08-28,0.06,1.0,,残す,,https://www.youtube.com/channel/UCtC3B1n4XMiJmrDtu1Ni5qw,【朝活】おはすず8月28日（金）＃577【七瀬すず菜/にじさんじ】
512,くろこ,,313000,2026-09-10,0.2,1.0,,残す,,https://www.youtube.com/channel/UC4e7rsaJW-M7vr55lsDMjYQ,【想像以上の強さ】”攻撃種族値154×最強特性”を合わせた超絶火力で無双する『メガアブソルZ』これは時代来たわ。【ポケチ
513,早乙女 ベリー / Saotome Berry【にじさんじ】,,312000,2026-09-26,0.79,1.0,シューター,残す,,https://www.youtube.com/channel/UC0xry7czPasj1wPxR8L0MZg,【APEX】今日も2ミリ成長したい😎昼活でランク行ってみる！！【早乙女ベリー/にじさんじ】途中から楓先輩とランク！！
514,Tsuzuri Ch. 鈴鳴つづり ‐ アソビ★まわり隊!,,312000,2026-10-06,0.42,1.0,シミュレーション,残す,,https://www.youtube.com/channel/UCy9mgxB8pn2C4aNK_MPthDQ,#１　50勝するまでオーバーウォッチ!!!!!　【鈴鳴つづり/ホロライブ/アソビ★まわり隊！】 #ホロライブ #アソビま
515,ねくろちゃん -Yamaguro Nekuro- /あおぎり高校,あおぎり高校,311000,2026-08-27,0.5,1.0,アドベンチャー,残す,,https://www.youtube.com/channel/UCs-lYkwb-NYKE9_ssTRDK3Q,ただいまとおかえり【 復帰配信 / #山黒音玄 】
516,ヒラ,個人勢,311000,2026-08-28,0.5,1.0,アドベンチャー,残す,,https://www.youtube.com/channel/UCmxAWbOvT8osBX_tGMVFVPA,【いっせいトライアル 最終日】「牧物」シリーズ最新作を遊んでみる！【牧場物語 Let's！風のグランドバザール】
517,焼まゆるのお絵かきちゃんねる,個人勢,311000,2026-08-26,0.0,1.0,,外す（ゲーム動画なし）,,https://www.youtube.com/channel/UCg7aL_drCGzlPCrV6Hys_-w,「すみっコぐらし」が可愛すぎる！お絵かきに最適な片手デバイスをレビュー✨️【iClever IC-KP08】#PR
518,アカgames,,311000,2026-08-27,0.15,1.0,,残す,,https://www.youtube.com/channel/UC5wr1qJKJOrHHK-haeZkfbg,【現在123連勝】100連勝のその先へ！7年目夏！【白球のキセキ】【プロスピ2026】【アカgames】
519,TheGamersJoint,,311000,2026-08-27,1.0,0.0,シミュレーション,外す（日本語の配信ではない）,,https://www.youtube.com/channel/UCWX3CoS0JkXYvYwuAYM1qDQ,"Nomura Shares BIG Kingdom Hearts 4 News - Worlds, Developmen"
520,蝶屋はなび / Choya Hanabi,ぶいすぽっ！,310000,2026-08-27,0.53,1.0,シューター,残す,,https://www.youtube.com/channel/UCL9hJsdk9eQa0IlWbFB2oRg,【 #ぶいすぽマイクラ夏祭り2026 】　夏祭りだああああ！！！！！！！！！！！！　【 ぶいすぽっ！ ⁠/蝶屋はなび 】
521,飯田ぽち。【Iida Pochi.】,個人勢,310000,2026-08-21,0.64,1.0,RPG,残す,,https://www.youtube.com/channel/UC22BVlBsZc6ta3Dqz75NU6Q,【コミケ】夏コミ２日目　待機列　【ぽち小屋。POPUPも1日目】【飯田ぽち。Iida Pochi.】
522,ひろちんくん,,310000,2026-08-29,0.62,1.0,シミュレーション,残す,,https://www.youtube.com/channel/UClL5RDFXl-c87pMWfI-3lyw,【賢者の石 Part2 開封】賢者の石パック、遂に賢者の石登場！
523,小雀とと / Toto Kogara,ぶいすぽっ！,307000,2026-08-27,0.8,1.0,シューター,残す,,https://www.youtube.com/channel/UCgTzsBI0DIRopMylJEDqnog,【 #ぶいすぽマイクラ夏祭り2026 】夏の思い出🎆【 ぶいすぽ / 小雀とと 】
524,むと / MUTO,,305000,2026-08-30,1.0,1.0,シューター,残す,,https://www.youtube.com/channel/UCgCi2SgqJzcBoRurhzWEetg,ブルータスがブレインロットを引退しようとした結果！？他９本まとめ【茶番/フォートナイト】
525,お祭りくん,,305000,2026-09-05,1.0,1.0,シューター,残す,,https://www.youtube.com/channel/UCpOH7QWJI7N4FueKSiekZKw,🔴ブレインロットファイトの管理者イベントで奇跡を起こす配信！大型アプデくる！？【ブレインロット】【フォートナイト】
526,ちささこ,,303000,2026-10-02,0.82,1.0,シミュレーション,残す,,https://www.youtube.com/channel/UCEGjFuq2ooAg_LdZyJYGryA,【めっちゃカメレオン】視聴者参加型⭐️はじめてのカメレオン｜Switch2版【生配信】
527,麻酔 Masui,,302000,2026-09-19,0.8,0.9,,残す,,https://www.youtube.com/channel/UCXUUh47D2VNtpsMjut8OHgQ,【#原神 】休日のげんしん雑談(サムネは後で変える)
528,Syusetu kohaku/秋雪こはく,,301000,2026-08-28,0.91,1.0,シューター,残す,,https://www.youtube.com/channel/UCQLyq7TDKHlmp2Ufd5Z2qMw,【パルワールド】Big Walkをする予定が消えたのでパルします6【REJECT/秋雪こはく】
529,ZETA DIVISION,,301000,2026-09-27,0.23,0.69,RPG,残す,,https://www.youtube.com/channel/UCnt5hmHu3kLN-LLOuCgAQ2g,部門の垣根を超えてラウンジに大集結！ | TOKYO GAME SHOW 2026 // ZETA DIVISION V
530,J's Reviews,,299000,2026-08-21,0.78,0.0,アクション（横スクロール）,外す（日本語の配信ではない）,,https://www.youtube.com/channel/UCOiqB1MjAZpaq4m8WIoqQAw,Does The Metal Gear Solid Timeline Make ANY Sense?!
531,ペェモン,,299000,2026-09-13,0.0,0.0,,要確認（長尺動画なし）,,https://www.youtube.com/channel/UC2du4PClH6gcK0tjDpY1gmg,
532,甘結もか / Amayui Moka,ぶいすぽっ！,296000,2026-08-27,0.79,1.0,シューター,残す,,https://www.youtube.com/channel/UC8vKBjGY2HVfbW9GAmgikWw,【 #ぶいすぽマイクラ夏祭り2026 】皆と遊ぶ！！🎆【 ぶいすぽっ！甘結もか 】
533,どぐら 生駒デビル,,296000,2026-08-28,0.68,1.0,,残す,,https://www.youtube.com/channel/UCS_rn3TUkwpXCKc-WUtxNMw,【スト6】どぐらのサブキャラ候補としてテリーが浮上！？大幅強化されたテリーが気になるのでランクマするどぐら
534,シュート。,,296000,2026-08-29,1.0,1.0,シミュレーション,残す,,https://www.youtube.com/channel/UCKU0SVkIPRqwiZaXJ9rXhdw,【神爆誕】両利きパス守備うまな最高DMFをGETしちゃいました。可変フォメで超使いやすいぞ!!【eFootballアプリ
535,ぷんきち【マイクラ】,,296000,2026-08-30,0.0,0.0,,要確認（長尺動画なし）,,https://www.youtube.com/channel/UCXegLoqVYNji_qLi9hpN_FA,
536,ダークネス山本,,292000,2026-08-30,0.95,1.0,,残す,,https://www.youtube.com/channel/UC8Md6Zy3HPN5rHWKhm5qhqg,【⁉︎】超強化で誰も使ってなかった特殊ブキが最強になり過ぎてるんだが。【Splatoon3】
537,たかちゃんねる,,291000,2026-08-30,0.25,1.0,シューター,残す,,https://www.youtube.com/channel/UCihYMokYrglpPKgjzbZYgqA,【麻雀 WROTL】麻雀の世界大会で爆裂させました【多井隆晴】
538,うらめちゃんねる /あおぎり高校,あおぎり高校,290000,2026-08-27,0.0,1.0,,外す（ゲーム動画なし）,,https://www.youtube.com/channel/UCmiYJycZXBGc4s_zjIRUHhQ,【#なつもん~20世紀の夏休み~】28日目 | 広告を見にいく、広告を見にいく、広告を見にいく【#春雨麗女  #あおぎり
539,ななもん,,290000,2026-08-28,0.54,1.0,ストラテジー,残す,,https://www.youtube.com/channel/UCi8-9KUx6nyb8Tn0RJCWifg,【超自然スクワッド】マルチメンバー4人で今流行の爆笑ホラゲーやってみた【生声】
540,ta1yo_tv,ストリーマー,289000,2026-10-07,0.1,0.7,RPG,残す,,https://www.youtube.com/channel/UC8jr3VTOgwtvu-2Pq373k3g,[OW]  シーズン５開幕！！！ワクワクが止まらない。
541,天月のやりたい放題ちゃんねる。,ストリーマー,289000,2026-10-08,0.78,1.0,シューター,残す,,https://www.youtube.com/channel/UCY_10f4ef0e1T2skAbHBQTg,【鳴潮】リスナーのコメントを爆速フラグ回収し、最高の神引きを魅せる天月【天月】
542,あまくだり,,289000,2026-09-19,0.61,1.0,RPG,残す,,https://www.youtube.com/channel/UCuQ5bzjS-9qV4eBbGJ19qmw,機械巨人と最終決戦！！不見山編クライマックスに挑むぜ！！後編【風燕伝: Where Winds Meet】
543,北見遊征 / Kitami Yusei【にじさんじ】,,289000,2026-10-06,0.67,1.0,アドベンチャー,残す,,https://www.youtube.com/channel/UCcx3crxPFi006DUhb_YU-tw,【わいわいWi-Fi】わいわいしに来ました【北見遊征/にじさんじ】
544,Capcom Fighters JP,,285000,2026-08-28,0.06,1.0,シューター,残す,,https://www.youtube.com/channel/UCu2Fxqf37DAZ0ZhIsd1FZwA,「ストリートファイターリーグ JAPAN 2026」Division F 第2節　☆☆18時40分より初心者必見！SFリ
545,ジグル Ziggru,,283000,2026-08-22,1.0,1.0,ストラテジー,残す,,https://www.youtube.com/channel/UChVXHytJ48W7XvFrN0aU7HA,【ゆっくり実況】大地を操る岩石闘士になるんだよ！あくしろよ！ # 1 【RUMBLE】
546,ゆらぎゆら / YuragiYura🌙🫧,ミリプロ,282000,2026-08-27,0.2,1.0,,残す,,https://www.youtube.com/channel/UCjKPgy9YPt16z8AFMi-TLeA,【 飲酒┆Minecraft】所持金０から、ぼっち夏祭りを誰より楽しむ【 ゆらぎゆら/ミリプロ 】
547,新兵シャウト,,282000,2026-08-28,1.0,1.0,シューター,残す,,https://www.youtube.com/channel/UCCOYCHUFHtkbrkp2Cspka-A,いたパスメンバーたちに内緒でベッドウォーズ中”無敵”すぎる『チート部屋』に入って無双してみた結果…ｗｗｗ【フォートナイト
548,西園寺メアリ / Mary Channel【ななしいんく】,ななしいんく,279000,2026-08-28,0.42,1.0,,残す,,https://www.youtube.com/channel/UCwePpiw1ocZRSNSkpKvVISw,【ぼくのなつやすみ2】虫相撲最終決戦！絶対勝とうな！ 最終回【西園寺メアリ / ななしいんく】
549,たいじ/たいちゃんねる,,278000,2026-08-26,0.7,1.0,RPG,残す,,https://www.youtube.com/channel/UCTrckUWmmrRZcNrfu1mZDOg,たいじの『ドラゴンボールZ KAKAROT』人造人間・セル編 ダイジェスト【第3章】
550,コジマ店員のホラーは恐くない,,278000,2026-08-25,1.0,1.0,アドベンチャー,残す,,https://www.youtube.com/channel/UC-PYFlNwRzLcGfMzT4pSl5Q,【バイオRE:2】最終回！恐怖のラスボス戦！海外話題沸騰中の原作再現バイオ＃６【Resident Evil RE2  H
551,マメソラ,,278000,2026-09-18,0.85,1.0,タクティカル,残す,,https://www.youtube.com/channel/UCfuHRfRTp5j5GLDXmW7RaCA,【神回】倒されたら指定された方法で全力で休まないといけない「リラックスプラべ」が神ゲーすぎたwww【スプラトゥーン3】【
552,フミ/にじさんじ,,277000,2026-09-19,0.08,1.0,,残す,,https://www.youtube.com/channel/UCwrjITPwG4q71HzihV2C7Nw,【#にじ遊戯王祭2026】おい、決闘してくださります？【にじさんじフミ 】
553,眠雲ツクリ / NemukumoTsukuri,ミリプロ,276000,2026-08-28,0.44,1.0,アドベンチャー,残す,,https://www.youtube.com/channel/UCekc8SI533NI675r9aCBRcQ,〖 白栄大学 0号館 〗ついに大学デビュー、友達できるかな〖 眠雲ツクリ / ミリプロ 〗
554,ゆゆうたパワー系切り抜き,実況者,275000,2026-08-24,0.0,1.0,,外す（切り抜き）,,https://www.youtube.com/channel/UCarvAHwttb_r2hYihGX8aXA,【ネタバレ注意】ゆゆうたの「魔法少女ノ魔女裁判」part9【2026/08/24】
555,SKJ Village,,275000,2026-08-30,0.25,1.0,,残す,,https://www.youtube.com/channel/UC0N2mghwqb4UzPGqE8yIX-Q,【神回】0 1HPの差で勝ち負けが決まる超絶神展開が!!!
556,ほしりゅう,,274000,2026-08-09,0.92,1.0,レース,残す,,https://www.youtube.com/channel/UCXuxTLb5JI5_24xhGcszuvQ,【スプラトゥーン3】味方が回線落ちしてもリッターで無双すれば良いのさ【ゆっくり実況+茶番】
557,zakkuri24,,272000,2026-09-09,0.0,0.0,,要確認（長尺動画なし）,,https://www.youtube.com/channel/UCzMb8EAdOqp1FwRwmosycDg,
558,エルトライト,,271000,2026-09-09,1.0,1.0,,残す,,https://www.youtube.com/channel/UCymUFlFt2gKlaCu0RRVYhDA,メガサメハダーはポケモン界最速で超火力！ギャラドスの劣化なわけないだろうが！【ポケモンチャンピオンズ】【ゆっくり実況】
559,みそらくん,,267000,2026-09-22,0.0,1.0,,外す（ゲーム動画なし）,,https://www.youtube.com/channel/UCVZL24gsn601uz30FirXT5w,初心者の友達を『都市伝説マップ』に連れていったら号泣したｗｗｗ【ロブロックス】【みそらくん / ゆたくん / やなと】
560,エミ ゲーム研究,,266000,2026-08-28,0.0,0.0,,要確認（長尺動画なし）,,https://www.youtube.com/channel/UCUBDKxid8JftUm_cb7Ql3Aw,
561,KENT for 任天堂ゲームレビュー,,266000,2026-09-04,0.45,1.0,RPG,残す,,https://www.youtube.com/channel/UC464r66lcf6absw_jSqzXpA,【クリアレビュー】「ファイアーエムブレム 風花雪月」が絶賛された7つの理由【万紫千紅 発売記念】
562,towacoチャンネル,,265000,2026-09-24,0.55,1.0,アドベンチャー,残す,,https://www.youtube.com/channel/UCcAGc7BqTIyEjeXZM6QhGiQ,マイクラ肝試しが終わった後で謎解きやる
563,カズマの巣窟,,264000,2026-08-28,0.0,0.0,,要確認（長尺動画なし）,,https://www.youtube.com/channel/UCG_1p3_QPPODmYI6bKEMl_A,
564,けいきちゃんねる,,264000,2026-08-30,0.93,1.0,シューター,残す,,https://www.youtube.com/channel/UCoshLrMqXNr9ML94UK50Z3A,アンリアルレジェンド日記 4日目 2800位～↑【フォートナイト/Fortnite】
565,Subroza,,260000,2026-08-26,0.0,0.0,,外す（ゲーム動画なし）,,https://www.youtube.com/channel/UCwcAmErkjJ5dulfrrZjrQEw,We Got CARRIED By FNS...
566,ちょぶり【イーフト解説】,,259000,2026-08-29,1.0,1.0,シミュレーション,残す,,https://www.youtube.com/channel/UCQRl0OJyUB_02HNt7OQrY4w,"アプデ後、本当に取ってよかった最強選手ランキング！TOP3が強すぎる！使用感＆能力まで徹底解説！【eFootball,イ"
567,鏑木ろこ / Kaburaki Roco【にじさんじ】,,258000,2026-09-22,0.16,1.0,アドベンチャー,残す,,https://www.youtube.com/channel/UClrQ7xhRBxS_v_-WuudGKmA,【  #にじ遊戯王祭2026 】 いよいよBリーグ本番！行くわよ！チーム HALO-別々に路で出会った僕らは共に歩み、そ
568,田中ch,,258000,2026-09-23,0.5,1.0,,残す,,https://www.youtube.com/channel/UCIOy3tNqJxda5FghRGPgK2g,田中chから謝罪がございます
569,ルイス・キャミー,,257000,2026-08-28,0.58,1.0,シミュレーション,残す,,https://www.youtube.com/channel/UCb6ObE-XGCctO3WrjRZC-cw,【麻雀/雀魂】雀聖１大殺界を乗り越えたいルイス【ルイス・キャミー/にじさんじ】
570,そろがみ/Sorogami,,257000,2026-09-16,0.9,1.0,,残す,,https://www.youtube.com/channel/UCr4n3uNwGOyGRrTWtEsstyQ,【段位道場2026】玄人～達人を初見で挑戦したらヤバすぎたｗｗｗ【太鼓の達人】
571,コブレッティ,,256000,2026-09-04,0.95,1.0,,残す,,https://www.youtube.com/channel/UCCX01LQLxxwGvzMaREZ-Iuw,熟　練　度　０　マ　ニ　ュ　ー　バ　ー　【splatoon3】【爆速ゆっくり実況】
572,40代ゲーマーなちょす,,255000,2026-08-25,0.0,1.0,,外す（ゲーム動画なし）,,https://www.youtube.com/channel/UC37xmcTGYR8W31vUN6l4JHA,【メガドライブ】ヴァリス３　ヴァリスという名のエロス
573,アークナイツ：エンドフィールド,,255000,2026-09-02,0.8,1.0,RPG,残す,,https://www.youtube.com/channel/UCGVCAOZvDH7_fmuRVxkusFQ,『アークナイツ：エンドフィールド』ティフォロスEP - 『Fragmented Dreams』
574,司賀りこ / Shiga Riko【にじさんじ】,,254000,2026-08-28,0.17,1.0,,残す,,https://www.youtube.com/channel/UCzsCWYuvPUky3-DKzphYbEw,【非公式ソングを公式にしちゃった】梅雨空とスタインウェイ covered by 司賀りこ/にじさんじ所属
575,凪/Nagi-ゲーム実況,,253000,2026-09-11,1.0,1.0,パズル,残す,,https://www.youtube.com/channel/UCTcnJXO452QM1Bzg0qVtSmA,【原神】超強化で遂に達成⁉ 主人公限定＋聖遺物禁止の鬼畜縛りでスネージナヤ地方で説に挑む！【Genshin Impact
576,知識豚,,253000,2026-10-07,0.0,0.0,,要確認（長尺動画なし）,,https://www.youtube.com/channel/UCXExo806poERtWfNF6qBRWg,
577,Akari ch.夢野あかり,ぶいすぽっ！,252000,2026-08-14,0.11,1.0,,残す,,https://www.youtube.com/channel/UCS5l_Y0oMVTjEos2LuyeSZQ,神楽めあとrassyaとYUKIO達でヤマトタケルに挑戦した結果、大爆笑wwww
578,ピカソ☆,,251000,2026-09-11,0.92,1.0,格闘,残す,,https://www.youtube.com/channel/UCY-vDSG2bGwxVNHJiLCCO9w,自動的にバケモノを完成させる方法ｗｗ【Pokémon Champions】
579,龍ヶ崎リン / Rene Ryugasaki【ななしいんく】,ななしいんく,249000,2026-08-26,0.56,1.0,RPG,残す,,https://www.youtube.com/channel/UC2hc-00y-MSR6eYA4eQ4tjQ,【FF7】29年前の伝説的傑作RPG！オリジナル版「ファイナルファンタジーVII」初見実況プレイ #5【龍ヶ崎リン / 
580,らーなろっそ(Rana_rosso),,249000,2026-09-05,0.86,1.0,シューター,残す,,https://www.youtube.com/channel/UCPepnRNOxyQWrPG8tgN2B3w,【マイクラ】巨大列車が走る街を作る、普通の村をスチームパンク化！-らなクラ王国part9【マインクラフト 実況】
581,カワノKawano,,248000,2026-08-28,0.88,1.0,,残す,,https://www.youtube.com/channel/UCzRzPAT-AjlPyec5yXG974g,【スト6】２段階認証はちゃんとしろ
582,きょうぺいちゃんTV,,248000,2026-08-29,1.0,1.0,,残す,,https://www.youtube.com/channel/UC0_nOHqfcBd8Jzx9YGXJ6AQ,嵐の半島の宝物庫が豪華すぎてヤバいｗｗ宝庫の鍵の場所、PC版先行アプデ【#荒野行動】# Knives Out  #荒野ア
583,NX☆くさあん,,244000,2026-09-13,0.93,1.0,,残す,,https://www.youtube.com/channel/UCL7VEatXa9yBCKeM-ww8TnA,第6回個人杯 決勝【マリオカートワールド】
584,Vtube Tengoku,,242000,2026-08-28,0.15,0.0,ストラテジー,外す（日本語の配信ではない）,,https://www.youtube.com/channel/UCg02KL1G0nmH0QzFuLsVoRQ,Marine Destroying Okayu In Seconds In Puyo Puyo Tetris Caugh
585,フルコンチャンネル,たろちん指定,241000,2026-08-27,0.8,0.95,ストラテジー,残す,,https://www.youtube.com/channel/UCv_jreWfYg70AcUQHrdJwNQ,「ギガワット」を初めてちゃんと使えた気がする【Backpack Battles / BpB #460】
586,ちよみch. 千代浦蝶美 /あおぎり高校,あおぎり高校,240000,2026-08-27,0.12,1.0,シューター,残す,,https://www.youtube.com/channel/UCyY6YeINiwQoA-FnmdQCkug,【歌枠】Key作品縛り🎤鍵っ子さん、集合～～！！！ #あおぎり高校 #千代浦蝶美 #vsinger
587,シャッポ / SHAPO,,240000,2026-08-30,0.91,1.0,シューター,残す,,https://www.youtube.com/channel/UC7jbmTxRMsfhKrzLDd8dpzQ,運営のバトロワ調整に批判!神コラボが◯日実装!OGワンタイム大成功!VB詐欺も話題に!最新情報を解説!【フォートナイト】
588,ふぇいたん,実況者,239000,2026-09-25,0.45,0.95,,残す,,https://www.youtube.com/channel/UCbdmvBJuphbyB2_LjBMW3MA,【荒野行動】初めて見た武器縛りで3勝するまでおわれません!!
589,FGO攻略班 - AppMedia,,238000,2026-08-29,1.0,1.0,RPG,残す,,https://www.youtube.com/channel/UCSU6Ye0mZqIxErp5OFu8qbQ,【FGO】神イベ周回ラストスパート！土曜日も無限周回じゃああ！
590,ソバルト / SoVault,,238000,2026-08-29,0.89,0.95,シューター,残す,,https://www.youtube.com/channel/UC-8IQG9ldD4C5NNeMpBIkXw,"【BF6】哨戒艇"" 出撃スロープ戦術 ""が強すぎる件 -BATTLEFIELD6 シーズン4-BF6実況 -【ソバルト】"
591,Ria,,238000,2026-09-02,0.0,0.0,,要確認（長尺動画なし）,,https://www.youtube.com/channel/UCgv8U0W2hbT3JgO79PUjSug,
592,じゃじゃーん菊池 GAME,,238000,2026-10-09,0.15,1.0,,残す,,https://www.youtube.com/channel/UCi2kiw8hMo0vMAh5lXiafug,【#homeクラ】次のシーズン、重大発表！　のちバトル企画
593,Vezalius Bandage 【NIJISANJI EN】,,236000,2026-08-27,0.59,0.12,ストラテジー,外す（日本語の配信ではない）,,https://www.youtube.com/channel/UCK9l6rTwU3hiSZijIMq51Gw,【日本語勉強】Japanese Study【NIJISANJI EN | Vezalius Bandage】
594,おもちゃTV2nd,,235000,2026-08-29,0.0,1.0,,外す（ゲーム動画なし）,,https://www.youtube.com/channel/UCZDL3zShoL7ql7a1796-hYw,【イーフト2027守備講座】勝率95%が教えるこれをやるだけでめっちゃ失点が減る最強守備
595,しぇいどch,,235000,2026-09-11,1.0,1.0,,残す,,https://www.youtube.com/channel/UC9SNhQ9dCGvs3QCtxp_pHpg,"""ちいさくなる統一""で回避率を上げまくって、相手の技を全て回避してしまえば最強に決まっている説【ポケモンチャンピオンズ】"
596,おかずクラブちゃんねる,,234000,2026-08-27,0.0,1.0,,外す（ゲーム動画なし）,,https://www.youtube.com/channel/UCgtb1q6puCtkNhI0PMPPnsQ,【生配信】夏の終わりのたこ焼き生配信！
597,ゲーミングボーイ,,234000,2026-09-23,0.6,1.0,アドベンチャー,残す,,https://www.youtube.com/channel/UCz05CgTYlDSOIJlZgOYz6nA,【トルネコの大冒険】99階まで散歩して帰宅
598,じんむ,,233000,2026-09-07,0.73,1.0,RPG,残す,,https://www.youtube.com/channel/UCRLKo8L32CJUg1pKJG7LJpg,今日からニンダイだああああああ！！！朝活🐓おはようあつ森！9/8(火)
599,こうへいゲームズ,,233000,2026-09-26,0.93,1.0,アクション（横スクロール）,残す,,https://www.youtube.com/channel/UCxEErny68iLYqGktzmXKXuA,かわいい動物に紛れた『化け物』を見つけるロブロックス!!【ROBLOX/ロブロックス】
600,インゲン,,230000,2026-09-26,0.0,1.0,,外す（ゲーム動画なし）,,https://www.youtube.com/channel/UCFZD0RaNpWi_37hpnOWuIFg,フィールドも天候も制する最新型の晴れパがアツい！【色んな意味で】
601,たいようあめみや,,229000,2026-08-28,1.0,1.0,パズル,残す,,https://www.youtube.com/channel/UCHog7L3CzsDg2GH9aza1bPg,最強帯レート戦【ぷよぷよテトリス2】
602,リドラの謎解きチャンネル,,229000,2026-09-22,0.17,1.0,パズル,残す,,https://www.youtube.com/channel/UC5ipSMPe33Q-rWmyNCSBTDQ,花火を見ながら謎解きをしよう！！（オフィスで）
603,Rieru Ch. 我部りえる /あおぎり高校,あおぎり高校,228000,2026-08-27,0.33,1.0,パズル,残す,,https://www.youtube.com/channel/UCFvEuP2EDkvrgJpHI6-pyNw,【 昼活 】　今日のお昼は、麺っめん～僕イケっめん～🍜【 #あおぎり高校D組 】
604,雨夜リズ / Amayo Liz,ミリプロ,227000,2026-08-27,0.5,1.0,,残す,,https://www.youtube.com/channel/UCtQwleVyBMjBGNuUQ7a-KYg,NET CHOOSE SHOW／雨夜リズ（official）
605,mittiii 【みっちー】,,227000,2026-08-26,0.27,1.0,シミュレーション,残す,,https://www.youtube.com/channel/UCYX2lGNvaS9LN2vkwJn7lEA,【マジで見て】スーパープレイを連発しLOLの楽しさ全力で味わうみっちー【LoL/mittiii】
606,あまみちゃんねる,,227000,2026-09-14,0.55,1.0,,残す,,https://www.youtube.com/channel/UClrGx_LMxcE-Unwhgvb334Q,ついに見るハンマー武器紹介に興奮して何回も見ちゃうあまみｗｗｗ【アセンダンス】
607,Ink Ribbon,,226000,2026-08-19,0.78,0.0,アドベンチャー,外す（日本語の配信ではない）,,https://www.youtube.com/channel/UCuk-vTs6rUGCkSGK3cj1Q7Q,The Most Mysterious Gun in Resident Evil
608,ゆっくりクウカイと言う名の生命体,,226000,2026-09-28,0.06,1.0,,残す,,https://www.youtube.com/channel/UCwtIeMyWUgTT6toKnaHXzDg,【＃ゆっくり実況】ゆっくり達がカオスな臨海学校に参加するようですよ！？【青鬼臨海学校編1話】※雑音注意#青鬼＃ゆっくり
609,けいじチャンネル,,224000,2026-08-27,0.25,1.0,アドベンチャー,残す,,https://www.youtube.com/channel/UCh_fW8LxPsfr9UooM37tRSA,【PSストアセール】PS5gamescomセールが来たぞ！買うべきゲームはあるのか！？
610,元奨励会員アユムの将棋実況,,224000,2026-09-29,0.0,1.0,,外す（ゲーム動画なし）,,https://www.youtube.com/channel/UC8Wi0RcjvIy5z7V4Eypmzww,服部七段-牧野六段(王位) 三浦九段-黒田六段(朝日) 藤本七段-勝者(朝日) 本田女流-八木女流(女流王位) 加藤桃女
611,エトラ / étraチャンネル,あおぎり高校,222000,2026-08-25,0.47,1.0,アドベンチャー,残す,,https://www.youtube.com/channel/UCAHXqn4nAd2j3LRu1Qyi_JA,【DISM】えとぽっぷﾓﾁﾓﾁの秘訣【エトラ・ぷわぷわぽぷら/あおぎり高校】
612,犬養　- INUKAI Ch. -,,222000,2026-08-25,0.5,1.0,シューター,残す,,https://www.youtube.com/channel/UCQb4rUTrgEUlEf4vN7e87Dw,【あつ森】お前らちゃんとやってんのか？（エリマネ）【 犬養/ 個人勢VTuber 】
613,布団ちゃん切り抜きMAX,,219000,2026-08-27,0.22,1.0,シューター,外す（切り抜き）,,https://www.youtube.com/channel/UCfTfI2-PkGYgcQHoVk85tCA,布団ちゃんの雑談ダイジェスト「こんばんは！雑からFFだナ！」【2026/8/27】
614,電ファミ公式チャンネル,,219000,2026-09-21,0.62,1.0,アドベンチャー,残す,,https://www.youtube.com/channel/UCCtPlIxooFeAmSuQ6BKbxtQ,『SILENT HILL: Townfall』先行プレイ。ステルス必須かもしれないクリーチャーに遭遇。怖すぎ！【サイレン
615,天帝フォルテ / Tentei Forte,Neo-Porte,218000,2026-08-27,0.47,1.0,RPG,残す,,https://www.youtube.com/channel/UC8hwewh9svh92E1gXvgVazg,【LOL】最速サレンダーしても勝ったら伝説の煽りカニミームを送り付ける天帝たち【天帝フォルテ / ネオポルテ】
616,Polsポルス,,218000,2026-08-30,0.93,1.0,シューター,残す,,https://www.youtube.com/channel/UCD0gkJpb0PBY-Nh_mH48tfQ,ぶゅりる1v1イベントに秘密凸してみた結果まさかの...!?【フォートナイト】
617,よっちの休日,,218000,2026-10-03,0.0,1.0,,外す（ゲーム動画なし）,,https://www.youtube.com/channel/UC0H4UQ4sWW0dNicOMgXorIQ,【謎】助けて下さい！死体のある部屋に監禁されました...
618,ハルパパgamesTV,,217000,2026-08-29,0.75,1.0,,残す,,https://www.youtube.com/channel/UCfv_0fsUP1M9fW7BreAxfgw,新シーズンかっとばしていこう　#荒野行動#荒野の光 #荒野夏祭り
619,ファミ通TUBE,,216000,2026-08-28,0.13,1.0,アクション（横スクロール）,残す,,https://www.youtube.com/channel/UCtPyU9cJgvvgH03PQKgaucA,ホヨバース新作『ノーダスフォール』はリアル指向なPvEオンラインマルチアクション。Co-opや特色あるボス戦のプレイ動画
620,御子神琴音 / Mikogami Kotone【にじさんじ】,,216000,2026-09-22,0.7,1.0,格闘,残す,,https://www.youtube.com/channel/UCwjlRIySBvZ-kLV5bfjya4A,【BOMBANANA!】🙈🙉🙊3匹で協力すれば爆弾解除なんて余裕、ですよね【御子神琴音 / にじさんじ】
621,サリーぶろっくす,,215000,2026-09-12,0.0,1.0,,外す（ゲーム動画なし）,,https://www.youtube.com/channel/UC1jbYZL8wiXM1Cb6FYJtwNw,「クラフトマシン」がやってくる..
622,ばぶお【マイクラ】,,214000,2026-08-31,0.0,0.0,,要確認（長尺動画なし）,,https://www.youtube.com/channel/UCVBlwedCDr97MNAUulkuqUg,
623,エスケー配信者,,213000,2026-09-02,0.5,1.0,,残す,,https://www.youtube.com/channel/UCD1rEFFZgT1T6_QN84j4dng,深夜に裏でシコシコ戦闘力上げしてる陰キャから戦闘力軒並みカツアゲしたら配信中に電凸されて過去一荒れましたwww【スマブラ
624,ぱるん,,213000,2026-09-03,0.0,0.0,,要確認（長尺動画なし）,,https://www.youtube.com/channel/UCZLSaM8sAH9wAFBCtjIX-5A,
625,シャオメイ【ゲーム実況】,,212000,2026-08-27,0.6,1.0,,残す,,https://www.youtube.com/channel/UCLBGQmAAJG1MyXvH9duFcJg,「最終回」今年も夏が始まった！！！！…＃6【ぼくのなつやすみ】
626,アスモさん,,212000,2026-08-28,0.65,1.0,アドベンチャー,残す,,https://www.youtube.com/channel/UC1s9QtoAUdt6u4klNFePCUA,【ゆっくり実況】青鬼完全新作！夜の廃校に出てくる新種の青鬼たちが怖すぎる...【ホラーゲーム】【青鬼 -臨海学校-】
627,白瀬,,211000,2026-08-28,1.0,1.0,,残す,,https://www.youtube.com/channel/UCeuNlK0yX-6_4930q0JUGNw,【総集編】楽しすぎた３人の異世界生活【叶/わきを/稲荷いろは/ストリヌ/マイクラ/Minecraft】
628,Somen Channel,,211000,2026-09-10,0.79,1.0,,残す,,https://www.youtube.com/channel/UC-z9BHSVtBEOJPkGBIfEPSA,【鳴潮】お手軽だけど武器は重要！「景燃」の性能とおすすめ武器・音骸・編成を徹底解説【めいちょう】
629,銀城サイネ / Ginjo Saine,ぶいすぽっ！,210000,2026-08-28,0.93,1.0,RPG,残す,,https://www.youtube.com/channel/UC2xXx1m1jeL0W84_0jTg-Yw,【スト6】指の体操のお時間です【ぶいすぽっ！ #銀城サイネ 】
630,GreedZz,,209000,2026-09-12,0.77,1.0,シューター,残す,,https://www.youtube.com/channel/UCsRYR3fNYeCVkcx9qXMNhPg,世界1リアルなFPSの極限モードが現実だった... | BodyCam
631,ぷわぷわぽぷら /あおぎり高校,あおぎり高校,208000,2026-08-28,0.07,1.0,,残す,,https://www.youtube.com/channel/UC1sBUU-y9FlHNukwsrR4bmA,8月最後のぽぷちゃんふれあい広場🐾
632,ちろる,,208000,2026-08-27,0.0,1.0,,外す（ゲーム動画なし）,,https://www.youtube.com/channel/UCRGVyiYPE959rsZjiQJpA9w,【 公式戦 🔴 LIVE 】 阪神タイガース 対 読売ジャイアンツ 実況・同時観戦｜初心者・他球団ファン歓迎
633,空星きらめ/Sorahoshi Kirame【にじさんじ】,,208000,2026-08-26,0.26,1.0,RPG,残す,,https://www.youtube.com/channel/UC_82HBGtvwN1hcGeOGHzUBQ,【#ぶるくだラジオ】第13回 祝1周年～！🎉2人で色々挑戦していきたいね【にじさんじ／空星きらめ＆雪城眞尋】
634,きほんはまる,,208000,2026-08-23,0.0,0.0,,要確認（長尺動画なし）,,https://www.youtube.com/channel/UCnX9b_WzizMqgnUJOyglSwQ,
635,れどぉ,,206000,2026-08-30,0.0,0.0,,要確認（長尺動画なし）,,https://www.youtube.com/channel/UC3Gy50Xw9Mw7f4907-quSCQ,
636,すももチャンネル,,206000,2026-09-10,0.5,1.0,アドベンチャー,残す,,https://www.youtube.com/channel/UC38hCsF3st1pBJBw8JnAu2g,ブラック高校野球を実体験し絶望するすもも
637,ゴブリン,,205000,2026-08-27,0.27,1.0,,残す,,https://www.youtube.com/channel/UC4QGC7n7sxPeqAvTMMiKWrw,【ついに最上位ピーチ】とりあえず見てほしい。おかしいから。
638,石狩あかり/あおぎり高校,あおぎり高校,204000,2026-08-24,0.33,1.0,,残す,,https://www.youtube.com/channel/UC7wZb5INldbGweowOhBIs8Q,どうやら出るらしいんだよね…
639,稲荷いろはInari Iroha,,201000,2026-09-24,0.85,1.0,シューター,残す,,https://www.youtube.com/channel/UCWIPfdcux1WxuX5yZLPJDww,【#レーシングマスター】レーシングマスター×hololiveコラボを応援！たまさんとレース対決するぞ🚙【稲荷いろは/犬山
640,やぶからおそると / Oh_Salt,,200000,2026-09-13,0.0,0.0,,要確認（長尺動画なし）,,https://www.youtube.com/channel/UCuhNfIQuEkvoGfVjZBIO8Zw,
641,Dゲイル,,199000,2026-09-03,0.56,1.0,アドベンチャー,残す,,https://www.youtube.com/channel/UCBERF7Bp43yKWe-9e3fqoqw,【State Of Play】ソニーの発表会を皆で見よう！連続で日本向け放送も！ 一体何が始まるんです？ PS5
642,やざせろりバチ工房,,198000,2026-09-12,0.11,1.0,,残す,,https://www.youtube.com/channel/UCIA82cqwsrsAt1zV4DmAhQw,段位配信でドパッちゃったのでそのままカラオケ来ました（たぶん消す）
643,いく【ゲーム・アニメの雑学小ネタ紹介チャンネル】,,198000,2026-09-14,0.0,1.0,,外す（ゲーム動画なし）,,https://www.youtube.com/channel/UCnQ5AV_pKSN1zGzB4iG2ryQ,【幻】クリア後じゃないと遊べないゲームの隠し要素10選
644,神永タイガ / Kaminaga Taiga【にじさんじ】,,198000,2026-09-14,0.33,1.0,,残す,,https://www.youtube.com/channel/UCxTIuegV_Vqx11ctdeezPRQ,【朝活#５】おはよう配信😪～9月15日(火)～　# ０２【神永タイガ / にじさんじ】
645,JourdanGames,,197000,2026-08-27,0.5,0.0,アクション（横スクロール）,外す（日本語の配信ではない）,,https://www.youtube.com/channel/UCP6uPaIYN9N4Fy6lcOU3U7g,I went on a BIG WALK 🌿| Big Walk playthrough (pt. 1)
646,デュエチューブ-DM公式-,,197000,2026-09-03,0.07,1.0,ストラテジー,残す,,https://www.youtube.com/channel/UCGm5NSZFeb7q54h52bvX80g,"【新カード】""爆発""的な踏み倒しが""連鎖""する！？まさに『爆龍羅王』なキングマスターディスペクター《爆龍羅王 ゴリナボル"
647,かずのこチャンネル,,196000,2026-08-28,0.7,1.0,シミュレーション,残す,,https://www.youtube.com/channel/UCQ78z42ZYZHLlCiDrUiZoiw,【PowerWash Simulator2】配信 スターウォーズの世界を綺麗にする男
648,ねをそchannel,,196000,2026-09-09,0.0,1.0,,外す（ゲーム動画なし）,,https://www.youtube.com/channel/UCjxkpVFx27TztmfsmdTJdgg,【活動終了】みなさん本当にありがとうございました！
649,ふめいだよ【ツムツム】,,195000,2026-10-04,0.0,1.0,,外す（ゲーム動画なし）,,https://www.youtube.com/channel/UCdCK4gbF4x94No_Q3hmubqQ,【ツムツム】スキル１から鬼強いヴィランズセットさん。
650,ネコレンジャー,,194000,2026-09-12,1.0,1.0,ストラテジー,残す,,https://www.youtube.com/channel/UC6Rie0X_B2-nYzVvvCwkezQ,偽いちごハウス  Lv.40以下＆本能なし＆超激レアなし  にゃんこ大戦争　DNA果樹園
651,杏戸ゆげ / Uge Channel【ななしいんく】,ななしいんく,193000,2026-08-28,0.25,1.0,シューター,残す,,https://www.youtube.com/channel/UC3EhsuKdEkI99TWZwZgWutg,【リズム天国 ミラクルスターズ】めげない！！しょげない！！クリアまで！！【杏戸ゆげ/ななしいんく】
652,むつー / mutuu gaming,実況者,193000,2026-10-05,0.07,1.0,シューター,残す,,https://www.youtube.com/channel/UC04G5WzIZ2ieJT0JlZy4H-A,【エモクロアTRPG】アブダクション・パニック!!　#むつパニック
653,朱印豆腐`s Industring lab [SIL/シル],,193000,2026-08-22,1.0,1.0,インディー,残す,,https://www.youtube.com/channel/UComofHInPZTgpWW4MJs_2KQ,(8月22日から、9月22日まで)Deltaruneの裏ボス、誰が一番強いか投票選手権！
654,犬山たまき公認見どころ!チャンネル,,193000,2026-10-08,0.0,1.0,,外す（ゲーム動画なし）,,https://www.youtube.com/channel/UCwQV5Fe45aMvhNHexKF9iGA,【目が滑る】苦手なタイプのマシュマロに当てられた珍しい伊東ライフを見て喜ぶ犬山たまき【#ノンデリお悩み相談所 かなえ先生
655,bintroll,,192000,2026-08-28,0.95,1.0,アドベンチャー,残す,,https://www.youtube.com/channel/UCDX5PcGdh73bnrVMgdQ_DoA,超魚釣りDAY！？雑談しながらまったりと。【#マイクラなつにっき】
656,アットおどろく:マルベロス,,192000,2026-08-28,0.0,1.0,,外す（ゲーム動画なし）,,https://www.youtube.com/channel/UC--oTE32O37NvGS_4rS2cRg,"【ポケチャン】小さくなる統一！？全ての技を避けまくれば最強なんじゃないか説-なんか""ちぃ""さくなって""かわ""してくるやつ"
657,ちょま☔️,,191000,2026-08-29,0.0,0.0,,要確認（長尺動画なし）,,https://www.youtube.com/channel/UCiX5rxY-j8Q_idIPYC7Ovhw,
658,マンボウとキリンのモンハン実況,,190000,2026-09-09,0.0,1.0,,外す（ゲーム動画なし）,,https://www.youtube.com/channel/UCe3si30cUbQeFO3sz226VXw,人生で初めてアイスボーンをやるモンハン小話の人【MHWI】
659,エぺ文句　タケゾー,,189000,2026-08-24,1.0,1.0,シューター,残す,,https://www.youtube.com/channel/UCE4fTYIygLvWzn-0IDM6lzw,シア、弱体化でもう限界...【APEX】
660,みどこー,,189000,2026-08-31,1.0,1.0,,残す,,https://www.youtube.com/channel/UCr1tw6s7QUmcJ6KJfsL_1Kg,ゴミを見る目で永遠に見られるPET【リズム天国ミラクルスターズ】#PETとなわとび2
661,M.S.S Project ライブ,,189000,2026-09-15,0.25,1.0,パズル,残す,,https://www.youtube.com/channel/UCLt_iMYoJv1gYzwGdjdXYJg,【サムソンホテル】CM撮影の合間も見どころいっぱいな裏側大公開！
662,sasatikk,,188000,2026-08-28,0.9,1.0,シューター,残す,,https://www.youtube.com/channel/UC79849JZ6Up4hMgQbZnU3nA,釈迦・かるびと初のみんゴル!!悪天候すぎる大荒れのVCC GOLFに挑むSasatikk【VCC GOLF】
663,KOHALON TOKYO,,188000,2026-09-23,0.36,1.0,シミュレーション,残す,,https://www.youtube.com/channel/UCESzfE4XqyrFFTjskhUOnmA,【緊急】川崎フロンターレの記者会見を見ます
664,天鬼ぷるる - Amaki Pururu -,,187000,2026-08-26,0.0,0.0,,要確認（長尺動画なし）,,https://www.youtube.com/channel/UCtoR8l7GGoq-PY9sT8qkOYQ,
665,メロンパン（ゲーム実況）,,187000,2026-09-03,0.0,1.0,,外す（ゲーム動画なし）,,https://www.youtube.com/channel/UCSy6455vKs6MRS6VbRkYeCA,新スキルEPICを使いまくる！！【イーフトアプリ2027】
666,よなか,,185000,2026-08-27,0.92,1.0,シューター,残す,,https://www.youtube.com/channel/UCrXDgn1Jo6Vc0_ZlaMgyTbQ,【APEX】今日も元気にソロランクやってく！※概要欄チェック！
667,千羽 黒乃:Senba Channel,,185000,2026-08-27,0.85,1.0,カード・ボード,残す,,https://www.youtube.com/channel/UC7WY5VP-P-rSb2ES5npk8yA,【#雀魂】決勝進出のかかった大一番！　魂天リーグ2026 第7節！【千羽黒乃視点】
668,ロロイト,,185000,2026-08-30,0.0,0.0,,要確認（長尺動画なし）,,https://www.youtube.com/channel/UCcnkbOiig5cU7UAN1lJ2t3Q,
669,あきピヨ,,184000,2026-08-29,0.6,1.0,シューター,残す,,https://www.youtube.com/channel/UCMiu1L_ndnVSan-VwyEpvXg,農業ロボが暴走した世界で自給自足しながら残された人類を救う「スクラップメカニック」実況プレイ #2
670,タン,,184000,2026-10-05,0.92,1.0,パズル,残す,,https://www.youtube.com/channel/UCExZm2SQxaN76XcC1KRscNg,文字をベイブレードにして戦う【文字ブレード】
671,Rainy / れいにー,,183000,2026-09-23,1.0,1.0,シューター,残す,,https://www.youtube.com/channel/UCOK3b_q7lYy2k1TCR2U2_kw,【新デュオ⁉】世界大会経験者のあの人とアジア1位獲得！！【フォートナイト/FORTNITE】
672,我が道を征くイカレタコ助,,182000,2026-08-28,0.7,1.0,RPG,残す,,https://www.youtube.com/channel/UCqpM-buA7NhQEaKtSHF8LMg,【エルデンリング1.17】最新アプデで現れたぶっ壊れ＆惜しい装備 紹介まとめ　新Nintendo Switch 2 EL
673,ちゅどん=でんでん,,181000,2026-08-29,0.17,1.0,,残す,,https://www.youtube.com/channel/UC-685-WTPMrZVcAqEIB1tXg,【ゆっくり茶番】『ゴリラ魔理沙ごりさ』はちゃめちゃなクソ動画その１４
674,勉強ばっかりしてないでゲームしなさいっ!クエストはやったの?たまにはオープンワールドで遊んできたら?,,181000,2026-09-01,0.85,1.0,シューター,残す,,https://www.youtube.com/channel/UCCJlAOB0PI3rZQIbC9U9q8A,【7dtd v3.1】ジャイロ完成！そして荒地へ引っ越し開始！#55 #7dtd #7daystodie
675,RYU 実況チャンネル,,181000,2026-09-20,1.0,1.0,シミュレーション,残す,,https://www.youtube.com/channel/UChfvlXlTt83JG7GqgnEP4jg,【最高の新規】ミミグルデッキ界隈に激震が走る——。『トレジャーパンサー×ミミグル』【遊戯王マスターデュエル】【Yu-Gi
676,水無瀬 / Minase,Neo-Porte,180000,2026-08-26,0.8,1.0,シューター,残す,,https://www.youtube.com/channel/UCEy9cYULQrC2cRlVqJPCcSw,"【 APEX LEGENDS 】ネオポルテ一期生、クソガキたち￤w/天帝フォルテ,夜絆ニウ【 Neo-Porte / 水"
677,立伝都々 / Tachitsute Toto【にじさんじ】,,180000,2026-08-27,0.53,1.0,RPG,残す,,https://www.youtube.com/channel/UCnbJ8LTbHrsRgqkxwJXCU8w,【1010日】デビューから1010日目の立伝都々パーティー🎂【立伝都々/にじさんじ】
678,Chocler,,180000,2026-08-28,0.44,0.0,パズル,外す（日本語の配信ではない）,,https://www.youtube.com/channel/UC_XZFnHmcvXhheQapPa_WAQ,PEAK Speedrun (11:32) - Solo World Record
679,電撃オンライン,,180000,2026-08-28,0.5,1.0,アドベンチャー,残す,,https://www.youtube.com/channel/UCQb6W0vblp5ewU75watnqQQ,『紅の砂漠 Enhanced』スペシャルゲストの武内駿輔さん＆清水理沙さんと最新アップデートの魅力に迫ります！ アフレコ
680,ぐんぴぃのサブ坊【ゲーム】,,179000,2026-08-27,0.3,1.0,スポーツ,残す,,https://www.youtube.com/channel/UCBDhBRFZ-145rw2VFLMRGUA,気が狂いそう！！激ムズゲームに阿鼻叫喚！『ボンバザル』を実況プレイ
681,らりほん,,179000,2026-08-29,1.0,1.0,レース,残す,,https://www.youtube.com/channel/UCqqq4HnXuWDCTM1nxc_OxOQ,30年前のマリオカートの「バグショートカット」がヤバすぎる件ｗｗ【マリオカート64】
682,おぼ。,,179000,2026-09-15,0.7,1.0,シミュレーション,残す,,https://www.youtube.com/channel/UCE4jlsAFvREH-pRd55F8jSA,ただのドパゲーではなかった！？不穏すぎるストーリーにビビるおぼ【Berry Bury Berry】
683,"フグ,",,178000,2026-08-29,1.0,1.0,,残す,,https://www.youtube.com/channel/UCBkADUDaMoUhDFA9PPwZRgg,【フグの日】L３箔ありがとう290キル耐久！！【スプラトゥーン３】
684,ぽんすけ,,177000,2026-08-31,0.5,1.0,,残す,,https://www.youtube.com/channel/UCSH2DspCdc0NNvKP0ZNCaMw,【新作】ホラゲー苦手実況者がほのぐらしでも効率求めて楽しんでみる！#23【ほの暮しの庭】【ぽんすけ】
685,湯蔵ちゃんねる,,177000,2026-09-19,0.0,1.0,,外す（ゲーム動画なし）,,https://www.youtube.com/channel/UCbAV9AF-y14dGbIjovBCVwQ,【遊戯王】 誰もが知っている完成度が高すぎるネタカード 『鳴いて時鳥』 【ゆっくり解説】
686,すぎる,ナポリの男たち,176000,2026-08-27,0.05,1.0,アドベンチャー,残す,,https://www.youtube.com/channel/UCf8qSt6UzZ2tOtht5iyJlaA,おかえり記念ホラーゲー配信 ゲスト：すぎる【UMIGARI | ウミガリ】
687,きじむなーの実況,,175000,2026-09-03,0.2,1.0,シミュレーション,残す,,https://www.youtube.com/channel/UCUp5OQjoOF-cl3AAIoAyhBQ,絶望「パーフェクトゾーンプレス」使って相手を鬱病にさせてみたwww【イーフト】
688,絲依とい / Itoi Toi,Neo-Porte,174000,2026-08-27,0.47,1.0,シューター,残す,,https://www.youtube.com/channel/UCZrYHIPsKhYAXqOls2kQQNQ,【 タルコフ 】ソロタルコフがんばってみる！６さい【 絲依とい / ネオポルテ 】
689,Rei7【にじさんじ】,,173000,2026-08-28,0.31,1.0,ストラテジー,残す,,https://www.youtube.com/channel/UC_4QF0dL-9XI9VajsNkMtmQ,【スーパーマリオRPG】30年前のゲームのリメイクで最高の演出に感動するRei7【 Rei7 / にじさんじ 】
690,ただくに,,172000,2026-08-28,0.67,1.0,,残す,,https://www.youtube.com/channel/UCKPUo8XszAQT1amLu_Uvm8g,このカップリング誰得なんだ #スマブラsp #スマブラ #トモコレ
691,がん,,172000,2026-08-30,0.0,1.0,,外す（ゲーム動画なし）,,https://www.youtube.com/channel/UC6z6qwz1Mq3E5h35gj7cKjw,"【先行プレイ】必殺あてたら勝ち確定？wwwwインチキ性能を搭載した新キャラ""コスモ""を試してみたwwwww【ブロスタ】【"
692,ゆたくん【すにすて】,,172000,2026-09-06,0.21,1.0,シミュレーション,残す,,https://www.youtube.com/channel/UCKIqaE3KHSp2mjZ0D8cO1_w,夏の終わりにホラーゲームで絶叫します。【つぐのひ～天招く救いの糸～】【STPR / すにすて  / ゆたくん 】
693,とっぷch,,171000,2026-08-22,1.0,1.0,,残す,,https://www.youtube.com/channel/UCTYwmHQuYFdqTRHgcp9g8dw,【全裸＆ハート3つ】最難関ボス、風のカースガノンpart14【ブレワイ】【ゆっくり実況】
694,ちえ🥀,,171000,2026-08-31,0.0,1.0,,外す（ゲーム動画なし）,,https://www.youtube.com/channel/UCZWU9eFKHLEVtsdkROifkXw,【実写】日本最恐の心霊スポットでゲーム実況者たちが大号泣ｗｗｗ【閲覧注意】
695,ぬるせん / ぬるおい先生👓🌺【マイクラ】,,170000,2026-08-13,1.0,1.0,,残す,,https://www.youtube.com/channel/UCzdK8ib6aDGhEGS9nav5rIg,【🔴ぬるせん視点】3チーム対抗エンドラ討伐！【マイクラ】
696,田中あずまろ,,170000,2026-08-24,0.35,1.0,アドベンチャー,残す,,https://www.youtube.com/channel/UCuN1-xEIhSh67tRmY63bTAw,【ゆっくり実況】AIが勝敗を決める「描いた絵を戦わせる」画力0に容赦ないバトルゲーム【AIドット絵バトル】
697,ぼた餅,,169000,2026-08-28,0.43,1.0,,残す,,https://www.youtube.com/channel/UCZWbmay00ky7MVGg4KA-YHQ,【モンストLIVE】果たして号外発表はあるのか!? 朝活成功男がお送りする『ブルーロック』コラボ究極クエスト『殺し屋 烏
698,レトロゲーゆっくり実況チャンネル,,169000,2026-08-24,0.0,1.0,,外す（ゲーム動画なし）,,https://www.youtube.com/channel/UCorertTw5mbspvF0VL1BQ6Q,【ゆっくり実況】えっ！あのファミコン版ドラえもんが移植で発売！？じゃあプレイしなきゃ　レトロゲーム
699,パデック,,169000,2026-09-11,1.0,1.0,,残す,,https://www.youtube.com/channel/UC4G6pPuFGGK0qf6c6RrSBTA,メガアブソルZが闇堕ちするロマンギミックパーティ【ポケモンチャンピオンズ】【ゆっくり実況】【ダブルバトル】
700,oyuki_ch,,168000,2026-08-22,1.0,1.0,RPG,残す,,https://www.youtube.com/channel/UCXdbEt4ozNLapUeuewmvDMA,【エンドフィールド】雪氷の幽夢（先行予告）今から初見でちゃんと見る【アークナイツ | Arknights: Endfie
701,ミタ,,167000,2026-08-28,0.7,1.0,格闘,残す,,https://www.youtube.com/channel/UC4N7ob-wKlnh0PuszAAzAzQ,【キメラ】スマブラの強技を全部詰め込んだ“僕の考えた最強キャラ”こと“ジェラルド”がイカれ性能すぎる【ニコロデオン オー
702,おなつのにびたし / Onatsu no Nibitashi,,167000,2026-08-31,0.56,1.0,,残す,,https://www.youtube.com/channel/UCasKmptouCrwWLl8SlQU2tQ,【#おなつ休みARK 】洞窟攻略とブリーディング💜 Day10【ASA/ARK Survival Ascended/おな
703,ララ9hJQr3//3o,,167000,2026-09-23,0.41,1.0,,残す,,https://www.youtube.com/channel/UC8uimHFAzpCeVCPRC1R8nQw,【謎現象】死してなお『低い唸り声』を発するレ・ダウの死体【モンハンワイルズ】
704,100hp Gaming,,166000,2026-08-27,0.32,0.0,アクション（横スクロール）,外す（日本語の配信ではない）,,https://www.youtube.com/channel/UCALAVlP1PmEkbH1HQLUNxTQ,Good Comms and Clutch Plays: Learn How to Win from 100 HP Ga
705,青ハリ伍長,,166000,2026-08-21,0.53,1.0,,残す,,https://www.youtube.com/channel/UCckcyEEOBb_bx2EXRWIFVwA,【スマブラSP】カウンター投げ固定で1600目指すスマメイト
706,タルレミ・エラ,,166000,2026-09-29,0.09,1.0,シューター,残す,,https://www.youtube.com/channel/UCAc8CAEbszgTZW_gioBUnwQ,#鳴潮┊完全初見と見る一章6幕~ ☡🖋 今更始める鳴潮#5 𓂃🌊𓈒𓏸
707,れぷちん,,164000,2026-08-28,0.89,1.0,ストラテジー,残す,,https://www.youtube.com/channel/UCY5M1FeR1BQNsnumsJA1epA,【DBD】2年ぶりに強化されて帰ってきた｢最後のお楽しみ｣を久しぶりに使ってみた【デッドバイデイライト】Part1073
708,こんたまゲームズ / 金色玉三郎,,164000,2026-08-29,0.0,1.0,,外す（ゲーム動画なし）,,https://www.youtube.com/channel/UCFy0ibODrLIlnX3-MiOcpDQ,ファミレスデートがやばすぎた！！ #ドケチボーイ #脱出ゲーム #謎解きゲーム #ゲーム実況
709,つなまぐろ,,164000,2026-08-20,0.12,1.0,RPG,残す,,https://www.youtube.com/channel/UC57TVnp_Rz9SRwSBjDwPMhw,【バイオ RE2】クレア編：再び地獄のラクーンへ！PART4(完)【高難易度mod】
710,Mさん / MrMsan,,164000,2026-10-02,1.0,1.0,シミュレーション,残す,,https://www.youtube.com/channel/UCGK0iFuXhfA5VnL64xiKEmQ,【マイクラ】冬アプデ最新情報！新モブ・新ブロック・配信日予想まで徹底解説【26.4】
711,式神ありす【マイクラ】,,163000,2026-09-22,0.0,0.0,,要確認（長尺動画なし）,,https://www.youtube.com/channel/UCCL7C49GV7vqStHb5aNg3ng,
712,しんじさん,,163000,2026-09-03,0.65,1.0,シューター,残す,,https://www.youtube.com/channel/UCo9ioj4sW3BmxSDizpdT6Gw,ドパガキ向けの採掘ゲーが余りにも気持ち良すぎたｗｗ【Rock Bottom】
713,龍巻ちせ / Tatsumaki Chise,ぶいすぽっ！,162000,2026-08-27,0.89,1.0,RPG,残す,,https://www.youtube.com/channel/UCoW8qQy80mKH0RJTKAK-nNA,◤  #ぶいすぽマイクラ夏祭り2026  ◢　夏のイベント楽しみ！！！   ◤ぶいすぽっ！ #龍巻ちせ ⁠◢
714,hololive Dreams ホロライブドリームス,,162000,2026-09-22,1.0,1.0,,残す,,https://www.youtube.com/channel/UCawGfU44CZxd2ZVf_VGijbA,#ホロドリ『公式配信』大型アップデート！夏だ！海だ！大漁だ！ ～新エリア発表～
715,Alpha Azur - UltraLMTM,,162000,2026-10-07,0.75,0.9,シューター,残す,,https://www.youtube.com/channel/UCdlxcNp-rmCrIfZwORXr0Og,【歌ってみた】夜明けと蛍 / n-buna 【Alpha Azur/UltraLMTM】
716,シアルブラザーズ,,161000,2026-09-01,1.0,1.0,,残す,,https://www.youtube.com/channel/UC5-Yvv6WOrm509sVwgLdFoQ,【モンスト】「ラブライブコラボ2弾ガチャ」《確率おかしい!!》※違う…その子はもういいから!!大量オーブ1600個ブチか
717,EXAM,,160000,2026-08-27,0.8,1.0,ストラテジー,残す,,https://www.youtube.com/channel/UC0VoI57B2_63MErt_1QBpxA,修理音が聞こえづらくなった『テクニシャン』時代きたか？-Dead by Daylight【EXAM】
718,ハイタニ TV,,159000,2026-08-28,0.67,1.0,,残す,,https://www.youtube.com/channel/UCxn5UDn9U-Km4Ug_bChuG6Q,スト６
719,1tappy / わんたっぴー,,159000,2026-08-28,1.0,1.0,シューター,残す,,https://www.youtube.com/channel/UCR77BYqfZTZG_tusffddpnw,【APEX】開幕プレ？ with cheeky3 がぼむ3【エーペックスレジェンズ】
720,あなぐま / ANAGUMA,,159000,2026-08-15,0.74,1.0,ストラテジー,残す,,https://www.youtube.com/channel/UCR03kYv9xRCo9PHHRrIQscA,【Planet Zoo】有袋類の王国をつくる ③【ゆっくり実況】#41
721,ゆっくりちゃん,,159000,2026-09-02,0.1,1.0,シミュレーション,残す,,https://www.youtube.com/channel/UCJx4TjKwjH7RJYOUW_FfjWQ,かわいい女の子の卒業式を見守ってたら大変な騒動になった【ゆっくり実況鬱ゲー】【ゆめみるサクラの卒業式】 【ゆっくり実況プ
722,Kyoko Ch. 倉持京子【あみゅどる】,,158000,2026-08-25,0.12,1.0,シミュレーション,残す,,https://www.youtube.com/channel/UCfeznQrLe9URem6xJmWQVlw,【雑談】おかしな事ばかりおこる日常【倉持京子】
723,愛channel,,158000,2026-08-28,0.9,1.0,,残す,,https://www.youtube.com/channel/UCOmn8fKvLqEOtZXcOGPtWwA,【#マイクラなつにっき】今日こそ貝殻コンプ！8日目🌻【Minecraft】
724,梢桃音 / Kozue Mone【にじさんじ】,,158000,2026-09-12,0.36,1.0,ストラテジー,残す,,https://www.youtube.com/channel/UCyJOgJhgfoVRpFjsBCUmuvg,【#にじ遊戯王祭2026】視聴者参加型でデッキを回す練習がしたい✏️【梢桃音/にじさんじ】
725,昏昏アリア / Konkon Aria,Neo-Porte,156000,2026-08-28,0.35,1.0,シューター,残す,,https://www.youtube.com/channel/UCo6mwsozDGMW0UNGowBJGhg,【 APEX 】爆ｷｬﾘｰｷｰﾏｳｴｰﾍﾟｯｸｽ女子ソロランク定期（予定）【昏昏アリア/ネオポルテ】
726,【琵琶ちゃぷ】なな湖なな湖,高田村,156000,2026-08-27,0.47,1.0,シューター,残す,,https://www.youtube.com/channel/UCwoNg7oZww0idMuX7Walakw,【新参歓迎】俺は視聴者のことをよくわかっているのか⁉　視聴者参加型で「ito」やってみよう【なな湖】
727,大関ゲーム,,155000,2026-08-26,0.65,1.0,アドベンチャー,残す,,https://www.youtube.com/channel/UCYxMFq7es36gsSytFp-AQyQ,今年最後の花火はとても切ない思い出になりました【ぼくのなつやすみ2】#13
728,【公式】雀魂-じゃんたま-,,155000,2026-09-27,0.25,0.58,,残す,,https://www.youtube.com/channel/UC8Wn_3U-fssptm6US_nsoOA,【雀魂 公式戦決勝】2026四象戦 秋の陣
729,つわはす,,154000,2026-08-27,0.95,1.0,RPG,残す,,https://www.youtube.com/channel/UCigKqQ9lSdMeB3Ju_nnmE_Q,【ツイッチダイジェスト】おゆゆが出してるお店「メルトチューン」におえちゃんと乗り込んでみた結果！！！【withゆゆうた・
730,メタスト公式,,154000,2026-08-27,0.62,1.0,音ゲー,残す,,https://www.youtube.com/channel/UCYkuIMi5szEmbO-uiuv2GCw,【モンスト】マムとリリだって出来るモン！ブルーロックコラボのガチャを引いて高難易度に挑戦してメタストの点取り屋になるんだ
731,ロケット霊夢,,153000,2026-08-25,0.1,1.0,シューター,残す,,https://www.youtube.com/channel/UCV6ibeQmAtalJsGBFfhbDTQ,▶GTAV◀LSPDFR ゆっくり実況 #194 霊夢と魔理沙のパトロール日記
732,癒しのあいろん雑学ゲーム実況,,153000,2026-10-03,1.0,1.0,アドベンチャー,残す,,https://www.youtube.com/channel/UCKEUwnF-h0VwDjKrJvd16ZQ,#9【4K/最高難易度ELITE】エースコンバット8 ウイングス・オブ・シーヴ 攻略【MISSION 15/16 Sラン
733,すぃか Swica,,153000,2026-10-08,1.0,1.0,,残す,,https://www.youtube.com/channel/UC9GgaLnO9wopEVq-gBHs3dQ,【抽選パ】スナイパーで専用技を威力286で連発するインテレオンの火力がヤバすぎるwww #39-1【ポケモンチャンピオン
734,JapaneseKoreanUG,,152000,2026-08-28,0.35,1.0,RPG,残す,,https://www.youtube.com/channel/UCPLVTmdgB-ljT3S5xGBhBQA,互いにぶっこみ構成‼ 序盤の有利が全て‼｜NS vs BFX 2試合目 LCK2026夏プレイイン【LoL実況解説】
735,YukaF,,152000,2026-08-28,1.0,1.0,シューター,残す,,https://www.youtube.com/channel/UCdaGu5igJrhTBgi7rKSTLzA,ALGS Year6 SP2 #3 ほぼノーカット版アーカイブ【Apex/エーペックス/ZETA/YukaF/Satuk
736,ぽてまる,,150000,2026-09-22,0.0,0.0,,要確認（長尺動画なし）,,https://www.youtube.com/channel/UC71SjZjtsrtwMjKdIV9RrxQ,
737,ドコムスさぶちゃんねる【切り抜き】,,149000,2026-08-28,0.0,1.0,,外す（切り抜き）,,https://www.youtube.com/channel/UCOeWNiJuAXSFauVvrBvTUbQ,【Twitch】なつ雑談【2026/08/22】
738,ポケモンユナイト公式チャンネル,,149000,2026-09-03,1.0,1.0,,残す,,https://www.youtube.com/channel/UCvo8JUqHh2d1QGnK3LKyI4Q,【WCS2026】ポケモンワールドチャンピオンシップス2026 ポケモンユナイト部門 DAY3
739,白那しずく,Neo-Porte,148000,2026-08-27,0.63,1.0,RPG,残す,,https://www.youtube.com/channel/UCAHQGIKolfBfoeXXMY79SBA,【 League of Legends 】ろるするぞおおおおおおおおおおう【白那しずく / ネオポルテ】
740,ゆっくり達のにゃんこ学校,,148000,2026-09-04,0.0,0.0,,要確認（長尺動画なし）,,https://www.youtube.com/channel/UCTBDSEaKoLjRS7H944f9dvQ,
741,B2のゆっくりゲーム実況,,148000,2026-10-01,0.86,1.0,シューター,残す,,https://www.youtube.com/channel/UC4iTR4aMWfEpxQ6Tjt7OvUA,これはジャンル的にはホラーゲームなんですか？【Fork Road】
742,或世イヌ / Aruse Inu,Neo-Porte,147000,2026-07-10,0.0,1.0,,外す（ゲーム動画なし）,,https://www.youtube.com/channel/UCbBLqA4HRowpj2JuLrkig5w,【PR CBT】リミットゼロ ブレイカーズ「プロローグβテスト 座談会」に参加させていただくぞ～！！【或世イヌ/Neo-
743,REJECT,,147000,2026-09-11,0.0,0.0,,外す（ゲーム動画なし）,,https://www.youtube.com/channel/UCBJOy5Y6vaY-TJid6BTq5Aw,REJECT SFL2026 PUBLIC VIEWING 第2節
744,本多真梨子とここあ,,147000,2026-09-13,1.0,1.0,,残す,,https://www.youtube.com/channel/UC2TBAL1eMnXqksYObfjjHGg,【#原神】#54 傀儡サンドローネ役の声優が完全初見でプレイしてみる！！【声優 本多真梨子】
745,人生 つみこ (ホラーゲーム専門Vtuber),,146000,2026-08-27,0.85,1.0,アドベンチャー,残す,,https://www.youtube.com/channel/UCZszUCQMhWNVMxp6CSoyWoA,【 FEED IT 】豚の怪物に食べ物を与えつづけないといけないホラーゲーム！？【 人生つみこ】
746,TIE_Gian,,145000,2026-08-27,0.86,1.0,シューター,残す,,https://www.youtube.com/channel/UCo8XDFok-CJIVWE7MxQF0Fw,【真の地獄】Switchでソロマス行ったらプレデターいけるらしいのでやる  Apex Legends　縦型
747,DAI,,145000,2026-08-28,1.0,1.0,格闘,残す,,https://www.youtube.com/channel/UCt1TQK8bi0a25tMwGgmMMqA,"""新武器防具""『全入手方法』ターニッシュ新要素 Switch2【エルデンリング】【ELDEN RING Tarnishe"
748,レイ太チャンネル,,145000,2026-09-15,0.0,1.0,,外す（ゲーム動画なし）,,https://www.youtube.com/channel/UC6pwrfT0KRkezvRXFmpkKCg,ぷにぷに 裏ステージ全クリアがほぼ必須だけど難易度とかどうなってる？　妖怪ウォッチぷにぷに　レイ太
749,こよた,,144000,2026-09-20,1.0,1.0,シューター,残す,,https://www.youtube.com/channel/UCJ5e3yAt_Wg9tJGjFO0S-xQ,ソロFNCSやるの?【フォートナイト】
750,にぃらい / Niiray,,143000,2026-08-27,0.67,1.0,アクション（横スクロール）,残す,,https://www.youtube.com/channel/UCNhK4ZWHpQ-ZgHvtlUP9vDA,【雑談】遊んだ話とかイベントの話とか【にぃらい/Niiray】
751,みれす,,143000,2026-09-09,0.0,0.0,,要確認（長尺動画なし）,,https://www.youtube.com/channel/UCoynSLkQlUmiWRGUzTjPVAg,
752,涼海ネモ / Nemo Channel【ななしいんく】,ななしいんく,141000,2026-04-29,0.07,1.0,シューター,残す,,https://www.youtube.com/channel/UCBJ6nejlzes6mm9UruaxQsA,涼海ネモ『 とある語り手から、どこかの君へ 』 -Official Music Video-
753,じーぷろ【APEX解説】,,141000,2026-08-28,1.0,1.0,シューター,残す,,https://www.youtube.com/channel/UC5DvsaWSa_Hi4-QjOTv0eTw,【激辛コーチング】当たらないならスナイパー持たなくていい。【APEX LEGENDS】
754,しゅがーはうす,,141000,2026-09-18,0.65,1.0,RPG,残す,,https://www.youtube.com/channel/UCL4PozcaK0QrRnQRaHi41-g,"【知らない人へ】Steam""圧倒的好評""の神ゲーコマンドRPGが完結！今こそ『空の軌跡』を一気に遊ぼう！1st＆2ndネ"
755,上水流 宇宙 / Cosmo Kamizuru 【ヴイアラ】【876プロ】,,141000,2026-10-03,0.44,1.0,パズル,残す,,https://www.youtube.com/channel/UCU8VGKDhiSHLerg4wYXjhtw,【デスゲームの報告書】推理ゲーム！頭の中のひらめきを言語化するのって難しいですよね【#ヴイアラ / 上水流宇宙】
756,がるぜん,,140000,2026-08-27,0.0,0.0,,要確認（長尺動画なし）,,https://www.youtube.com/channel/UCjg83ktSXFeFFe92L3kMpfw,
757,FPS切り抜きボット【ローレン・イロアス】,,140000,2026-08-27,0.0,0.0,,外す（切り抜き）,,https://www.youtube.com/channel/UC-UxhoAxlq57uZ8BA0b1Jyw,
758,長田ザク,,140000,2026-09-15,0.0,1.0,,外す（ゲーム動画なし）,,https://www.youtube.com/channel/UCaO1sV1AnFTW6CGxvU0gefw,【バトオペ2】オンドレヤスに学ぶバトオペのスモー！【機動戦士ガンダム バトルオペレーション2】
759,萌実ちゃんねる / あおぎり高校,あおぎり高校,139000,2026-08-22,0.3,1.0,アドベンチャー,残す,,https://www.youtube.com/channel/UCIwHOJn_3QjBTwQ_gNj7WRA,【朝活】だるだるの朝。
760,みこと,,139000,2026-08-21,0.4,1.0,アドベンチャー,残す,,https://www.youtube.com/channel/UCxP9lRliG6xyAbx8Dp3OR1w,【白栄大学 0号館】俺、大学デビューしてみた【みこと/シクフォニ】
761,ぐりげん,,139000,2026-09-10,0.76,1.0,,残す,,https://www.youtube.com/channel/UCcWiULKwvS_QGTvB87o8xzQ,新コース追加されたての今なら１位とれるんじゃね！
762,皇れお / Sumeragi Reo【にじさんじ】,,139000,2026-09-15,0.53,1.0,シミュレーション,残す,,https://www.youtube.com/channel/UCcYrL_GQe8X8K2ARhw_Syww,【 雑談 】明日1周年らしいけどうする？？？【 皇れお  / にじさんじ 】
763,米将軍 / さんちゃんく!,,139000,2026-09-14,0.7,1.0,パズル,残す,,https://www.youtube.com/channel/UC_apF_oTeeGUT_81EVD1oRw,【朝活】朝に配信できる奴は何やらしてもうまくいく。
764,鳥の爪団 総統,,138000,2026-08-29,0.63,1.0,アドベンチャー,残す,,https://www.youtube.com/channel/UCjNghsTl-iolNxJqu0gQFAA,【製品版】今年一のメタ演出ホラー！？失踪したインフルエンサーの謎を追うホラーゲームが怖い！【たろうくんはいってきました】
765,塚本のべる Novel Tsukamoto,,138000,2026-08-31,0.27,1.0,シミュレーション,残す,,https://www.youtube.com/channel/UCGsYwogFsaHmYREWUvXAOCA,誕生日配信❤実写カメラでケーキ食べたり！告知もあり！【塚本のべる/個人Vtuber】
766,死ぬまで生きる問題チャンネル,,137000,2026-08-27,0.33,1.0,,残す,,https://www.youtube.com/channel/UCrcM9cvN5MlTPypnNFR4TnA,【超アーチスト】パワプロでの最高角度のホームランは何度か？【パワプロ2026】
767,こやはん,,137000,2026-08-29,0.95,1.0,RPG,残す,,https://www.youtube.com/channel/UCujyHbsWHl4U4xW2S9pyyoQ,【FGO】ホラゲ乗り越えし男の水着イベ周回雑談！久々にドロバトルもするか？残り4日頑張るべ
768,夕霧レイ / YugiriRay,,137000,2026-09-20,0.6,1.0,アクション（横スクロール）,残す,,https://www.youtube.com/channel/UCqfXdQpIDb6nuTU_ZXd1NnA,【 朝歌枠 】皆にいってらっしゃいをする歌枠 ⟡.· 【 夕霧レイ/ミリプロ 】
769,Banana Games,,136000,2026-08-29,0.0,1.0,,外す（ゲーム動画なし）,,https://www.youtube.com/channel/UCQ5kViAW5KRKLfGmsLBsLFw,【ドラクエウォーク】とんでもない事になりました・・・コレは終了かもしれません・・！
770,まるん Marun,,136000,2026-09-26,0.94,1.0,,残す,,https://www.youtube.com/channel/UC2sSgO3jqJxOMAyf2wJlOTg,まだらな森の怪しい地下洞窟を探索！秋世界の怪しいスポーン地下に潜入【マイクラ実況 マインクラフト】4
771,高田健志,高田村,136000,2026-08-26,0.2,0.9,ストラテジー,残す,,https://www.youtube.com/channel/UCmMs_sVY5peMzGLQvCOfL5Q,【AmongUs】明日から桃鉄でぶっ飛んだ場所にリアルで行く！西日本編やります
772,名作レトロゲーム館／水曜土曜16時更新,,135000,2026-08-26,0.0,1.0,,外す（ゲーム動画なし）,,https://www.youtube.com/channel/UCm_AcqhZjtB8DpipFW7hSJQ,忘れてたあの名作も次々と出てくる！！2026年ゲーム総選挙のランク外作品と裏話
773,ねをん【スマブラSP】,,135000,2026-08-23,0.37,1.0,,残す,,https://www.youtube.com/channel/UCMmNOiJO1jh_8mYglRX8qQw,スマブラのイッちゃってる技3選　#ねをん #嘘クラテス倉重 #スマブラsp
774,Vunny Ch,,134000,2026-08-27,0.86,1.0,シューター,残す,,https://www.youtube.com/channel/UCZbsFmRWx7v2seCwfGOf8-w,Vunnyとかいう奴を遺伝子レベルで解明【遺伝子検査】～絶対的強オスの遺伝情報～
775,ノゴローチャンネル,,134000,2026-08-29,0.0,1.0,,外す（ゲーム動画なし）,,https://www.youtube.com/channel/UC9-yZkJfxtg6WNCX5mUQb0w,【ドラクエウォーク】想像以上の強さが判明！ケキ月輪に並ぶ超優秀な補助武器ポジションへ！
776,アヘニキ,,134000,2026-09-14,1.0,1.0,,残す,,https://www.youtube.com/channel/UCXDSwG9Wy_5RiC0_iCu_aog,【何やってんの...】天穹チャレンジに不具合発生！詫び石過去最多ペースなのヤバすぎる【パズドラ】
777,あいりー,,133000,2026-08-27,0.0,0.0,,要確認（長尺動画なし）,,https://www.youtube.com/channel/UCG8uCu_ieX16fE0nzMle6ig,
778,けい,,133000,2026-08-27,0.3,1.0,アドベンチャー,残す,,https://www.youtube.com/channel/UC4qDZfgOzboZRpRw1cxO_EQ,現在と過去を行き来する謎解きアドベンチャーアイワナ【I Wanna Fine-House】
779,たっちアカデミー,,133000,2026-09-01,0.9,1.0,,残す,,https://www.youtube.com/channel/UCJXxBR4KOPQwx07CYxT2O5A,【モンスト】初獲得キャラ大量ゲット！？☆６確定ガチャ＆８月のガチャリドLab.！！
780,Euriece（ユリース）,,133000,2026-09-06,1.0,1.0,シューター,残す,,https://www.youtube.com/channel/UCURL9cZ7qoSBfm4TW5GHDjw,【ALGS】1試合目から広すぎるエリア取りで15キルチャンピオンを獲るREJECT【Euriece/ユリース/4rufa
781,おかんちゃん,,133000,2026-09-15,0.65,1.0,シミュレーション,残す,,https://www.youtube.com/channel/UCVrBykgmCjg1OGJnB2I7Gfg,カニに襲われた！！でも釣りがしたい！！【How to Fish】
782,柚原いづみ / Izumi Channel 【ななしいんく】,ななしいんく,132000,2026-08-27,0.95,1.0,シューター,残す,,https://www.youtube.com/channel/UCW8WKciBixmaqaGqrlTITRQ,【#ストグラ】#ストグラSeason2 柚乃いずみの日常～147日目～【柚原いづみ / ななしいんく】
783,ソレイル,,132000,2026-09-22,0.0,0.0,,要確認（長尺動画なし）,,https://www.youtube.com/channel/UCm6MLMEdpPOH2r4VJVG-Dow,
784,ろじゃすぶらざーず,,132000,2026-09-15,0.5,1.0,シミュレーション,残す,,https://www.youtube.com/channel/UCk8LfpjYshc3OXEFMrIToBA,この職場では、何度ﾀﾋんでも大丈夫です【Dumb Ways to Build】
785,家入ポポ / Popo Channel【ななしいんく】,ななしいんく,131000,2026-08-26,0.16,1.0,アドベンチャー,残す,,https://www.youtube.com/channel/UC_hjHmi-ODGhHlSzD16p5Pw,【3DAmongUs】#黄泉ハル村 再び！食べまくるポポォォォォ【家入ポポ / ななしいんく】
786,Tea / てぃーパックマン,,131000,2026-08-28,1.0,1.0,,残す,,https://www.youtube.com/channel/UCM69W19x0V4uD_-NRw5BM_Q,常にドーパミンを求めるてぃー、ゼルダに手を染めVIPのキンクルで欲求を満たしてしまう...【スマブラSP】
787,中野あるま / Alma Nakano,高田村,131000,2026-08-28,0.9,1.0,ストラテジー,残す,,https://www.youtube.com/channel/UCa4UF7FI-86773JqWLJyGqg,インポスターの前に３死体が現れたｗｗｗｗｗ【AmongUs / 宇宙人狼】
788,風見くく /  Kuku Channel 【ななしいんく】,ななしいんく,130000,2026-08-27,0.76,1.0,パズル,残す,,https://www.youtube.com/channel/UCXp7sNC0F_qkjickvlYkg-Q,【 #asmr 】いいよ、「俺」もやろうじゃないかASMRを。なお【風見くく / ななしいんく】#earcleaning
789,山緑色,,130000,2026-10-05,0.68,1.0,シミュレーション,残す,,https://www.youtube.com/channel/UCj203lFWs6w0CVlJ22w8oWw,【エスコン8】30mm搭載のA-10サンダーボルトで敵艦隊を撃沈せよ！敵の港を奇襲！　#4【ACE COMBAT 8】【
790,心白てと / Kohaku Teto,Neo-Porte,129000,2026-08-28,0.38,1.0,アクション（横スクロール）,残す,,https://www.youtube.com/channel/UCEtUOMEAuAMz8dor89rt2RA,〖 ALGS╎Watch Party 〗Year6Split2みんなで応援📢🌟Day4〖 心白てと / ネオポルテ 〗
791, 宗谷いちか / Ichika Channel【ななしいんく】,ななしいんく,129000,2026-08-27,0.1,1.0,パズル,残す,,https://www.youtube.com/channel/UC2kyQhzGOB-JPgcQX9OMgEw,【閲覧＆音量注意】全員酔っ払いで人狼はできるのか？ #ななし酔っ払い人狼【宗谷いちか/ななしいんく】
792,たけぉ,,129000,2026-08-28,0.95,1.0,ストラテジー,残す,,https://www.youtube.com/channel/UCDAv4ccwfW-PEQJsoGdtyHw,【Minecraft】捕獲１万を目指そう　#マイクラなつにっき
793,天羽よつは,,129000,2026-08-30,1.0,1.0,シューター,残す,,https://www.youtube.com/channel/UCO2bnzPlCau6YzLoSt8EDdA,【#ストグラSeason2】天羽よつは Day101 8/29【#GTA5】#ストグラ救急隊
794,へむちゃんねる,,129000,2026-09-03,0.0,1.0,,外す（ゲーム動画なし）,,https://www.youtube.com/channel/UCgxY8lefcA7qe_xYvqg2bfg,昼配信ちょっとだけやる
795,マイクラランド,,128000,2026-08-28,0.0,0.0,,要確認（長尺動画なし）,,https://www.youtube.com/channel/UCpm5oJOHy2RFofY-XkQt5Mw,
796,paache_,,128000,2026-08-27,0.33,0.0,RPG,外す（日本語の配信ではない）,,https://www.youtube.com/channel/UCIEitb6w_5CIKCV7rp09Iiw,MI PRIMERA VICTORIA EN MARIO KART WORLD COMPETITIVO🏆
797,きさらぎのゆっくり,,128000,2026-09-22,0.86,1.0,,残す,,https://www.youtube.com/channel/UCipwx0IXov1mJQcUbrEV3OA,世界で大流行中の「Cat in the hat」が現れるシード値が怖すぎた【マイクラ都市伝説】【マイクラ】【マインクラフ
798,バンダイナムコ アミューズメントユニット公式チャンネル,,127000,2026-08-28,0.11,1.0,アドベンチャー,残す,,https://www.youtube.com/channel/UCJxxoli_XbupD8SK_TtytAQ,【太鼓の達人】Vrykolakas / 「Nosferatu」 Remixed by Laur
799,山東紀之のバー・スデイ,,126000,2026-08-26,1.0,1.0,,残す,,https://www.youtube.com/channel/UCqNY9zRwzguxPXEPlKHqcKw,【パワプロ2026】「怪物がメジャーに行ったら？超晩成になったら？別世界線・北林碧人」【架空選手/ほぼオーペナ】
800,桜鳥ミーナ / Audrey Mina,,126000,2026-08-14,0.65,1.0,アドベンチャー,残す,,https://www.youtube.com/channel/UCFkHpBGMeNSQW-j9-F0nxnQ,【雪葬/チラズアート最新作！クリアまで】不気味な雪山が舞台の人怖ホラーゲーム『Snowed Under | 雪葬』が怖す
801,赤彩みあ / Akairo Mia Ch.【すずみあ】,,126000,2026-08-27,0.56,1.0,アドベンチャー,残す,,https://www.youtube.com/channel/UCeTb2MQrm8UBChlecw7pQOA,【 PEAK 】一緒に山登り⛰️手繋いでいきましょ🫱🏻‍🫲🏻💕【 赤彩みあ / すずみあ 】
802,めるとくん,,126000,2026-08-30,0.93,1.0,シューター,残す,,https://www.youtube.com/channel/UCox_Ayuekjqg_8oppbP_sAw,【配信】ゲリラでバトロワとかカスタムとかしよう！【ブレインロットファイト】【フォートナイト/Fortnite】【めるとく
803,ホロライブ切り抜きSAI【Vtuber切り抜き】,,126000,2026-09-26,0.0,0.0,,外す（切り抜き）,,https://www.youtube.com/channel/UCN-T9-uNPAfghzajxxY3cAg,
804,Taka room,,125000,2026-08-28,1.0,1.0,,残す,,https://www.youtube.com/channel/UC-lJhb_Yv7PTfY_xS-BMpZA,【パワプロ2026】【ペナント】猿モン30年目 #30 最終回
805,最高コーラ / Moritaka Cola,,125000,2026-08-28,0.85,1.0,アドベンチャー,残す,,https://www.youtube.com/channel/UC0wsbnO0ZbkPeuLjmwxKcgQ,新レバー取付完了したので入力ミスらない鉄拳8
806,わらび餅モンスト,,125000,2026-09-01,1.0,1.0,,残す,,https://www.youtube.com/channel/UCOHJ8B_cPj51an2KAYG1PzA,【モンスト】グリッターボールで友情ゲー＆特殊大号令SS持ち！？『獣神化改浦女2年生』を黄泉の星墓で使ってみた！
807,皆で一緒にモンハンライフ,,125000,2026-09-03,1.0,1.0,,残す,,https://www.youtube.com/channel/UCawnXB18xMuQXc8b9PIwCPw,アセンダンスPV①来たからちょっとだけ雑談する枠　モンハンワイルズ
808,モノクヤ,,124000,2026-09-04,1.0,1.0,,残す,,https://www.youtube.com/channel/UCBtYWljkLUtkMbBWhmbRX4Q,"まさかの新武器!!?Switch2版発売おめでとう!!""新武器達""でちょい楽リング!!【ELDEN RING】【エルデン"
809,マーチィゲーミング　Marchy Gaming,,124000,2026-09-30,1.0,1.0,アクション（横スクロール）,残す,,https://www.youtube.com/channel/UC4fqjZlNoU2hRUwy3l0VWtQ,また無料アイテムが⁉️ロブロックスがハロウィンイベントを匂わせる / ブレイクインシリーズの続編が出ると話題に❗️【ロブ
810,コーマ,,123000,2026-08-27,0.5,1.0,シミュレーション,残す,,https://www.youtube.com/channel/UCK4Qmame5gMUjJdlQYVK5dg,自分のペースでまったり仕事できるリゾートカフェ経営シム【Vacation Cafe Simulator】
811,戦闘力5のアラフォーレトロゲーマー【ゆっくり実況】『戦5』,,123000,2026-08-28,0.05,1.0,シューター,残す,,https://www.youtube.com/channel/UCvfAxTOyi9d4v31oND5cdVQ,【衝撃の移植作品】神ゲーのセプテントリオンが地獄のゲームになった。『セプテントリオン Out of the Blue』　
812,いちごうのゲームビート,,123000,2026-09-06,0.63,1.0,アドベンチャー,残す,,https://www.youtube.com/channel/UCypA9d0mrCoXJmoEDYXrZLw,【クリアレビュー】『オービタルズ』90年代アニメ風協力プレイアクション！楽しいが体験は発展途上...【Orbitals 
813,かなぶた,,123000,2026-09-19,0.67,1.0,タクティカル,残す,,https://www.youtube.com/channel/UCWnVsT4e0k0SoQjNOInlhnQ,青いブツに化けたカメレオンの末路が面白すぎた【めっちゃカメレオン】【ごちゃまぜゆっくり実況】
814,ゆっくりなるたく,,122000,2026-08-16,0.95,1.0,,残す,,https://www.youtube.com/channel/UC-glvz7rS0FcaqF9Hzn31qA,ゆっくりなるたく のライブ配信
815,テスタのゆっくり実況,,122000,2026-09-07,0.05,1.0,,残す,,https://www.youtube.com/channel/UCu5vQIQxGZ8tJ-2pd3dKEdQ,【新作モンハン】アセンダンスに出てくるであろう復活モンスターを予想
816,iemon,,122000,2026-09-10,0.3,1.0,ストラテジー,残す,,https://www.youtube.com/channel/UC6YrjnlPcicwkJ6i5xd0F_Q,【#めめ村】＜釣り（こぶし）＞【How to fish】
817,IGN Japan,,122000,2026-09-21,0.47,1.0,アドベンチャー,残す,,https://www.youtube.com/channel/UCUzl0dAdU3IUGrChjqbMuqQ,AIと共に大作ゲームを作れる時代？Gear Zero開発者インタビュー【PR】
818,月赴ゐぶき / あおぎり高校,あおぎり高校,121000,2026-08-21,0.53,1.0,アドベンチャー,残す,,https://www.youtube.com/channel/UCxy3KNlLQiN64tikKipnQNg,【実写オフコラボ】　ちらし寿司を作って食べるゆるやかな会　【あおぎり高校】
819,SMPクリップ,,121000,2026-09-21,0.0,0.0,,要確認（長尺動画なし）,,https://www.youtube.com/channel/UCAuDKdTeZumLSuox_qmQrCQ,
820,てるちこ,,121000,2026-09-13,0.0,0.0,,要確認（長尺動画なし）,,https://www.youtube.com/channel/UCM_kL-86_9j9PtzVHKTIu0g,
821,なるほどチャンネル,,120000,2026-08-27,0.2,1.0,シューター,残す,,https://www.youtube.com/channel/UCyrNlxVuD6gLCWX4DxuVlwA,おじさんたちがハマったゲーセンのゲームPart3ヴォルフィード
822,男虎 / Ono Tora【にじさんじ】,,120000,2026-09-19,0.54,1.0,,残す,,https://www.youtube.com/channel/UCFimqykDM5g9a5KxlW_e7ZQ,【 マイクラ 】 マイクラ禁断症状につきハードコアをひとつまみ【 男虎 / にじさんじ 】
823,小花衣 ももみ / Momomi Kohanai,,119000,2026-08-27,1.0,1.0,シューター,残す,,https://www.youtube.com/channel/UCjH4Z-uXHegQCTlGeUc7qUA,🎮 #ストグラSeason2┊#167 あしたは4周年 8/27【 #小花衣ももみ / #Vtuber 】
824,胡桃沢りりか,,119000,2026-08-28,0.8,1.0,RPG,残す,,https://www.youtube.com/channel/UCYLp2FLXcqLUZhvrCxQmNIA,【キャプテン翼Ⅱ スーパーストライカー/FC】ワールドユースいくぞ！！優勝なるか！？【胡桃沢りりか】
825,ジグのフォートナイト先輩,,119000,2026-08-30,0.0,1.0,,外す（ゲーム動画なし）,,https://www.youtube.com/channel/UCki-diEpX8eLHvSAn9C0Eyg,昼の時間にスティール緊急管理者イベントあるんだけど　今
826,ホロライブ日記,,119000,2026-09-09,0.0,0.0,,要確認（長尺動画なし）,,https://www.youtube.com/channel/UCb0ihakUzdX9YgjVeVmlU5A,
827,りーえふぴーえす。,,118000,2026-08-27,1.0,1.0,シューター,残す,,https://www.youtube.com/channel/UCBYaYq0II3qo8-9N8a-Bdfg,クレーバーが最優先だあああああ【APEX】
828,E-Sports_GG【VALORANT 大会ハイライト】,,118000,2026-09-08,0.16,1.0,アドベンチャー,残す,,https://www.youtube.com/channel/UC0FUMakBJHsRrfKCGQuWnRA,【新世代】2022年を彷彿させる新鋭たち。元世界王者の古豪復活の瞬間【VCT 2026 Americas Stage2 
829,UNIT B (Pre-Debut) - mekPark,,118000,2026-09-10,0.0,1.0,,外す（ゲーム動画なし）,,https://www.youtube.com/channel/UC3OH5FKQ3qtl4uRme_vZTgA,【神ゲー】東方紅魔郷に初挑戦！！【 #UNIT_B / #玲銘ミラ】
830,まお,亀戸組,118000,2026-08-28,0.21,1.0,シミュレーション,残す,,https://www.youtube.com/channel/UCeRMsla9BVcbC4ArZigLHyg,てょわわわぁ～んｗｗｗｗｗｗｗｗｗｗ #39【ポケットモンスター ソード 剣】
831,飛良ひかり / Hikari Channel【ななしいんく】,ななしいんく,117000,2026-08-25,0.14,1.0,パズル,残す,,https://www.youtube.com/channel/UCFsWaTQ7kT76jNNGeGIKNSA,【Bits & Bops】天羽衣ちゃんから楽しそうなゲームをいただきました💃【飛良ひかり / ななしいんく】
832,あゆみんch,,117000,2026-08-27,1.0,1.0,,残す,,https://www.youtube.com/channel/UCgFRNARJowqHnI7LNkXndBQ,【2109~】電気ピジョットで２２００まで行くわよ～～～～【ポケモンチャンピオンズ】
833,DINGU,,117000,2026-08-30,0.08,1.0,アドベンチャー,残す,,https://www.youtube.com/channel/UCpvS7mq6hrhvUj2kh4XAlLA,【視聴者参加型】もしもピングー（？）がキラーに追いかけまわされたら多分こうなる
834,プテラたかはし,高田村,117000,2026-08-27,0.55,1.0,ストラテジー,残す,,https://www.youtube.com/channel/UC65uVBk6DQMj-a17jFK0oRg,【雑談】ガチ狼イベとか最近の生活の話など
835,雪白キャル / Qalu Channel【ミクスト】,,116000,2026-08-28,0.08,1.0,,残す,,https://www.youtube.com/channel/UCjN-1QSJtD6RdRGXTf9L1Sw,【スーパーマリオ64】絶対に発狂しない！はじめてのマリオ64！【＃雪白キャル / #ミクスト】
836,こうにいの流行り者YouTuber解説ch,,116000,2026-08-20,0.0,0.0,,要確認（長尺動画なし）,,https://www.youtube.com/channel/UCCxG4UTNSeEJ1ux4k4rvQpA,
837,くろみつば,,116000,2026-09-01,0.0,0.0,,要確認（長尺動画なし）,,https://www.youtube.com/channel/UCG5wttS2eFPeGJJte3hVHBA,
838,おーでしゲームレビューch,,116000,2026-09-22,0.35,1.0,アドベンチャー,残す,,https://www.youtube.com/channel/UCDGtnJdRhf18PZIiEJDpHWw,【TGS試遊プレイ感想】『GUNDAM ROGUE ORBIT』があまりにも面白くて期待大!!【ガンダムローグオービット
839,あれる,,115000,2026-08-29,1.0,1.0,シューター,残す,,https://www.youtube.com/channel/UCmzRNMuC3LAGRq2TtDySycg,Americas NA Day4プロリーグウォチパ　【あれる】│APEX
840,赤ウーがツモりてえんだ,,115000,2026-09-03,0.0,1.0,,外す（ゲーム動画なし）,,https://www.youtube.com/channel/UC_CZo_V7q9NvscEJCwn9VwQ,【麻雀生配信】久々の赤ウー三麻
841,キノコ隊,,114000,2026-09-22,0.0,0.0,,要確認（長尺動画なし）,,https://www.youtube.com/channel/UCgr5qkErArIO_OXYd2ICZvw,
842,三浦大知のゲーム実況,,114000,2026-09-06,0.75,1.0,シミュレーション,残す,,https://www.youtube.com/channel/UC0QMnnz3E-B02xtQhjktiXA,【お試し？】三浦大知の「ほの暮しの庭」
843,ぶいすぽ倉庫,,114000,2026-10-05,0.15,1.0,シューター,残す,,https://www.youtube.com/channel/UCoM5tr4Uf8qYDe48IOyMLNw,レイドにボイスを買われてる事を知りキレるべに、PUBGにタルコフみを感じちゃう一同、全力でビリビリリアクションしてくれる
844,なるおのひとりでできるもん,たろちん指定,114000,2026-08-26,0.94,1.0,シミュレーション,残す,,https://www.youtube.com/channel/UC6dI7knIUj6Qx_S58MOe7sA,【スト6】「やっぱプロはすげえな」プロ達の対戦リプレイから入力速度、えらいプレイを見る【なるお・ストリートファイター6】
845,布団ちゃん【魔神の戯れ】,,113000,2026-08-28,0.4,1.0,シミュレーション,残す,,https://www.youtube.com/channel/UC1xFkkJgjzVUm9oZIHQ10yQ,布団ちゃんの『ファイナルファンタジーXVI』実況プレイDay2
846,ワイトのゲーム攻略所,,113000,2026-08-26,0.2,1.0,,残す,,https://www.youtube.com/channel/UCBkkN1g1FDyBC-M0Rk_qpuw,【無限大ANANTA】リリース日決定！最新PVの新情報10選/新都市「重霄」/乗り物/新キャラなど【アナンタ/games
847,ちゃんナギ🍟,,113000,2026-08-30,1.0,1.0,シューター,残す,,https://www.youtube.com/channel/UC3e99GxjH9FvmRJr2g2Qdtw,けいきchとランク上げる【フォートナイト/Fortnite】
848,けっつん,,113000,2026-08-31,0.14,1.0,アドベンチャー,残す,,https://www.youtube.com/channel/UCrFvxZKw4X6oCFDt1j-NqPQ,色んな人に極上のボイスを聴かせまくって、その反応を楽しむけっつん【ストリヌ/夜乃くろむ/本阿弥あずさ/しるこ/日向まる/
849,かぐch,,113000,2026-09-01,0.0,1.0,,外す（ゲーム動画なし）,,https://www.youtube.com/channel/UCxcnE_vX4qAADpyrmZ_cjAA,「ぷにぷに」復刻キャラ＆ガシャを完全解説！（五等分の花嫁）
850,Tenten Ch. / 鳳玲天々,,113000,2026-09-06,0.3,1.0,,残す,,https://www.youtube.com/channel/UCw-jEa3_788VkvM2zHzrDnw,【スーパーリアル麻雀VR】脱●連動型の麻雀配信です【鳳玲天々/Vtuber】
851,斜落せつな / Sharaku Setsuna,,113000,2026-09-19,0.91,1.0,シューター,残す,,https://www.youtube.com/channel/UClhLb5qSZy0Gvn3c-HuaInQ,【スト6】アルマス門番志望ランク【斜落せつな/ぶいぱい】
852,堰代ミコ / Mico Channel【ななしいんく】,ななしいんく,112000,2026-08-27,0.15,1.0,アクション（横スクロール）,残す,,https://www.youtube.com/channel/UCDh2bWI5EDu7PavqwICkVpA,【 #ななし夏休み歌枠リレー 】夏休みの最後に宿題投げ捨てて歌おーーーーーッ！！！！！！！！！🍉【 堰代ミコ / ななし
853,じょじょおじ,,112000,2026-08-27,1.0,1.0,シューター,残す,,https://www.youtube.com/channel/UCbqR8Pc4un1oKdgCIuiy1oQ,ブラハの時代がきたのか？ 【APEX】
854,でんどろ,,112000,2026-09-05,0.0,0.0,,要確認（長尺動画なし）,,https://www.youtube.com/channel/UCNM9QYTd2a8TnKEM9XlpRmQ,
855,オカダ🔎,,112000,2026-08-31,0.38,1.0,シューター,残す,,https://www.youtube.com/channel/UC-o3tqx2HpC27pJ6d0qsm7Q,【オカらい定期配信】どっちが最速か決めようじゃないか！【Ultimate Chicken Horse】
856,わた《あかうーぴん》,,112000,2026-09-06,0.75,1.0,,残す,,https://www.youtube.com/channel/UC8y43mfG6k32zbXco0xYe-Q,🔴第58回あかうーぴん漢気役満大会 【麻雀】【雀魂】
857,ばっけんのレトロゲームチャンネル,,110000,2026-08-28,0.1,1.0,アクション（横スクロール）,残す,,https://www.youtube.com/channel/UChNaxK2B0Lq07lnOw8yMZ2w,YouTubeライブ　魍魎戦記マダラ(FC) 数十年ぶりのクリアー目指して実況プレイ #8
858,YamatoN,,110000,2026-09-01,1.0,1.0,RPG,残す,,https://www.youtube.com/channel/UCDDj3CtmsImuRmtiMPBzZgg,【新作】話題の死にゲー「モータルシェル2」は面白いのか？【Mortal Shell 2】
859,こくじんTV,,110000,2026-09-01,0.2,1.0,シューター,残す,,https://www.youtube.com/channel/UCcO-FDMK_mPWEnoxyNDwvNw,おじリーガーProfile - No.5「ヌキ」　　#おじリーグ6
860,ハチミツ【HC32】,,109000,2026-08-27,0.86,1.0,シューター,残す,,https://www.youtube.com/channel/UCQ_0sMp_4A0yNJndX3yiEVA,ダイヤ帯でまさかの4000ダメフゥンダル！？ｗｗｗ【APEXLEGENDS】
861,タッカルビのレトロゲームゆっくり実況,,109000,2026-08-25,0.05,1.0,アクション（ハクスラ）,残す,,https://www.youtube.com/channel/UC2iHg4z9YGEub-9GZGWSF7g,【ゆっくり実況】 ファイアーエムブレム 紋章の謎 英雄戦争編 スーパーファミコン 【レトロゲーム 】【シミュレーション】
862,ウパパロン,,109000,2026-09-02,0.89,1.0,ストラテジー,残す,,https://www.youtube.com/channel/UC_AoeaCVUk5afzONHvqFRjQ,【めめ村】ハンターが絶対に行けない裏世界に全員で行ってみたww【めっちゃカメレオン】【ゆっくり実況】
863,渋川式 麻雀通信,,109000,2026-09-19,0.33,1.0,,残す,,https://www.youtube.com/channel/UCt40tSdNIum1EzOyy-_K2HA,雀士として再出発【雀魂】
864,篝蛇いおラー【Kagachi ioLer】,,108000,2026-08-27,0.5,1.0,,残す,,https://www.youtube.com/channel/UClzAjMtgGCGE_76JUIhErUg,【雑談】酔わないですねぇ～。皆と話して人里学習【ぞ】【篝蛇いおラー】
865,ぴろちゃん -ゲーム攻略・情報ch-,,108000,2026-08-25,0.79,1.0,アドベンチャー,残す,,https://www.youtube.com/channel/UC9fend03DfkOpPHGPhrPX6w,新作4人協力TPSゲーはおもしろいのか！？PS5版で遊んでいくぞ！Gamescomも見ていく！【エイリアン：ファイアーチ
866,【公式】ONE PIECEカードゲーム チャンネル,,108000,2026-08-27,0.0,1.0,,外す（ゲーム動画なし）,,https://www.youtube.com/channel/UCMhxrrst-3oDFY2oWJGd29Q,【公式】『世界最強の戦士【OP-17】』環境強化バトル！エクストラ！！赤ニューゲートVS紫カイドウ【ワンピカード情報局】
867,麻雀ウォッチ,,108000,2026-08-27,0.12,0.88,シミュレーション,残す,,https://www.youtube.com/channel/UCQDA1x6VCsJHlrDEPKE0RPQ,麻雀ウォッチ #魂天リーグ2026 第7節
868,CHEEKYを推したい【公認切り抜き】,,108000,2026-09-24,0.0,0.0,,外す（切り抜き）,,https://www.youtube.com/channel/UCRO3DaH7u9B_9zBH6__fsnA,
869,支配人ミル ゼルダの専門家,,107000,2026-08-29,0.16,1.0,,残す,,https://www.youtube.com/channel/UCHWEb8Kr34OupSqQV4HkiWw,このハイラルにしか出せない空気感を言語化してみた
870,たのさばさん【ゲーム解説】,,107000,2026-09-11,0.0,0.0,,要確認（長尺動画なし）,,https://www.youtube.com/channel/UCnEzslBi-tJAtqSakZpNKOA,
871,へっぽこストライカーのモンスト!,,107000,2026-10-02,1.0,1.0,,残す,,https://www.youtube.com/channel/UCJTJ1S8LyA1xJcwqXunVJpA,【モンスト】※絶対選ぶべき※無料で最大5体GET『13周年轟絶感謝マルチガチャ』大当たりキャラまとめ！後悔しない為に選ぶ
872,りぜる,,106000,2026-08-30,1.0,1.0,ストラテジー,残す,,https://www.youtube.com/channel/UCuxpQqfz9kXWqA2JqmLPsqw,【DBD大会】DIF intermedia cup Vol.17-りぜる視点-【デッドバイデイライト】
873,たくまんBrainrot,,106000,2026-08-30,1.0,1.0,シューター,残す,,https://www.youtube.com/channel/UCXEMKuBFgidont0ixII5zIw,19:50～GO UP、21:00ファイトの再イベントやる…！！【ブレインロット】【フォートナイト】
874,ヴァンガードチャンネル【アニメ「Divinez 運命星戦編」劇場先行上映公開中!】,,106000,2026-10-05,0.07,1.0,RPG,残す,,https://www.youtube.com/channel/UC1Wp3qfvlq1GybWL6C85jSw,【対戦動画】レヴィドラス “幻影” vs レザエル・ヴェリタス「運命星戦」【ヴァンガード】
875,とち丸ちゃん【毎日19時配信】,,105000,2026-09-22,0.53,1.0,シューター,残す,,https://www.youtube.com/channel/UCdlbniMFEw3Ci0AtOyNnu4g,『Fortnite』エリート3行けるまで耐久配信！
876,ConnorIGL,,105000,2026-08-27,0.74,0.0,アドベンチャー,外す（日本語の配信ではない）,,https://www.youtube.com/channel/UC2OXXgGejCNDbxAbUDUuMEQ,"Every Unique Item We Get, the World Border Expands!"
877,慈悲の極み。,,105000,2026-08-28,0.75,1.0,シミュレーション,残す,,https://www.youtube.com/channel/UClY56eiOndzx16Vu_PfAtAg,【8日～14日編】ソロでもホードを0デスで乗り越えたいです！！！【7 Days to Die】
878,しろがねれお-白金レオ,,105000,2026-09-07,0.7,1.0,インディー,残す,,https://www.youtube.com/channel/UCsvs6Obu--ydRQ5l40j5fCQ,【ヒロアカUR】チート級の猛者が大集結した最強視聴者カスタムがヤバい【僕のヒーローアカデミア ULTRA RUMBLE】
879,ネタ勢のトリュウ,,105000,2026-09-10,0.8,1.0,,残す,,https://www.youtube.com/channel/UCxpj2XD8jdF9uzqouTjLtng,【鳴潮】「景燃ジンラン」最強の使い方！ローテ短縮して安定！マトリクス用20重撃ローテーションも解説！【無課金/初心者】音
880,Tさとる,,104000,2026-08-28,0.89,1.0,,残す,,https://www.youtube.com/channel/UCo4pd-GsErqpdZ8f8bC8H-g,最強ペルソナ『伊邪那岐大神』を召喚して幾万の真言で超高火力を出したい【スマブラSP】
881,カワセミ,,104000,2026-08-30,0.0,0.0,,要確認（長尺動画なし）,,https://www.youtube.com/channel/UCSy4ovsHKC3OsmO3gfSupLw,
882,はなやま / ナギ,,103000,2026-08-26,0.88,1.0,,残す,,https://www.youtube.com/channel/UCg61OGDSto41R0M6It8emOg,【#原神】魔神任務まだ味するから喋りたい
883,ノタル(スプラch),,103000,2026-09-05,1.0,1.0,,残す,,https://www.youtube.com/channel/UCDngYq5TH_FEQO-66Gw1HLw,【#2】今日でラスボスを倒す！スプラトゥーンレイダース
884,うる虎がーる / あおぎり高校,あおぎり高校,102000,2026-08-27,0.65,1.0,アドベンチャー,残す,,https://www.youtube.com/channel/UCdi5pj0MDQ-3LFNUFIFmD8w,【 ホロドリ 】新ミニゲーム『くらやみチェイス』がおもしろそうじゃんトラ！🌙✨【 うる虎がーる / あおぎり高校  】
885,カレカ,,102000,2026-09-21,0.0,0.0,,要確認（長尺動画なし）,,https://www.youtube.com/channel/UC27aOKVaKIkcH5IXjlOm3Qw,
886,Zerost Channel,,102000,2026-08-26,0.9,1.0,RPG,残す,,https://www.youtube.com/channel/UCBtAasNQYblmWPx1R77tcEA,仲良くなるためにチーム5人でsetlogを始めようとするZerostたち【Ceros/SHAKA/千燈ゆうひ/神楽めあ/
887,ビモチャン（アソビモ）,,102000,2026-08-29,0.28,1.0,RPG,残す,,https://www.youtube.com/channel/UCHqoxmCPn_Bc2CHpZUV8kEg,ETERNAL(エターナル)公式生放送 | 「第六十二回攻城戦」公式大会 #1984
888,ハルル,,102000,2026-08-29,1.0,1.0,,残す,,https://www.youtube.com/channel/UCyRHNHO9a2hB5lOe7UbYUcw,【モンスト】えぇ勿論わかってましたよ、地獄を見なくて済むかもなんて微塵もおもっ【ゆっくり実況】コラボガチャ縛りpart4
889,世界のマイクラ【日本語】,,101000,2026-08-28,0.0,0.0,,要確認（長尺動画なし）,,https://www.youtube.com/channel/UCvbrW_M_oV8L7vop9tAFPcQ,
890,ニャジーノ[nyajino],,101000,2026-08-30,1.0,1.0,シューター,残す,,https://www.youtube.com/channel/UCQ3n8KMu2bJkG1lIl2Uh1jA,【フォートナイト】ティア12が上方修正？！課金はするべきなの？！ブレインロットを盗む！！【ゆっくり実況/フォトナ】
891,けんちゅー,,101000,2026-09-09,0.71,1.0,シューター,残す,,https://www.youtube.com/channel/UCGwJJ0ErFP9SjYEvtvxJLUA,【APEX】今日は誕生日だ！ランク配信
892,領国つかさ / Tsukasa Ryogoku,,100000,2026-09-23,0.47,1.0,アドベンチャー,残す,,https://www.youtube.com/channel/UCwBmSNUOWnowsju5YG7dT6g,【 歌枠 】年に1度の激レアカラオケ会場🎤✨【 領国つかさ / すぺしゃりて 】
893,神楽すず,,99400,2026-08-25,0.35,1.0,,残す,,https://www.youtube.com/channel/UCUZ5AlC3rTlM-rA2cj5RP6w,【ブルーアーカイブ】「ゲヘナを再び偉大に！」を読む｜炎と影編 第2部Vol.1
894,ハヤトの隠れ家,,99300,2026-08-26,0.3,1.0,,残す,,https://www.youtube.com/channel/UCIamfrKx4hVCqDIBD8NAh-w,忙しすぎてのんびりできない田舎暮らし『 ほの暮しの庭 』#6
895,ももち / Momochi,,99300,2026-09-14,0.94,1.0,,残す,,https://www.youtube.com/channel/UCPB5UJ70KDnL_hy0TyT79NA,「これ…どうする?」超難易度のジェイミーのリーサル判断を無限に悩むももち【ストリートファイター6】
896,あわぴー,,99100,2026-09-01,1.0,1.0,シューター,残す,,https://www.youtube.com/channel/UCPBp71pm4eCdQEMbobpu6qg,精霊イベントで激レア精霊集める！【フォートナイト】
897,うどん高機動型,,99000,2026-08-29,0.5,1.0,RPG,残す,,https://www.youtube.com/channel/UC6-g66WHWYWVKDzKgR249Lg,【キャプテン翼2 WF：LEGENDATY編Live】皇帝シュナイダー復活へ！新たな物語描くレジェンダリー編開幕だ！
898,弐十 / Nito Channel,,98700,2026-09-24,0.15,1.0,シミュレーション,残す,,https://www.youtube.com/channel/UCuZPk0nCd2YdECJAkYOHGXA,【朝活】１万人におはようございますが言えるまで終われナイ！-連休終わり憂鬱な朝編-【 新人vtuber / 弐十 】
899,GAMEアダチ,,98500,2026-09-06,1.0,1.0,RPG,残す,,https://www.youtube.com/channel/UCPIvPzsAmkhTRHJGvQRC-_g,"完全初見ですが""鬼武者""を簡単にクリアできます【鬼武者 Way of the Sword】"
900,のったんちゃんねる,,98500,2026-09-14,1.0,1.0,シューター,残す,,https://www.youtube.com/channel/UC0Zv7Y28ioYpKNHXd5fx5RQ,マッドマギーの金玉にボッコボコにされて嘆く野良の民ｗｗ【 APEX のったん エペ解説 】#apex #apexlege
901,島村シャルロット / Charlotte Channel【ななしいんく】,ななしいんく,98400,2026-08-27,0.8,1.0,アドベンチャー,残す,,https://www.youtube.com/channel/UCYTz3uIgwVY3ZU-IQJS8r3A,【 ゼルダの伝説 ブレス オブ ザ ワイルド 】人生初ゼルダ✨　⑧第３の村を見つけて進みます！！　#シャルのひつじ【島村
902,Masatoshiまさとし,,98100,2026-08-25,1.0,1.0,シューター,残す,,https://www.youtube.com/channel/UCDxeMaDB-6w-dFpCt1Jlt2Q,最新アプデでアクセル弱体化！ブラハは強化されたぞ！最新評価や使ってみた感想全部話すわｗｗｗ最新アプデ解説！【APEX L
903,レトロゲームTV【ゆっくり実況】,,97800,2026-08-23,0.25,1.0,RPG,残す,,https://www.youtube.com/channel/UCrhHdxT-kPVVbVnH7W3daRg,【ゆっくり実況】ドラゴンスレイヤー英雄伝説をクリア【レトロゲーム】
904,ばつねじ【Apexサブカル系実況】,,97500,2026-08-22,1.0,1.0,シューター,残す,,https://www.youtube.com/channel/UC2JAjosPLS4WMetfl6304hg,【2026年 最新版】夢のスパレジェを無料でゲットする悪魔の方法８選【APEX LEGENDS】
905,Diamond【マイクラ】,,97200,2026-08-18,0.5,1.0,,残す,,https://www.youtube.com/channel/UC45awQ1U5fvdqItpgo4fzrg,全人類がマイクラに転生した結果
906,Cjels818,,96900,2026-09-18,0.0,0.0,,要確認（長尺動画なし）,,https://www.youtube.com/channel/UCKH36Vpn_9YYI3F9bsNVKSA,
907,うめたん,,96600,2026-09-22,0.0,0.0,,要確認（長尺動画なし）,,https://www.youtube.com/channel/UCPCOVm2M617IgO7v3jZ4iLw,
908,RaeedXA Gaming,,96500,2026-08-14,0.75,0.0,アドベンチャー,外す（日本語の配信ではない）,,https://www.youtube.com/channel/UCJyZf47MezbvULwA-4ITPeg,اشياء ما تعرفها عن ريزدنت ايفل - Resident Evil 4
909,咲乃もこ【SakinoMoco】,,96300,2026-08-28,0.0,1.0,,外す（ゲーム動画なし）,,https://www.youtube.com/channel/UCwXfrtn26oj7JW9fwB_z1bw,【#魂天リーグ】決勝行けるかが決まる予選最終節！チームポラリス応援楽屋配信！VS魂天プロ
910,光葉エニ,Neo-Porte,96200,2026-08-24,0.45,1.0,シューター,残す,,https://www.youtube.com/channel/UCdVYY2166hyjUAMHwp2almg,【 Escape from Tarkov 】ガチで目指せ20代！【ネオポルテ / 光葉エニ】
911,えびンモTV,,95500,2026-08-29,0.0,1.0,,外す（ゲーム動画なし）,,https://www.youtube.com/channel/UCqWIpAZsfdtfh6qNDs1XQNA,【ダリウス vs ジャックス】瞬足ビルドでファイトを荒らせ！ダリウスの欠点を補う最新ビルドでレベル1からドミネートするえ
912,ためう【Tameu】,,95500,2026-09-28,1.0,1.0,シューター,残す,,https://www.youtube.com/channel/UCVSTdDW8LTucFghYcVI2ksQ,【フォートナイト】エグすぎる...1時間激レアでスペシャルな精霊を集め続けた結果…【フォートナイト/ゆっくり実況/for
913,不知火葵 ゲーム実況チャンネル,,95200,2026-08-29,0.0,0.0,,要確認（長尺動画なし）,,https://www.youtube.com/channel/UChRMiBqjKxq7QPtYbXjMzFA,
914,白亜リラ / Hakua Lira,,94300,2026-09-28,1.0,1.0,RPG,残す,,https://www.youtube.com/channel/UCb-J0Shehsk2G-Ddliv9huw,【#崩壊スターレイル 】Ver.4.6開拓クエスト「月立つ前に獣と踊れ」やるぞ…！【 Vtuber/ 白亜リラ 】
915,アイウエオ,,93800,2026-08-29,0.84,1.0,,残す,,https://www.youtube.com/channel/UCiC6jXFV2uHuP6rRhet6l_w,【超究極　糸師凛】反属性完全無課金（糸師冴艦隊）で挑む！【ゆっくり実況】モンストやりこみ解説#188
916,Sci-Fi City,,93300,2026-09-22,0.37,0.0,ノベル,外す（日本語の配信ではない）,,https://www.youtube.com/channel/UCR29-cqWs0T_J265ZxUym_Q,"Sam Brenner Meets Corporal Hill | Pixels (Adam Sandler, Sean"
917,ましゃかりさん,,93200,2026-08-30,1.0,1.0,シューター,残す,,https://www.youtube.com/channel/UCEOWxJCx_wPq-LsJB_QXL9A,【#ストグラ Season2】壊れていく警察【赤ちゃんキャップ】
918,かしあ,,93100,2026-08-30,1.0,1.0,シューター,残す,,https://www.youtube.com/channel/UCRgev-FkPpAi4P0WrWI5irg,チートで最強精霊を呼び出して新シーズンでビクロイしてみた！【フォートナイト】【ゆっくり実況】
919,はる～～ん,,92900,2026-08-28,0.11,1.0,,残す,,https://www.youtube.com/channel/UCEbfFfOHYWgjpypO5skW6aw,タタコンで第六全良できんじゃね！？【太鼓の達人 ドンだフルフェスティバル】
920,蛇宵ティア / Tier Channel【ななしいんく】,ななしいんく,92700,2026-08-28,0.55,1.0,RPG,残す,,https://www.youtube.com/channel/UCrt4cTM_sWH0iySLMkwwYLQ,【 JSP3 】あの、ここ行ったとこあります…【 蛇宵ティア / ななしいんく 】
921,しんたろー,高田村,92400,2026-08-19,0.2,1.0,パズル,残す,,https://www.youtube.com/channel/UCIWJ_FaWuSc3HhWSSrCgTMg,【しんたろー視点】タケルさん主催zoom人狼 8/19
922,久我レオ / Kuga Leo,Neo-Porte,91500,2026-08-28,0.8,1.0,,残す,,https://www.youtube.com/channel/UCmpEFsiD67ZOjn2CCJoo1mw,【歌枠】おはよう☀️突発の朝歌枠！誕生日に向けて練習するよん～  【久我レオ / ネオポルテ】
923,teamPGX,,91500,2026-08-25,0.0,1.0,,外す（ゲーム動画なし）,,https://www.youtube.com/channel/UCEHYJuAhZA3krpO9o1eiHtw,【太鼓の達人 ニジイロver.】HYPERNOVA 全良
924,RTV,,91300,2026-09-22,0.0,0.0,,要確認（長尺動画なし）,,https://www.youtube.com/channel/UCk13mE7-HnizCxK2C-4XAqw,
925,ボビー,,91200,2026-09-28,1.0,1.0,RPG,残す,,https://www.youtube.com/channel/UCG60LkIPyPD6_GWeH6GSirg,【崩壊スターレイル】伶人厳選しながら【質問歓迎】
926,F.A.L,,91000,2026-09-04,0.5,1.0,ストラテジー,残す,,https://www.youtube.com/channel/UCjXHCEwWmtFmkl2p3UR5yjw,【ゆっくり実況】元社畜勢とハバタキノギウスの討伐【スプラトゥーン レイダース】
927,バトラ,,91000,2026-10-01,0.22,1.0,格闘,残す,,https://www.youtube.com/channel/UC67WMeSJs-HwKb-pCN6Z63Q,水着美女のシークレットムービーを見るためカジノにのめりこむ男【DEAD OR ALIVE Xtreme 3 Scarle
928,ギヤウキ,,90800,2026-08-21,0.9,1.0,ポイントクリック,残す,,https://www.youtube.com/channel/UCC4bvNCjqB6OD3ovoXixOvQ,とにかく40時間ひたすら洗濯して最強の『ランドリーストア』を経営しよう！
929,りうくん,,90700,2026-09-21,1.0,1.0,,残す,,https://www.youtube.com/channel/UClVTpG_w1NH583RYEHobDvQ,【りうくん杯】トッププレイヤー達の視点、レベルが高すぎた【スプラトゥーン3/りうくん】
930,としょ子 ストーリー実況と検証バグ,,90300,2026-08-27,0.3,1.0,アドベンチャー,残す,,https://www.youtube.com/channel/UC9gHycsJRqL2hOAsqnWnd9w,馬に乗って竜に乗って馬が吹っ飛ぶ～検証バグ集～【スカイリム】【バイオハザードオペレーションラクーンシティ】
931,しゅーとチャンネル / Shuto,,90200,2026-08-26,0.94,1.0,,残す,,https://www.youtube.com/channel/UCVpiMbxV0dfkINwtUlqU1bg,【スト6】釈迦さんにマリーザコーチング
932,白銀のハト,,90200,2026-08-30,1.0,1.0,RPG,残す,,https://www.youtube.com/channel/UC5fmyPdfcC56olPQyfXTSjA,【#fgo 】各食材18万 どこまで稼げる？【カルデア南海大決戦！】【質問あればご自由に】
933,プラズマ,,90100,2026-09-07,1.0,1.0,,残す,,https://www.youtube.com/channel/UCgeULFdzbt126E44OMWLsTg,【モンスト】前代未聞！？星4-5キャラを狙って「ラブライブ」コラボガチャ第2弾を引いてみた結果【ゆっくり実況】
934,めーや,高田村,90000,2026-08-27,0.75,1.0,ストラテジー,残す,,https://www.youtube.com/channel/UCnxOr4j-qXPkC7oQXtM18kg,【Gamble With Your Friends】高田村メンバーでレッツギャンブル！！
935,【公式】デジモンカードゲーム チャンネル,,89900,2026-08-27,0.0,1.0,,外す（ゲーム動画なし）,,https://www.youtube.com/channel/UCatja8aFvLzB5efQjBN0LuQ,【木曜21時】デジモンカードバトル #279  #TIMELESSBONDS クライマックスバトル！
936,Captain Tsubasa : Dream Team /キャプテン翼 たたかえドリームチーム（キャプテン翼 たたかえドリームチーム公式チャンネル）,,89500,2026-08-28,1.0,1.0,アドベンチャー,残す,,https://www.youtube.com/channel/UCTgOPO7kIQ35YzB7SBIQoWQ,【New Regular Livestream】Captain Tsubasa: Dream Team／キャプテン翼〜た
937,ミラ,,89400,2026-08-27,0.0,1.0,,外す（ゲーム動画なし）,,https://www.youtube.com/channel/UCM1XeucEZHYmxCXlYNTELoQ,くるくる～
938,ぽこに / Poconi,,89300,2026-08-27,0.0,0.0,,要確認（長尺動画なし）,,https://www.youtube.com/channel/UC4QbTGVe7Jljprrh3EhQqwA,
939,トマトちゃん / ゲーム総合,,89300,2026-08-30,1.0,1.0,,残す,,https://www.youtube.com/channel/UCwhoGYcjo1hOH7xt7qwt3BQ,【エルデンリング 新DLC 考察】完全版！！破砕仮面卿の正体は、やはり「あの人」でした！！【考察】
940,DOLCE. / dolce_iwate Channel,,88800,2026-08-28,0.45,0.95,音ゲー,残す,,https://www.youtube.com/channel/UCVbTqPzmorYfPotO6IMelkA,【超縛りARENA】ルーレットで決まった様々な縛りオプション(S-RAN・EXHやフォルダ指定など)を付けながらアリーナ
941,Privaron Games,,88800,2026-09-30,1.0,1.0,パズル,残す,,https://www.youtube.com/channel/UCAllRoHdYh3NVwUB_MXU5FA,【マインクラフト ダンジョンズ2】ずっと待ってた！思った以上に神ゲームです！初見生配信
942,影。/かげまる,,88600,2026-08-30,1.0,1.0,シューター,残す,,https://www.youtube.com/channel/UCbJ9dl-7OBsL58Z_Gmp6ANw,【#ストグラSeason2】Day.73 深夜にチルっと起きてみたり【橘かげまる #ストグラ救急隊】2026/8/30
943,ひろと,,88500,2026-08-29,0.13,1.0,シューター,残す,,https://www.youtube.com/channel/UC3iI4AriSEyFPFcGJAZd7ew,【太鼓の達人 ニジイロVer.】Vrykolakas 全良
944,KOHALON,,88400,2026-09-03,1.0,1.0,格闘,残す,,https://www.youtube.com/channel/UC5d4C9zl9iayAex3X39PhIg,【新ルール追加】目的と手段を履き違えた男が列車に突撃してしまいました【マリオカート8DX ゴミ捨て#230】
945,もう一度だけVTuberやってもいい? 🅥,,88200,2026-09-30,0.2,1.0,,残す,,https://www.youtube.com/channel/UCtp1nFt0-kuM7s6vlgDRHJQ,【ホロドリ参加型🌸】視聴者全員かかっておいで？💜【ホロライブドリームス】 #もう一度だけVTuber #ホロドリ
946,小々波いるか / Kokonami Iruka【にじさんじ】,,88100,2026-09-08,0.73,1.0,RPG,残す,,https://www.youtube.com/channel/UCGGIGlgxXoVu1ZzbQ2XBxqQ,【 ゼルダの伝説 時のオカリナ 】#8 完全初見！ゾーラの里行くゾラ！【 にじさんじ  / 小々波いるか 】
947,かぼぬちゃん【スマブラ】,,87400,2026-09-21,0.0,1.0,,外す（ゲーム動画なし）,,https://www.youtube.com/channel/UCv1wAzx4P1glOpPpLUATxRg,【活動2周年】総集編！このDLC許せる？/このキャラ叡智？他【非公開動画あり】
948,鬼ヶ谷 テン / Onigaya Ten,Neo-Porte,87300,2026-08-26,0.25,1.0,シューター,残す,,https://www.youtube.com/channel/UCv3EicDtxObcZZmnFcHvNnw,【雑談】 小休憩前の雑談～【鬼ヶ谷テン/ネオポルテ】
949,ぷにたか,,87300,2026-08-30,0.43,1.0,シューター,残す,,https://www.youtube.com/channel/UCHNzl4BpHSRBdufFPqNPyOQ,【ゆっくり実況】新作東方ヴァンサバで被弾しまくり(泣)初期武器を自撮り棒から変えてみたステージ４の結果【天才チルノの珍イ
950,あふろのフォートナイト大学 / AFRO's FORTNITE UNIVERSITY,,87300,2026-09-21,0.25,1.0,シューター,残す,,https://www.youtube.com/channel/UCQwY7bupH7yShTIWlDCERbg,"フォートナイトを""５年""やってようやく分かった『あなたにとって』の最高の設定の見つけ方を解説(気づいた瞬間)"
951,将棋実況チャンネル【クロノ】,,87200,2026-10-03,0.0,1.0,,外す（ゲーム動画なし）,,https://www.youtube.com/channel/UCRkdTwD5nX7NC_gec_ueWOg,【Live】こっそりリハビリ配信将棋【2026/10/3】
952,-朔夜トバリ-Virtual BAR-lumen lunae-,,86900,2026-09-13,0.39,1.0,RPG,残す,,https://www.youtube.com/channel/UCQKP8wRcQ4tNP__Ikv3X2UA,【 SURGE Town 】DAY3 恥と笑いとはじめましてと 【朔夜トバリ】
953,ピコピコちゃん / ゲームまとめ,,86800,2026-09-08,0.8,1.0,アドベンチャー,残す,,https://www.youtube.com/channel/UCjQ1n5MzwN9OEQZYcje1G1A,【鬼武者 Way of the Sword】道狂 全登場シーンまとめ（CV：ふしだりほ）【新作】【プレイ動画】【ネタバレ
954,tekkenchannel,,86100,2026-08-28,1.0,0.88,,残す,,https://www.youtube.com/channel/UC6y98o30kK3yaVwTF-CmH7g,TEKKEN 8 - 「ボブ」 スターターガイド
955,Cassian Floros【FIRST STAGE PRODUCTION EN】,,85900,2026-08-27,0.8,0.0,アドベンチャー,外す（日本語の配信ではない）,,https://www.youtube.com/channel/UC9mydBOLdL6-Fp61paK68Tw,My Oshi is texting with me?!【lovebyte.exe】
956,さぶ郎。,,85800,2026-08-28,0.5,1.0,シミュレーション,残す,,https://www.youtube.com/channel/UCKR_dxrRj5tmyzEPUieFVfA,【DON'T SCREAM TOGETHER 】ホラゲよりも怖がられるさぶ郎。【稲荷いろは/ぺいんと/アマル】
957,チルパズルch / てんげき,,85700,2026-09-10,0.0,0.0,,要確認（長尺動画なし）,,https://www.youtube.com/channel/UCF8DJGK4tLYxOjRr3g8ic_g,
958,ごむひもチャンネル,,85600,2026-09-12,1.0,1.0,,残す,,https://www.youtube.com/channel/UCvw4MAVLpcFjgV-zgsb5hnQ,【モンスト】真獣神化アラジンのショットスキルを想定外の使い方で悪用してみた
959,旅野そら,,84900,2026-08-29,0.0,1.0,,外す（ゲーム動画なし）,,https://www.youtube.com/channel/UC_aqfJwiavLQNMjURn-8mDg,【緊急】今後の活動についての大切なお知らせ
960,よんえる,,84600,2026-08-28,1.0,1.0,,残す,,https://www.youtube.com/channel/UCdfIxZMfAQBb1YSiVYdlg7w,縦横同時配信　スマブラ　シャゲミ撮影
961,ZETA JUNiOR,,84600,2026-09-27,0.37,0.95,,残す,,https://www.youtube.com/channel/UC365wnAhsZSfqvogYnaQy-w,crowとダブルコーチング企画 丁寧すぎて前に出ない戦場カメラマン系ジェット参戦！　サミット/アセンダント/ジェット【V
962,のかすのFPSゲーム実況部屋,,84500,2026-08-26,0.95,1.0,シューター,残す,,https://www.youtube.com/channel/UCkYy31GUikC4wtCOuvR32QQ,【EFT kord breach編】 所属不明の部隊 ブラックディビジョンを追え＃3【ゆっくり実況】
963,Lスターしゅんしゅん,,84300,2026-09-07,1.0,1.0,シューター,残す,,https://www.youtube.com/channel/UC8x1Wav9AO4QqRHy6UiRoVw,『ネメシス』の撃ち方わかってくると、火力が別武器レベルになる【Apex Legends/PC版ソロプレデター】ヒューズ 
964,れんぴき,,83800,2026-08-28,1.0,1.0,,残す,,https://www.youtube.com/channel/UCck2cTlrqvieSSBKzmyWGuA,【荒野行動】Re:ゼロから始める荒野生活！。#通常無双配信 #伝説の軍人 #公認実況者 #荒野行動 #荒野鬼滅の刃コラボ
965,Marona Ch. 水鞠まろな,,83800,2026-09-08,0.35,1.0,アクション（横スクロール）,残す,,https://www.youtube.com/channel/UC9Cvblf51Ji0BZorqLy7HjQ,【メトロイド ゼロミッション】完全初見！人生初のメトロイドに挑戦！｜未知の惑星を大探索！【ほたっぺ/VTuber】
966,猫咲あんじ Nekosaki anji,,83600,2026-08-27,0.62,1.0,RPG,残す,,https://www.youtube.com/channel/UCBHlcxEjbYXPhShy40KBkdA,激よわ実力ブロンズの猫がダイヤ帯チャレンジ！ミラージュ初心者【 #初見さん歓迎 #APEX #apexlegend #猫
967,レトロジ【サメのレトロノスタルジー】,,83500,2026-08-28,0.14,1.0,アクション（横スクロール）,残す,,https://www.youtube.com/channel/UCrkLP1bgDlaTXCObdn3uM_g,超高級8BitDo Ultimate 3E コントローラーに2万6000円の価値はある？
968,kson CLIP,,83200,2026-09-22,0.0,0.0,,要確認（長尺動画なし）,,https://www.youtube.com/channel/UCzBoY7geGhO0lOgnNyl82Dw,
969,やふへゐ先生,,82600,2026-08-20,0.16,1.0,,残す,,https://www.youtube.com/channel/UClX86CrkVO8RnqwsrXFYGdg,夏なので青鬼の新作をしましょう
970,くにくんOfficial,,82200,2026-08-24,0.39,1.0,シューター,残す,,https://www.youtube.com/channel/UCNTf7ZKptL1prA2AfUMuFIw,【 歌枠 】夏曲縛り歌枠開催🎤🎆夏だ！海だ！歌枠だ！！！【すたぽら/くに】
971,ジャスガ反転上スマ[ジャス反],,82100,2026-10-05,0.0,1.0,,外す（ゲーム動画なし）,,https://www.youtube.com/channel/UCXloCaWUT_UHvUXt9JbglTg,【異才】なぜ彼は戦うのか。ゴリオカに密着。
972,兎桃みみこ /Mimiko Tomomo,,82000,2026-09-01,0.65,1.0,RPG,残す,,https://www.youtube.com/channel/UCuORn0gpP7nIM0M-H5oN7uw,#1【真・女神転生】※閲覧注意  開幕原因不明のホラー音声バグ！！はじめてのメガテンを完全初見で楽しむぞ！！【 Shin
973,ちょこ,,81900,2026-09-11,0.91,1.0,,残す,,https://www.youtube.com/channel/UC-Szd8yM4Ip3R3fKHcF5Zpw,【🔴LIVE】超究極μ's＋守護獣【モンニュ/ちょこ】
974,ぬるぬる,,81800,2026-08-27,0.79,1.0,シューター,残す,,https://www.youtube.com/channel/UCM8iKypZ7GbAi609fK6fq8A,【APEX】ブラハがリワークから更に強化されて最強すぎるやつ【ゆっくり実況】#apex
975,まつげさん(生声),,81600,2026-08-27,0.0,0.0,,要確認（長尺動画なし）,,https://www.youtube.com/channel/UCuwRqVzbFsjDIk907HYRmZQ,
976,甘音あむ / Amane Amu,Neo-Porte,81500,2026-08-28,0.32,1.0,シミュレーション,残す,,https://www.youtube.com/channel/UC6FprWVXuULaY9mZOcqTe4A,【朝枠】おあよ？【甘音あむ / ネオポルテ】
977,しまねげーむず / ホラーゲーム実況ch,,81500,2026-08-27,0.45,1.0,アドベンチャー,残す,,https://www.youtube.com/channel/UCIr_W70tfZB8_Qca6F-gVSQ,ネット上の集団心理に『家族が壊されていく』ホラーゲーム【 つぐのひ -天招ねく救いの糸- 】『VOICEROID実況/重
978,一ノ瀬とおる,,80900,2026-08-27,0.3,1.0,,残す,,https://www.youtube.com/channel/UCUyzkoU2IzFo7OG39FH8jSQ,【神シリーズ】全人類見るべき最高レベルの神試合！マクロ良し、連携良し、フィジカル良しの誰が見ても満足度★5のGen.G 
979,ドミソ / Bugged a C Key,,80300,2026-08-22,0.0,1.0,,外す（ゲーム動画なし）,,https://www.youtube.com/channel/UCoDVm7TlqNkfx2hXfQFKg0w,【ランキング】Youtube初心者は1年でどんな動画を作れるようになるのか | 総再生回数3000万から殿堂入りTOP2
980,ザルワーク,,80200,2026-08-28,0.95,1.0,シミュレーション,残す,,https://www.youtube.com/channel/UCeWn2Gp8RNWJ4rAMCDeV22g,【Corsair Cove】 火薬づくりと新天地の発見 #3【ゆっくり実況】
981,ぽみそしる,,80100,2026-08-26,0.54,0.92,アドベンチャー,残す,,https://www.youtube.com/channel/UCrIHnAUwLYPrdWH-kZcdbTQ,2日で100万本売れた「釣った魚を銃で撃つゲーム」が異常すぎる【How to Fish】
982,しょぼすけ / ShoboSuke Channel,,80100,2026-08-29,0.25,1.0,シューター,残す,,https://www.youtube.com/channel/UCezlPKRcEjtZhg0-m7MWFKA,【ストグラ】警察会議でS1やらかしまくった警官が光り輝き驚く市長【神視点観測/山下ひろし/しょぼすけ】
983,くぜりな,,80100,2026-10-05,0.25,1.0,アクション（横スクロール）,残す,,https://www.youtube.com/channel/UC6HKYTIb_z9UtMzbJ88_lfQ,伝説の剣を抜くだけなのに高難易度すぎる鬼畜ゲームがヤバい...
984,小鈴りあん / Lian Channel【ミクスト】,,80000,2026-08-28,0.58,1.0,RPG,残す,,https://www.youtube.com/channel/UCVAyRbZsu5lrv2_xvgliB2Q,【ごはん会】８月最後！！！家庭菜園19日目の夜【#小鈴りあん / #ミクスト】
985,らてあーと,,79700,2026-09-22,0.0,0.0,,要確認（長尺動画なし）,,https://www.youtube.com/channel/UC2ZL3X4U66m3e69qAnTHCyg,
986,しめじ,,79700,2026-08-30,1.0,1.0,,残す,,https://www.youtube.com/channel/UCzwlLtuT4_qTRgvOvMdyycw,モンスト歴１週間の初心者と星墓制覇する
987,犬うさぎ,,79700,2026-09-02,0.84,1.0,RPG,残す,,https://www.youtube.com/channel/UCtfu60_wmQNnLTtRpKPBchA,【一気見】ゾーイちゃんと行くほぼ初見のパルワールド最強への道【パルワールド/Palworld】
988,あんこもち_ゲーム情報攻略ch,,79700,2026-09-25,0.8,1.0,アドベンチャー,残す,,https://www.youtube.com/channel/UCWCEr7o47sC2syWSUzwVZ0A,【アニモ】育成と厳選の攻略情報30選、色違い、虹色フォーム、シャイニー、伝説「イリサリス」、無料の新作オープンワールドゲ
989,ビット -BitChannel-,,79600,2026-08-28,0.36,1.0,シューター,残す,,https://www.youtube.com/channel/UCOzCiNBUrm367t5avnyBi4g,【とよとろカスタム】キャリーされて賞品で牛タンを手に入れる配信【w/ねむ3、りとるん3】
990,ホロライブの部屋【切り抜きch】,,79600,2026-10-03,0.0,0.0,,外す（切り抜き）,,https://www.youtube.com/channel/UCETS3ep2U_eI9f7A8MHg-kA,
991,将棋実況 そら,,79400,2026-09-06,0.0,1.0,,外す（ゲーム動画なし）,,https://www.youtube.com/channel/UCIG5T4b6sTSuc5u6YWfTa_w,【配信者大会】「将棋ウォーズ 新星戦」【有段者DAY＆決勝】
992,品川家の遊び場,,79300,2026-09-22,0.45,1.0,RPG,残す,,https://www.youtube.com/channel/UC5kX0Q716-pmfFIXxtM5nug,東京吉本NSC1期　品川庄司　坊主になった報告！
993,【ゲーム解説】カオキオキングダム,,79200,2026-09-13,0.0,0.0,,要確認（長尺動画なし）,,https://www.youtube.com/channel/UCYF94Xiysbui6VXDBUYnbtw,
994,バンビーsub,,79200,2026-10-08,0.22,1.0,,残す,,https://www.youtube.com/channel/UC2B8TWS9RWf4-8_UPfRmYRw,【スカウトバトル】弱いポケモンを押し付けろ！「最強の夫」vs「なめられてる妻」で夫婦愛崩壊バトル！
995,むじなch / あおぎり高校,あおぎり高校,79100,2026-08-26,0.0,1.0,,外す（ゲーム動画なし）,,https://www.youtube.com/channel/UCXXlhNCp1EPbDQ2pzmmy9aw,【実写】太ももと話す飲み雑談！【#あおぎり高校 ／#八十科むじな】
996,家無しララ,,78700,2026-10-06,0.94,1.0,RPG,残す,,https://www.youtube.com/channel/UCAYUjaQYmLBAAReY7y3iXFA,【完全敗北】RPG好きだけど降参します　2026年の覇者は『エースコンバット8』です【PS5レビュー/感想/評価】
997,- みっちょル2 -,,78600,2026-09-19,0.0,0.0,,要確認（長尺動画なし）,,https://www.youtube.com/channel/UCF2QpgR-XlogEnzxDjIlhQw,
998,電・A・ルーエ,,78500,2026-09-21,0.83,0.92,シミュレーション,残す,,https://www.youtube.com/channel/UC4z27xaNOPPFCld71TerBRw,【ゲーム発展国++ #2】ブラック企業…？ウチじゃないですね【完全初見】
999,サンキュームービー,,78200,2026-08-28,0.8,1.0,アドベンチャー,残す,,https://www.youtube.com/channel/UCEjw0_k4diMpne2GRHVDTLw,【ホラー】『再生してはいけない動画』を再生したインフルエンサーが失踪した事件 生配信【たろうくんはいってきました】
1000,麻倉シノ,Neo-Porte,78000,2026-08-28,0.9,1.0,シューター,残す,,https://www.youtube.com/channel/UCTxoJgb4DzMd7tiM8cvf4PA,【APEX LEGENDS】ソロペックスレジェンズ【麻倉シノ / ネオポルテ】
1001,Dr. ポコ,,77700,2026-09-11,0.95,0.95,シューター,残す,,https://www.youtube.com/channel/UC8UfBPvfCgIuyXUMD3_nlXQ,【Halloween: The Game】面白さを探す旅に出よう！
1002,ホロライブの雑学,,77700,2026-09-27,0.0,0.0,,要確認（長尺動画なし）,,https://www.youtube.com/channel/UCENKi7kXbWH5bAJqecOEIYw,
1003,shu3 no desk,たろちん指定,77600,2026-08-22,0.25,1.0,ストラテジー,残す,,https://www.youtube.com/channel/UCU_Lc93btU0NywQBaWSs_uQ,お盆なので『ぼくのなつやすみ』やらせてください⑦
1004,Ｖジャンプチャンネル,,77100,2026-09-19,0.4,1.0,RPG,残す,,https://www.youtube.com/channel/UCTwO5UAGiB8AdFrsxhNKaRQ,『クレイジータクシー：ワールドツアー』TGS2026試遊版：日本の街を駆け巡る！
1005,ACQUA,,77100,2026-09-22,1.0,1.0,RPG,残す,,https://www.youtube.com/channel/UCSpaguDcAEfDzpL7vf7QTEQ,【スト6】試合×反省×成長
1006,比宮じょーず,,77000,2026-08-29,0.95,1.0,,残す,,https://www.youtube.com/channel/UCITobU2FXPIWHGiPohtjclw,【飲酒LIVE🔴】初代マリオ全クリしたことないので、全クリするまで寝ない。
1007,crowfps,,76900,2026-08-28,0.5,0.95,,残す,,https://www.youtube.com/channel/UCdpwgXpC6jXAnj_dJryvFMg,【ダブルコーチング】想像力が欠如している患者にウルト発動するJUNiORと笑顔なcrow【VALORANT】
1008,シバシマツナリ,,76800,2026-08-28,0.2,1.0,RPG,残す,,https://www.youtube.com/channel/UCzvPl7eoxA01Omqrd_TSFKw,【ゆっくり実況】新機関獣をゴリ押し？！大型アップデート「不見山」第二章を体験！【風燕伝：Where Winds Meet
1009,るんば,,76700,2026-09-22,0.0,1.0,,外す（ゲーム動画なし）,,https://www.youtube.com/channel/UCC7qoSvWxlP0Cy4ukDHBI2w,【食材たちとのわくわく生活：番外編】三ツ星ミシュランド 食材観察！パート２【トモダチコレクション わくわく生活】
1010,あっさりしょこ切り抜き【公認】,,76600,2026-09-04,1.0,1.0,,外す（切り抜き）,,https://www.youtube.com/channel/UCqs5Sl2-qmnwf3i6ODLvQ1w,老人会メンバーマイクラ解散後の雑談シーンまとめ「マイクラハードコアみんなでクリアリベンジ」【2026/08/27】【雑談
1011,Adamer And Kael,,76000,2026-08-27,1.0,0.0,シューター,外す（日本語の配信ではない）,,https://www.youtube.com/channel/UCIhQQMaF7XRUaRoA_m9TBag,Interesting Metal Gear Solid 4 Facts
1012,海月シェル Shell Ch.,,75900,2026-08-27,0.12,1.0,,残す,,https://www.youtube.com/channel/UCz1RAeb7dVaUcd-4rEgyxPw,#2【ドラゴンクエストVII Reimagined】ドラクエ大好き人魚がくじけぬ心で挑む！ドラクエ7リメイクリイマジンド
1013,ぽめとしたっぱ【おもしろゲームch】,,75700,2026-08-31,0.0,0.0,,要確認（長尺動画なし）,,https://www.youtube.com/channel/UCu_eg52Rapvvj_mgVHy2Y_w,
1014,えるとねGame,,75100,2026-08-25,0.85,1.0,シューター,残す,,https://www.youtube.com/channel/UCrv9jP1qDRpXMBxkGheoPvA,【EFT】#267 新武器QBZ-191！中国製アサルトライフルがなぜタルコフ市へ？【タルコフゆっくり実況】
1015,papikoタウン,,74900,2026-08-22,1.0,1.0,シミュレーション,残す,,https://www.youtube.com/channel/UCJC6M_m1ud6f-Mcn5BA0WvQ,築いた城で敵を迎え撃とうとした話 【Farthest Frontier】#7
1016,かざま隊 切り抜き侍 / ゆずみかん【ホロライブ切り抜き】,,74800,2026-08-27,0.0,0.0,,外す（切り抜き）,,https://www.youtube.com/channel/UC_9y1Xz0igNs3dZeDJWLOyw,
1017,すずきくん,,74700,2026-08-28,0.0,0.0,,要確認（長尺動画なし）,,https://www.youtube.com/channel/UC1FuNADkOJ0vGvnUdKsPQow,
1018,花奏 かのん / Kanade Kanon ch【ななしいんく】,ななしいんく,74600,2026-08-08,0.1,1.0,レース,残す,,https://www.youtube.com/channel/UCmqrvfLMws-GLGHQcB5dasg,【#777TOWNꓸnet】スマスロ 化物語をプレイ！視聴者も応援バトルに参加できる企画！初心者大歓迎だよみんなで打とう
1019,鉄塔,実況グループ,74600,2026-09-26,0.0,0.93,,外す（ゲーム動画なし）,,https://www.youtube.com/channel/UCN0za1OXDXK1_2Xa5i911pQ,ゾンビをこの手で復活させて木とか切ってもらおう　│『グレイブヤードキーパー2』
1020,Grim Shorts,,74600,2026-08-28,0.0,0.0,,要確認（長尺動画なし）,,https://www.youtube.com/channel/UCN8rwBmDq_v7BrTyE2sHFZg,
1021,TAKERA CHANNEL,,74400,2026-08-28,1.0,1.0,格闘,残す,,https://www.youtube.com/channel/UCe5I0Auhdpyio11x03RZj6w,MARVEL闘魂day19-2 技とアシを振り回せ
1022,ちくのぼチャレンジ,,74100,2026-09-04,0.75,1.0,ストラテジー,残す,,https://www.youtube.com/channel/UCtf05oKymfhLyWV8m8cPdXQ,【PUBG】前半ソロ、23時からmisacoさんと練習するぞ！
1023,姉と下僕,,73900,2026-08-25,0.67,1.0,,残す,,https://www.youtube.com/channel/UCq-2J8VNtII1Bbw4klDinhQ,【6.5万人記念】今まで頂いたコメントに返信したり話したりする配信【睡眠・作業用bgm】
1024,九里詠太 / Kuri Eita【にじさんじ】,,73600,2026-08-28,0.08,1.0,ストラテジー,残す,,https://www.youtube.com/channel/UCzcuYIyP-1YcXC96t9J5yWQ,【#にじメンマイクラ】壊した自然を神の手で作り出す【九里詠太 / にじさんじ】
1025,こへー / 古兵,,73600,2026-09-03,1.0,1.0,,残す,,https://www.youtube.com/channel/UCs-L6Mv85AytGgaNmANTDuQ,【ゼンゼロ】ガチ初心者講座・ガチャ優先度・育成・ステータスなどお悩み相談まとめ解説【ゼンレスゾーンゼロ・攻略・考察・検証
1026,ホロライブ切り抜き・憩いのひととき,,73100,2026-08-23,0.0,0.0,,外す（切り抜き）,,https://www.youtube.com/channel/UCHU-PbGzuV4iVyhr0lYUuMQ,
1027,幽乃うつろ / Kasukano Utsuro,Neo-Porte,72800,2026-08-27,0.47,1.0,シューター,残す,,https://www.youtube.com/channel/UCEk1_ZVGRiVV-gxHT9wdNMg,【 OW 】深夜のこっそりおばうぉっちプラチナにいきたい編【 幽乃うつろ / ネオポルテ 】
1028,Dep,,72700,2026-08-19,0.87,0.93,,残す,,https://www.youtube.com/channel/UCu-PpmaPulFqKjZ9LJQh4Hg,【PR】夏だ！海だ！NTEでみんなでビーチバレーやってみた!!🏐🌺
1029,羽渦ミウネル -Miuneru Haneuzu-,,72500,2026-09-08,0.83,1.0,パズル,残す,,https://www.youtube.com/channel/UCE5VgVGRPfNCjXPeTe1QJHA,【BOMBANANA!】白髪Vtuber3人による初めての協力コラボ！【羽渦ミウネル/獅ノ月ヨナ/羽瑠流ウル】
1030,NAITO Game Channel,,72500,2026-09-19,0.0,1.0,,外す（ゲーム動画なし）,,https://www.youtube.com/channel/UCROf03N87Zp5HvnFCnLzyYA,【ドラクエウォーク】千里行ガンガン周ってメダル10000枚目指すぞ!! 質問随時OKです!!【DQW】
1031,りんしゃんつかい,,72300,2026-09-09,1.0,1.0,シューター,残す,,https://www.youtube.com/channel/UCwi6eIUXQWODveI1EsUn0MA,【Apex】珍しい組み合わせでランク！！！　きなこさん
1032,ホロライブ切り抜き隊,,72000,2026-08-26,0.0,0.0,,外す（切り抜き）,,https://www.youtube.com/channel/UCuDIDQjtZI-sDAMO0Vqe5VQ,
1033,沖縄に行くために,,71400,2026-10-06,1.0,1.0,,残す,,https://www.youtube.com/channel/UCg2wt8gx1UpVydiCRDGMQ4Q,プロが犇めく最上位帯で、●●で鍛えたIQ200の脳みそで天才クラッチを決める沖縄 【沖縄に行くために】【VALORANT
1034,momota,,71000,2026-08-21,0.0,1.0,,外す（ゲーム動画なし）,,https://www.youtube.com/channel/UCdxypx-ep9_IlTIbueGXUJA,【ぽこポケ】お城リメイク！ポケモンが暮らせる宮殿作り🌷🐬｜pokopia｜ブクブクうみぞこの街
1035,青木瑠璃子,,71000,2026-08-30,0.6,1.0,シミュレーション,残す,,https://www.youtube.com/channel/UCgYEnhQva1nK5NpU2r2inag,やられることは許されない【7 Days to Die】
1036,ゆっパチCH,,70800,2026-08-12,0.0,1.0,,外す（ゲーム動画なし）,,https://www.youtube.com/channel/UC8SR4fvdh9huBil8DhEfjEg,【新台】スマスロストリートファイター6で連勝しまくった結果ｗｗｗ　ゆっパチ趣味打ち実践その218「ゆっくりずんだもん実況
1037,VTuver切り抜き隊,,70800,2026-08-28,0.0,0.0,,外す（切り抜き）,,https://www.youtube.com/channel/UC4E6OzPLcKbcCP1qRzGZlNg,
1038,れとろげぇむゆっくり実況ch,,70400,2026-08-22,0.05,1.0,スポーツ,残す,,https://www.youtube.com/channel/UCxbrUNa-3kVTXF8YLApkPwg,【ゆっくり実況】バットマン：リターン・オブ・ザ・ジョーカー
1039,鍋蟹,,70300,2026-09-12,1.0,1.0,,残す,,https://www.youtube.com/channel/UC2ijlZimsJHs_eITiCmGQng,【マイクラMOD】盾が壊れる前にクラーケンを倒さないと世界が終わります【ゆっくり実況｜Part12】
1040,エクセル【ゲーム解説 / 考察】,,70100,2026-08-27,0.08,1.0,,残す,,https://www.youtube.com/channel/UC6-XQmUhR5KBcyZ0U6pwmAA,【最新情報】ノーダスフォールはキャラガチャなしで覇権確定！試遊版の情報まとめ【Nodusfall】
1041,ひまわり?ちゃん,,69800,2026-08-28,0.0,1.0,,外す（ゲーム動画なし）,,https://www.youtube.com/channel/UCIhl1a5ecROnug52dWCp9HA,【飲酒雑談】リスナーさんからいただいたお酒開封！
1042,gogo midou,,69800,2026-08-21,0.05,1.0,格闘,残す,,https://www.youtube.com/channel/UC7B-K-KiiK5WCIW3UVj9tDQ,反則すぎ！？最新の格ゲーの裏ボスがヤバすぎる！（ゆっくり実況）マーベル闘魂　MARVEL Tōkon: Fighting
1043,ことわサブカル情報局【第五人格・ゲーム解説】,,69800,2026-09-22,0.0,0.0,,要確認（長尺動画なし）,,https://www.youtube.com/channel/UCtVwewXvV1KuvkYq7vhapug,
1044,あっき〜,,69700,2026-09-05,1.0,1.0,,残す,,https://www.youtube.com/channel/UCG9yjKS4Rbsc7KWLE8Od43w,【魔法石ゲット】アシスト無しで余裕です！試練進化闇カーリーで9月のクエストEXを楽々攻略！【パズドラ】
1045,テトラんのロマン探求所,,69700,2026-09-11,0.0,1.0,,外す（ゲーム動画なし）,,https://www.youtube.com/channel/UCs-cyM1LqqvNOBXWqiaMALA,とんでもない火力を持つポケモンたち
1046,ACHRORA - mekPark,,69200,2026-09-26,0.65,1.0,パズル,残す,,https://www.youtube.com/channel/UChpRPsAeSZn5DistGacR3iA,【添い寝ASMR】今日もいっぱい頑張ったね♡続きはメン限で、お姉さんと一緒におやすみしよ？【#ひなみ通信】#ACHROR
1047,やまにぃ,,69100,2026-09-02,1.0,1.0,,残す,,https://www.youtube.com/channel/UCw2-ggsnjCeo8c4wAkGuJAQ,【モンスト】破界の星墓向き！今回の呪術コラボで引いておいた方がいいキャラ
1048,のん  ゆっくり原神ch,,69000,2026-09-13,0.67,1.0,,残す,,https://www.youtube.com/channel/UCEBdH2rdTJcR32zOIEJEXfg,【原神】Ver 7.0魔神任務を徹底解説
1049,ハンク,,68900,2026-09-06,1.0,1.0,,残す,,https://www.youtube.com/channel/UCiPfW2XE3EzS9icx3FTX5kw,死にゲーやったことない奴が城の主にケンカを売る #3【 ELDEN RING】
1050,カイト,,68900,2026-09-23,0.0,0.0,,要確認（長尺動画なし）,,https://www.youtube.com/channel/UCLmQAcp8yIs-3MfZiICEpZQ,
1051,Aomiya Yozuri Ch. 蒼宮よづり,,68800,2026-09-10,0.3,1.0,シューター,残す,,https://www.youtube.com/channel/UCWhFUlcawiD78qAD7zzS6Bw,【トルネコの大冒険不思議のダンジョン】本日発売！完全初見、初心者がゆく🔰1000回遊べるRPG！？【リマスター版】
1052,アル&ルッキー 【aru&rukki-】,,68500,2026-10-09,0.0,1.0,,外す（ゲーム動画なし）,,https://www.youtube.com/channel/UCY5Nu_cFHX9693dutk-qurg,【無料ガチャ大量】復刻した超フェスローは引くべき？ロー誕生日記念キャンペーン完全解説【バウンティラッシュ】
1053,湖南みあ / Mia Channel【ななしいんく】,ななしいんく,68400,2026-08-28,0.0,1.0,,外す（ゲーム動画なし）,,https://www.youtube.com/channel/UC4PrHgUcAtOoj_LKmUL-uLQ,【 #ななし夏休み歌枠リレー 】全員惚れないと次枠へ行けません【湖南みあ】
1054,ぷげら pugera,,68300,2026-09-11,0.89,1.0,,残す,,https://www.youtube.com/channel/UCIG27RighMGSjxvTPJgSzcQ,【スト6】スト6の質問に答える格ゲーAI「ChatPGR6 Atsutra」
1055,TakoBeL,,68100,2026-09-09,0.0,1.0,,外す（ゲーム動画なし）,,https://www.youtube.com/channel/UCZ_8gK-8HZSI7CAHnfQB0yA,【参加型】ロードモバイルで皆で遊ぼう!!🐙
1056,フクー,,68100,2026-10-07,1.0,1.0,,残す,,https://www.youtube.com/channel/UCawGWZ8vM-H-H4xL_4b2zRw,【#ゼンゼロ #307】今週のやる事を予告番組前にやっておこうね枠  【ZZZ/ゼンレスゾーンゼロ】
1057,ヴァロラント学園りだら〜ず,,68000,2026-09-01,0.0,1.0,,外す（ゲーム動画なし）,,https://www.youtube.com/channel/UC4CETk3YsI59p-nFL3dhTmw,【OTP】ガチソヴァオーディン子種
1058,UMEBOSHI,,68000,2026-09-10,0.46,1.0,タクティカル,残す,,https://www.youtube.com/channel/UC6D2zVvXjK8brQ_7y8lB4jg,【金策】無抵抗の敵を〇せる最強ムーブを現実だと思っているAIに見せた結果【 WARDOGS ウォードッグス 】
1059,nebo channel,,67800,2026-09-28,1.0,1.0,,残す,,https://www.youtube.com/channel/UCyD_agTBhCrgjkVVvPmo1Pg,#25 熾烈な延長戦タイブレーク！まさかの結末・・・【パワプロ2026  栄冠ナイン ゆっくり実況】
1060,クラウン【探検家の記録】,,67700,2026-08-27,0.95,1.0,アドベンチャー,残す,,https://www.youtube.com/channel/UClUgwNGTerN-_WQmZBjaOVA,【#ストグラ】源始 仁 働く～漂流2日目～【源始仁/クラウン】#ストグラSeason2
1061,デイト // Deito,,67200,2026-09-28,0.81,1.0,,残す,,https://www.youtube.com/channel/UCOwCOElNtXaidlCwRLK4Y7Q,【VALORANT】おもしれェ野良に会いに行く！
1062,ユウキIタロⅡ開拓録,,67000,2026-09-21,0.0,0.0,,要確認（長尺動画なし）,,https://www.youtube.com/channel/UCkdA0VeBCfPY4rTUcaz9iug,
1063,jirai channel,,66800,2026-08-25,0.75,1.0,ストラテジー,残す,,https://www.youtube.com/channel/UCRbq5PfDY-bH4Ax3iBmAOqQ,【#マイクラなつにっき】3日目 相棒を探しに【Minecraft】
1064,HIKARU SHIDA @SHIDAtube,,66400,2026-09-08,0.91,0.82,RPG,残す,,https://www.youtube.com/channel/UCzuvPtwg5kin3AO1pGNf_5Q,Requests from 1st time viewers are welcom!/ 初見リクエスト大歓迎！【龍が如く
1065,ACE COMBAT Channel,,66000,2026-09-28,1.0,0.22,シューター,外す（日本語の配信ではない）,,https://www.youtube.com/channel/UCkae1zpHKZWud8CPpIRaX9Q,ACE COMBAT 8 情報局 ＃5
1066,Megasnoop,,65500,2026-08-27,0.5,0.0,アクション（横スクロール）,外す（日本語の配信ではない）,,https://www.youtube.com/channel/UCTJxl_EF3lcPdKfrQ-JbPkA,Did Waypoints Make us Dumber??
1067,朝陽にいな / Nina Ch.,,65100,2026-08-28,0.0,1.0,,外す（ゲーム動画なし）,,https://www.youtube.com/channel/UC2JWNoJJ8MRZkgINm2IhH7Q,【玉の間段位戦】🀄️ラス回避をがんばります、にいなです【雀魂/麻雀】
1068,焼きパン,,65000,2026-09-13,0.73,0.91,シューター,残す,,https://www.youtube.com/channel/UCNzyH3uRL8N3AbOmDdRfP8Q,【RUST】SAVOGE RUST DAY4【焼きパン】
1069,くろてる,,64900,2026-09-22,0.0,0.0,,要確認（長尺動画なし）,,https://www.youtube.com/channel/UC8IKOxnXZjMtgbysa9VLbWg,
1070,らっこ侍,,64400,2026-09-15,0.79,1.0,アドベンチャー,残す,,https://www.youtube.com/channel/UCW2yXCYu_LoaDoKWiVozTsQ,ストレス発散ﾆｷﾞﾆｷﾞﾎﾞｰﾙ握りすぎて筋肉痛”POGO”の時間だ。【Pogostuck: Rage With You
1071,異形の地母神エキドナ,,64100,2026-09-11,0.9,1.0,RPG,残す,,https://www.youtube.com/channel/UC0Wg6oQg5LwOAqF9xYJN5-Q,【新作FPS】狙撃兵おもろ、工作兵おもろ、突撃兵おもろ、このゲームおもろ【WARDOGS 】
1072,音大生の頂点,,63800,2026-08-28,0.08,1.0,,残す,,https://www.youtube.com/channel/UCdP45IB44KtQcVxYPinr2mg,１マッチだけソロコンペ！！
1073,害悪プレイヤー,,63800,2026-09-22,0.0,1.0,,外す（ゲーム動画なし）,,https://www.youtube.com/channel/UCnA2nbyyN3FI4wXD11aObug,しろくまに害悪される配信
1074,はるn,,63800,2026-09-24,0.0,1.0,,外す（ゲーム動画なし）,,https://www.youtube.com/channel/UCGTs4nWafYaPUuvQIXr_Ldw,熾火杯&Cl使用（してた）おかぴー自信作のメガルカリオ！プライムキャッチャーが熱い🔥【ポケカ対戦】
1075,Houkago放課後,,63600,2026-09-19,0.0,0.0,,要確認（長尺動画なし）,,https://www.youtube.com/channel/UCmGFanshiuE0MX_dC-sXzBQ,
1076,綾見ユラ / YuraAyami,,63500,2026-08-27,0.38,1.0,シューター,残す,,https://www.youtube.com/channel/UCB-aip0wsqKQPcrLW1BBJaw,【雑談】こん、にちは【綾見ユラ/YUMENOS】
1077,フェイチャンネル【ゲーム実況】2000本クリアした男の軌跡,,63500,2026-09-03,0.6,1.0,アドベンチャー,残す,,https://www.youtube.com/channel/UCBqlbkelxtmrTCRTVISuzEA,【すぐ血ぃ吸う】何かと噂のウィッチャー3開発者の「吸血鬼RPG」がヤバすぎる【The Blood of Dawnwalk
1078,すりっぷらーゼツ,,63400,2026-08-28,0.89,1.0,アドベンチャー,残す,,https://www.youtube.com/channel/UCrImKHGwCZq7p0ZKzALvXRw,【NTE】過去一ヤバくなりそうなVer1.4！クロバネと明音凛はエグすぎる...!!!!【NTE: Neverness 
1079,マーベル女子のアイ、マイ、みーー,,63300,2026-10-04,0.0,1.0,,外す（ゲーム動画なし）,,https://www.youtube.com/channel/UCEv7t3go8cNfzPH6v-ajc4A,【ゲーム配信】アベンジャーズ:エンドゲーム/アンコール感想＆考察🔥#アベンジャーズエンドゲーム #アベンジャーズドゥーム
1080,アオイゲーム【ドラクエ】,,63200,2026-08-25,0.15,1.0,,残す,,https://www.youtube.com/channel/UCy6AtkT5P0bCMsr9qDFZa1A,【緊急】天地創造が2027年発売決定！リマスターか？FFレゾナンスにFF16クライヴ登場！【Switch2】
1081,テリア,,63100,2026-08-26,0.42,1.0,,残す,,https://www.youtube.com/channel/UCW1d636fmkmF3yw-q-7xJvA,IGO副会長茂松も認めた! 大人気猛獣【鮟鱇鳥】参戦ｯﾂﾂ!【ARK: Survival Ascended】【自分をトリ
1082,らすとちゃんねる,,63100,2026-09-29,0.68,1.0,アドベンチャー,残す,,https://www.youtube.com/channel/UCjP0Hn6LTwRoZIHD2mjWOWQ,【飛び出し注意】アレをつけて妹に運転を教えるゲーム
1083,ろくげんさん,,63000,2026-09-04,1.0,1.0,シューター,残す,,https://www.youtube.com/channel/UCf1mJyYBoa-YQ_7ya0jZrSA,【7Days to Die】#26 ゾンビは意外なところから来る!! 拠点崩壊の危機!!
1084,ミノワールド,,62800,2026-09-11,0.0,1.0,,外す（ゲーム動画なし）,,https://www.youtube.com/channel/UCAZITIm8EceOotawhieipTg,【検証】1月の福男選び、今から練習すればなれる説【8月号】
1085,duly,,62700,2026-10-04,1.0,1.0,,残す,,https://www.youtube.com/channel/UC4vPEeVdWnA4Al_qqP3P3zg,verityショートコントまとめ part 1【マイクラ】
1086,みんも / 奈良のVTuber【セシんもーZ】,,62600,2026-09-09,0.21,1.0,,残す,,https://www.youtube.com/channel/UC9WrMaSxIDRKR4wcz86IJxQ,【 #雑談 】祝！１０万人達成記念雑談＆〇〇お披露目！！【 #セシんもーZ 】
1087,ドズル社CLUB【ドズル社切り抜き】,,62300,2026-10-04,0.0,0.0,,外す（切り抜き）,,https://www.youtube.com/channel/UCOj8LklJthLfC2Qct3LATog,
1088,kukuri ch * 戸鎖 くくり *,,62100,2026-08-28,0.4,1.0,シューター,残す,,https://www.youtube.com/channel/UC0gbkS-xhcWWXfWugQUSRuw,【Palworld】完全初見でパルワールド🎮噂の世界樹に行ってみたい.ᐟ　#8【戸鎖くくり/個人勢Vtuber】
1089,涼太ぱんけーき♭,,62100,2026-09-21,1.0,1.0,シミュレーション,残す,,https://www.youtube.com/channel/UCgmluI0wg189ve-iv5tVtHg,ぽこあポケモンで脱出ゲーム！？脱獄を体験する島が楽しすぎたｗｗｗ【ぽこあポケモン】
1090,緑青くれは / Kureha Channel【ななしいんく】,ななしいんく,61800,2026-08-28,0.36,1.0,ストラテジー,残す,,https://www.youtube.com/channel/UCiWkgRl4asSN5kRUSWgRLWQ,【 ホラゲー/ 雪葬 】チラズアート最新作❕呪われた村で雪にまみれるヒトコワホラー👻❄【緑青くれは / ななしいんく】
1091,マキトch,,61700,2026-08-17,0.6,1.0,アドベンチャー,残す,,https://www.youtube.com/channel/UCoWpYqe5ldgV8KRKFlLDpkA,【雪葬】徹底考察!!ゲームのタイトルに込められた深い意味について/ホラー/考察
1092,ふぇに男,,61600,2026-08-28,0.89,1.0,,残す,,https://www.youtube.com/channel/UC60rk5b8PSc13WqESew3wkw,アセンダントの闇を超え光が集まるイモ帯へ進む男【VALORANT】#ふぇに男 #ゲーム実況 #valorant
1093,えおちゃんねる！,,61600,2026-08-26,0.9,1.0,アドベンチャー,残す,,https://www.youtube.com/channel/UCVOX6XT2vczMXaKKVBrCvbg,おなつ休み#4【ARK】
1094,ことは唯,,61500,2026-09-21,0.0,0.0,,要確認（長尺動画なし）,,https://www.youtube.com/channel/UCuLzcPK2IsYnpQ233AgaXPg,
1095,月冬,,61500,2026-09-13,1.0,1.0,,残す,,https://www.youtube.com/channel/UCXiZVN6jDxPngFyku260hYQ,#4【ASA*SE】焦土追加の神アイテムたち一挙紹介解説！🌙DLC Bob’s Tall Tales【PC版公式PVE：
1096,PM. Films,,61400,2026-09-18,0.64,0.0,アドベンチャー,外す（日本語の配信ではない）,,https://www.youtube.com/channel/UCLgsoaMazqFNUhQou7tjDYQ,Wolverine's DISASTROUS 8 Year Development Cycle
1097,らっしゃー ch,,61100,2026-08-25,0.73,1.0,シューター,残す,,https://www.youtube.com/channel/UC22TmT0agtdxRc8HN8xURXQ,【豚笑楽】豚笑楽の3人でキャッチボールの予定を立てようとするらっしゃー【Escape from Tarkov/柊ツルギ 
1098,サンシャイン池崎の爆裂ゲームバカ一代！！！,,61000,2026-08-27,1.0,0.3,RPG,外す（日本語の配信ではない）,,https://www.youtube.com/channel/UCB0C7qm0piywOwPcr7FqySw,デドバ
1099,ごりえ【ゲーム解説 考察】,,60800,2026-08-22,0.55,1.0,アドベンチャー,残す,,https://www.youtube.com/channel/UClKG_VQd9QFK7dzEL1YxXRg,【リトナイ３】細かすぎる！通常プレイでは気づけない背景に隠されカルネヴァーレエリアの秘密10選
1100,またギリ,,60700,2026-08-29,0.33,1.0,ポイントクリック,残す,,https://www.youtube.com/channel/UCdL6BRZFcpvA3hbGftdWWHw,【解説】ピザ屋なのにハンバーガー？！FNAFとハンバーガー【ファイブナイツアットフレディーズ】
1101,夢咲 刻夜-Tokiya Yumesaki,,60700,2026-10-02,0.95,1.0,RPG,残す,,https://www.youtube.com/channel/UCJXIj8u4wVpN5kxieMTzW7A,【 CONTROL Resonant 】▷3 遊ぶ芸術作品、できればクリアまで駆け抜けたい【 夢咲刻夜Vliver 】
1102,あろん,,60500,2026-09-11,1.0,1.0,,残す,,https://www.youtube.com/channel/UC_jcY8I6jllMClEoCDK0hYQ,【原神】気分は冬だが実はまだ夏【ゆっくり実況】
1103,瀬島るい / Rui Channel 【ななしいんく】,ななしいんく,59800,2026-08-28,0.4,1.0,アクション（横スクロール）,残す,,https://www.youtube.com/channel/UC_WOBIopwUih0rytRnr_1Ag,【 朝活 】初見さんもおはよ💗8月終わりますね！いい思い出あった？🐶💉【 瀬島るい┋ななしいんく】
1104,うり,,59600,2026-09-13,1.0,1.0,,残す,,https://www.youtube.com/channel/UC2fTO3hv851O446uAd8VcPg,【予告番組視聴】Ver.7.1「冥府へのレクイエム」をめっちゃ見る【原神】
1105,はたさこ / hatasako_flag,高田村,59400,2026-08-27,1.0,0.8,ストラテジー,残す,,https://www.youtube.com/channel/UCmPOxRiJ6ik3l04cNNt0H0w,流石に白だと信じたいｗｗｗ【AmongUs】
1106,塩入永遠,,59200,2026-09-01,0.82,1.0,,残す,,https://www.youtube.com/channel/UCJHHvuOv2Hilo2ScSYndw2w,残り体力1のフリーデに敗北してデトロイトスマッシュ出かけた【裏ダークソウル3】#2
1107,ユウナのゆ♨️ / Yuuna,,59100,2026-08-28,0.29,1.0,RPG,残す,,https://www.youtube.com/channel/UCIP2V-Seu9IPm2Estza0L6w,【 かまいたちの夜/SFC 】ホラーかと思っていたのにまるでギャルゲーのような展開にｗ【実写/女性実況/ユウナのゆ/レト
1108,魔光リサ - Lisa Makoh -,,58900,2026-08-29,1.0,1.0,シューター,残す,,https://www.youtube.com/channel/UCDrG8pzkq_cCCLcN5wgrzNw,【 #ストグラ 】76日目 今日こそ休憩日【 #真島ルイ /Re:AcT】
1109,時間,,58600,2026-09-24,0.17,1.0,シューター,残す,,https://www.youtube.com/channel/UC4QwC_5XIsKuJAB9d9DFVNw,アジア2位4回のプロ選手に聞いたガチバトルの上げかた【ブロスタ】 　#ブロスタ #brawlstars
1110,ありすた,,58400,2026-09-01,0.88,1.0,,残す,,https://www.youtube.com/channel/UCptVeXD0HmbxYMw5UeoJHOQ,【スタレ】誰でも簡単に階差高難易度５連勝できるおすすめ仮面【崩壊スターレイル】【ゆっくり実況】
1111,コンコヌゆっくり実況,,58300,2026-08-28,1.0,1.0,,残す,,https://www.youtube.com/channel/UC5qhQUweuoU4MODcsu53njA,【ゆっくり実況】【最強】ドクマリVIP50連勝してしまいました～ドクマリと破壊するVIP285〜【スマブラSP】
1112,sakuraのゲーム実況チャンネル,,58200,2026-08-27,0.0,1.0,,外す（ゲーム動画なし）,,https://www.youtube.com/channel/UCFWRyeYmnJ1kQZI9KrxNf4A,【最終回】絶望の中で、それでも「希望」を信じて。【ダンガンロンパ初見実況】
1113,けいじチャンネルのゲームチャンネル,,58200,2026-10-01,0.55,1.0,RPG,残す,,https://www.youtube.com/channel/UCBpzH4AHE6WNZUdUAlSQp-g,【エースコンバット8】新米パイロット少しずつ上達を目指します！※ネタバレ注意
1114,ちむぎ / Chimugi,,57800,2026-10-06,0.8,1.0,シミュレーション,残す,,https://www.youtube.com/channel/UClxrt4pRmaqQnSlDii3EJBQ,何も決めてない日の雑談。夕方、のんびり話そ｜ちむぎ / Vtuber
1115,Mio Ch. 猫月みお【あみゅどる】,,57800,2026-10-07,0.79,1.0,アドベンチャー,残す,,https://www.youtube.com/channel/UCxc8EqhUyYaRywhQKpu-2sg,【 #歌枠 】寝る前にちょっとだけ歌うからきて？💙【#猫月みお/ #Vtuber / #karaoke 】
1116,たまチャンネル,,57700,2026-08-29,0.8,1.0,RPG,残す,,https://www.youtube.com/channel/UCJ-PBjKPCIfgDS6TMr8SAQQ,【Vampire Survivors】格安新DLC＆大型拡張で、さらにやりこみ要素エンドレスへ：今後任意のドット絵でキャ
1117,volt ゲーム反応集,,57600,2026-09-05,1.0,1.0,RPG,残す,,https://www.youtube.com/channel/UCzgw9g1Vjb7CNMDe8W86uCQ,【エルデンリングDLC】新グッズ情報続々公開！エルデンカート開始！【ELDEN RING Tarnished Editi
1118,tokiトキ,,57600,2026-09-11,0.0,0.0,,要確認（長尺動画なし）,,https://www.youtube.com/channel/UCDe8zZfUs8F_uOB84WfMuTQ,
1119,e92m3s65b40agogo,,57500,2026-09-28,0.29,1.0,パズル,残す,,https://www.youtube.com/channel/UCybmNGptaQ6EhT9TWvqr3ZA,【エースコンバット8】フライトシム民、エースコンバットの空へ（初期レビュー/英語音声）【ゆっくり実況（？）】
1120,ちりねこ,,57100,2026-09-07,1.0,1.0,,残す,,https://www.youtube.com/channel/UCwFQlA-ZgzgiwCfG19tn2OA,【原神】強制的に銃撃戦をさせられる闇域を誰でも攻略できる方法を見つけたい
1121,わした,,56700,2026-09-21,0.0,0.0,,要確認（長尺動画なし）,,https://www.youtube.com/channel/UCV8gvZ3-ZlHsf4k0QlJwTLg,
1122,PLeiaDes / ぷれあです,,56700,2026-10-06,1.0,1.0,,残す,,https://www.youtube.com/channel/UCTSP-ogIis46j_KSV0TUbiQ,🔴【参加型】ゆきのんとプロセカ視聴者参加型配信！！スタンプミッション進める！！【プロセカ】
1123,羊飼いK,高田村,56700,2026-08-27,0.11,1.0,格闘,残す,,https://www.youtube.com/channel/UCdzSQbtvVyIkuUo9Nj8F8hw,【人狼】もう、その椅子から降りろ…【#おさかなじんろう 】
1124,あずく,,56500,2026-08-28,0.0,1.0,,外す（ゲーム動画なし）,,https://www.youtube.com/channel/UCRi-tVLdafirUZJTTINHp3w,ショート動画の音源で使うと伸びる曲
1125,シーアーチャー,,56500,2026-09-19,0.5,1.0,シミュレーション,残す,,https://www.youtube.com/channel/UCon733aA5O9iczo5RSgkxfQ,【手札見るのやめませんか？】ガチ勢が10月からの禁止制限を予想してみた【遊戯王OCG】
1126,toga【とが】,,56400,2026-09-22,0.0,0.0,,要確認（長尺動画なし）,,https://www.youtube.com/channel/UC3dqP_imIdGnY5OcHJ1t-JQ,
1127,ピンポイント団,,56400,2026-09-27,0.33,1.0,,残す,,https://www.youtube.com/channel/UC_hsphnT_QAt5V2tnKFTk1w,"初心者2人と鎖で繋がれたままハードコアエンドラ討伐🔥登録者50,000人突破記念！【マインクラフト】"
1128,まるげりちゃ / Margher Richa,,56200,2026-08-28,0.25,1.0,ストラテジー,残す,,https://www.youtube.com/channel/UCsrH_eLD23MzxZAmbGMr0SQ,【#雀魂 #朝活 】４位になったら即終了~MAKAがSなら許されたい~/玉の間【#ぶいぱい / アップランド 】
1129,いずちゃんねる,高田村,56100,2026-08-28,1.0,1.0,,残す,,https://www.youtube.com/channel/UClScCi0_cOvV01P5Abn_LKQ,【バトロワ】マリカワールドの全世界を使って壮大なサバイバルをやってみた(ﾉω`)【マリオカート ワールド/Mario K
1130,汰鳥ヨシダ,,55900,2026-09-01,1.0,1.0,,残す,,https://www.youtube.com/channel/UCCpjSP5RTe90Amb3gcFLl5g,ディスク鑑賞会をやろうかPart２【質問歓迎/ゼンレスゾーンゼロ】【ネタバレ注意】
1131,闇あかめくんch【遊戯王】,,55700,2026-09-28,1.0,1.0,シミュレーション,残す,,https://www.youtube.com/channel/UC0jPcPqVYzI48p4N6bGpPkA,【4人コラボ！】マスターデュエルリリース当初の環境でガチ対戦4人コラボ配信！！！【遊戯王マスターデュエル】【遊戯王MD】
1132,マグ,,55500,2026-08-26,0.0,0.0,,要確認（長尺動画なし）,,https://www.youtube.com/channel/UCt1nmbp1PFHpebz6WLSgJVg,
1133,天羽衣 / Amaui Channel【ななしいんく】,ななしいんく,55300,2026-08-28,0.75,1.0,シューター,残す,,https://www.youtube.com/channel/UCW98GVLrx8lG_ddOts3cl4g,☾ ໋ #17〖 FF7 REBIRTH 〗深夜チルでFF7リバースです .ᐟ.ᐟ🗡#ファイナルファンタジーVII リバ
1134,ゆのみ,,55300,2026-09-09,1.0,1.0,,残す,,https://www.youtube.com/channel/UCPypCJEhZOBTDEiCx6YNZmQ,【MHWilds】全武器脳汁がドバドバ出る瞬間魅せプレイ集2　　　　　　　　　　　　　　　　　モンハンワイルズ　Mons
1135,【将棋】右四間飛車チャンネル そら,,55000,2026-08-28,0.0,1.0,,外す（ゲーム動画なし）,,https://www.youtube.com/channel/UCvSGrYYdru4lZb690_33PxA,「秒で６三と金できて勝ち定跡」が楽しすぎるwwwww
1136,月野木ちろる / Tirol Channel 【ななしいんく】,ななしいんく,54800,2026-08-27,0.05,1.0,,残す,,https://www.youtube.com/channel/UCqskJ0nmw-_eweWfsKvbrzQ,【 #ななし夏休み歌枠リレー 】アイドルソングの歌い方の解像度が高いタイプのキモヲタ～なつのすがた～🌻【月野木ちろる‐T
1137,キスケGAME,,54800,2026-09-02,0.5,1.0,RTS,残す,,https://www.youtube.com/channel/UC0P3fkB03CTCfADNoKobFSw,【エンドフィールド】圧倒的な火力！限定★６キャラ「ティフォロス」性能解説！ オペレーター/育成/おすすめパーティー編成/
1138,くるるてんてー丨くるる甲子園,,54600,2026-08-24,0.42,1.0,シューター,残す,,https://www.youtube.com/channel/UCb0FJKE6EFtPlwYHl1CNfWA,【絶対絶望少女ダンガンロンパ】自認ジェノサイダー翔の初見プレイ｜2章
1139,ましゅーようつべ,,54500,2026-09-22,1.0,1.0,,残す,,https://www.youtube.com/channel/UCmhF3HkVusYeYNsm6jaFdAg,"""ろぶすたー""の5000チャレンジ中に味方のふりをした利敵、フレネミーが出現している件について。本当に許せない。【スプラ"
1140,MUZOU,,54400,2026-09-30,0.0,0.0,,要確認（長尺動画なし）,,https://www.youtube.com/channel/UCvZZ0bIevkapxlcLKg0HLgA,
1141,そっしーの開拓地,,54300,2026-08-26,0.0,1.0,,外す（ゲーム動画なし）,,https://www.youtube.com/channel/UC7bsuPf841U0u3TCtf5IRrA,【弾き語り】真夏のハーモニーソングスペシャル
1142,砂利ボーイ,,54300,2026-09-11,0.0,1.0,,外す（ゲーム動画なし）,,https://www.youtube.com/channel/UC9gR_ZMYH8KF-m44PlZN1bQ,"【ポケモンUSUM】完全初見プレイで""超鬼畜""縛りを楽しむ！！！PART42"
1143,あの頃ゲームズ【ゆっくり】レトロゲーム風,,54200,2026-08-26,0.25,1.0,RPG,残す,,https://www.youtube.com/channel/UCJfDf7MU0GqQGQohL04v0VQ,【SFC天地創造】伝説の名作アクションRPGをポリメガで！！リマスター前にSFC版を遊びつくせ！｜ゆっくりボイスLive
1144,5ディバさん,,54200,2026-09-21,0.0,0.0,,要確認（長尺動画なし）,,https://www.youtube.com/channel/UCqd0XUtNr_yQ5nqoiPsPw5g,
1145,あめしこうR2🍅,,54200,2026-09-17,1.0,1.0,シミュレーション,残す,,https://www.youtube.com/channel/UCpzTe9KuyufysA0ks8vLeJg,【ほの暮しの庭】怪異攻略！初心者でも素早く退治する方法まとめ【ヅ主＆大百足も余裕】
1146,Mikey Lee,,54000,2026-09-18,0.73,0.0,アドベンチャー,外す（日本語の配信ではない）,,https://www.youtube.com/channel/UCRVG9XDal0Fz7joA-QU9jjQ,Metro 2033 is Unbelievably Bleak
1147,グリンカッツ,,54000,2026-09-22,1.0,1.0,,残す,,https://www.youtube.com/channel/UCFhiWa7jFNK29lDmDfjKjTQ,ヨッシーで魔境卒業を目指す！ 4日目②【スマブラSP】#全キャラ魔境卒業チャレンジ #スマブラsp
1148,ジョーカーのゲーム攻略チャンネル,,53800,2026-09-06,0.5,1.0,RPG,残す,,https://www.youtube.com/channel/UC1R5dkg2WF8-zvDlkDEMDUw,【鬼武者WOS】赤魂枯渇が無くなる！最優先で取りたいスキル&御守り！関門弁慶攻略！
1149,千石ユノ -Sengoku Yuno- / 夢限大みゅーたいぷ,,53800,2026-10-04,0.38,1.0,アドベンチャー,残す,,https://www.youtube.com/channel/UC99kOG6_9RD0mR3OG4EOfxw,【 #アワーノーツ 】視聴者参加型！撃奏ライブします！【 #千石ユノ / #バンドリ 】
1150,蛇女ちゃんねる🚗🐍,,53700,2026-08-28,0.0,1.0,,外す（ゲーム動画なし）,,https://www.youtube.com/channel/UC9tl2qIQWcKMf9UPhiuNAcA,🚗爆音左ハンドル車のマナー？心遣い？ってどうなの？　#cobra #スタバ
1151,セシ,,53600,2026-08-29,0.44,1.0,RPG,残す,,https://www.youtube.com/channel/UCTlgNvpEIlrAj9qL5BKXUcg,水着リリスの宝具Lv上げに悩みつつ周回する人の配信！ガチャの質問・相談いつでもカモン！＜初見歓迎＞
1152,バキュン / オンラインゲーム&新作ゲーム情報,,53600,2026-08-26,0.3,1.0,アドベンチャー,残す,,https://www.youtube.com/channel/UCSs2L7_Cn54njzcxxPQ8Kgg,"""基本無料でガチャなし""＆着せ替えもできる、アニメ調オープンワールド『無限大ANANTA』がリリース日決定へ"
1153,茜音カンナ / Canna Channel【ななしいんく】,ななしいんく,53400,2026-08-27,0.0,1.0,,外す（ゲーム動画なし）,,https://www.youtube.com/channel/UCkpqb53xiOvOgNYEbNpFSyw,【 #ななし夏休み歌枠リレー 】夏を感じつつ、ビシっとバトンを繋げます🍧～sing stream～【茜音カンナ / なな
1154,CoolDee,,53300,2026-08-25,1.0,0.0,シューター,外す（日本語の配信ではない）,,https://www.youtube.com/channel/UCkwJlg1had69f6a2gp8-2hw,I Found DAYTIME CULTISTS on a Tarkov Scav Run...
1155,ぱんお。,,53000,2026-09-22,0.33,1.0,パズル,残す,,https://www.youtube.com/channel/UCKZyWwkmAyPr3Y2aFEHwObg,空気を読める人は見てください。【みんなで空気読み2】
1156,キャシーさんはホラーゲームで遊びたい,,52900,2026-08-27,0.7,1.0,アドベンチャー,残す,,https://www.youtube.com/channel/UC4c_neRdUOIwK2fegPocHqA,【誕生日】5万人行ったんで約束だったアレ出すよ！【Vキャシー/Vtuber】雑談
1157,ジェスター(うるさい実況者),,52900,2026-09-22,0.44,1.0,アドベンチャー,残す,,https://www.youtube.com/channel/UC-OrlAvutQzdY-uQmqtDysw,樹海で「タクシー運転手」として働いてたら人を轢いてしまうホラーゲーム【樹海への道】
1158,ゲーム雑学の勇者,,52500,2026-08-28,0.0,0.0,,要確認（長尺動画なし）,,https://www.youtube.com/channel/UCAJOdHcaHZhv3k90kUwAOvw,
1159,ホタ チャンネル,,52300,2026-08-09,1.0,1.0,シミュレーション,残す,,https://www.youtube.com/channel/UCE6Ji384jD3atZIi4zk_55Q,【Farthest Frontier】領主のお姉さん実況 81【街づくり】
1160,Peace Apex,,52000,2026-09-22,1.0,1.0,シューター,残す,,https://www.youtube.com/channel/UCLkiYueB6wk8HPAguH7WUxQ,【祝フルパ】チーキーと1vs1対決!?どんな手を使ってでも勝ち越したいPeace【APEX/Peace/ピース/CHEE
1161,marunnn【まるーんチャンネル】,,51900,2026-08-29,1.0,1.0,シューター,残す,,https://www.youtube.com/channel/UC0gRGPpsGayllgHlESwl_vw,"【#ストグラ】新犯罪 ""フリーサ銀行強盗"" の報酬が低すぎて、絶句する犯罪者と花沢まるんｗ【ギルテックス/空衣御侍/レン"
1162,Mitora ch.紅羽ミトラ,,51300,2026-08-27,0.5,1.0,RPG,残す,,https://www.youtube.com/channel/UCCOO1eldASxbdac2ObbERTQ,【キャプテン翼２ WORLD FIGHTERS／PS5】新作キャプ翼遊ぶ！！！【紅羽ミトラ/Vtuber】
1163,ふんさん《ゲーム実況》,,51300,2026-09-08,0.91,1.0,レース,残す,,https://www.youtube.com/channel/UCUYznT6I8SyhI_TEfmrnEkA,最初のアイテムを3周目に!?シャボンディ諸島式打開で成り上がり!!【マリオカートWii】
1164,nobi tube,,51000,2026-08-28,0.63,1.0,アドベンチャー,残す,,https://www.youtube.com/channel/UCof1UwAzZ7gQSuWkyqh3OGw,【夏のホラー特集】ノビの最も恐れたホラゲーがついに完結！  OUT LAST 第3夜 【ノビ/NOBI】
1165,ヤマト反応集【アニメ・漫画・ゲーム反応集】,,50800,2026-08-23,0.0,0.0,,要確認（長尺動画なし）,,https://www.youtube.com/channel/UCnO6zu_lyM8o-W8idAlpTTA,
1166,Chilla's Art,,50600,2026-08-13,1.0,0.33,アドベンチャー,外す（日本語の配信ではない）,,https://www.youtube.com/channel/UCskuYABrWRWT0zf4m7FswDQ,Snowed Under | 雪葬 Trailer
1167,パブルヒュー二号,,50400,2026-09-30,0.5,1.0,アドベンチャー,残す,,https://www.youtube.com/channel/UCdOSJsFyu-BRe2Jk68SRl4g,【死闘】ストームヴィル城に足を踏み入れた新人侍、突然の爆風で引退した後ケイリッドで窃盗を働き絶命するもゴドリック戦で限界
1168,青桐エイト,Neo-Porte,50300,2026-08-23,0.95,1.0,シューター,残す,,https://www.youtube.com/channel/UC4Xuz67FNRr69ILv2b7ZRBA,【VALORANT】 とりまスクリム w/電・A・ルーエ ひょう太朗 まんじちゃん。カマちゃん【青桐エイト/ネオポルテ】
1169,開拓者-ホロメガネ 【Hololive_clip】,,50100,2026-09-30,0.69,1.0,ストラテジー,残す,,https://www.youtube.com/channel/UC3BlyYnvEVLLsQBVbezhLzg,【ホロライブ ドリームス】新ミニゲームで超エキサイティングするあずきちと開拓者たちw【ホロライブ/AZKi/あずきち】
1170,顔芸,,49800,2026-08-30,1.0,1.0,ストラテジー,残す,,https://www.youtube.com/channel/UCYxLnfa6hsEgg8rt4l96MSQ,あの徒歩キラー救済パーク『最後のお楽しみ』が帰ってきたぞ！【Dead by Daylight #顔芸】
1171,Chris Channel / 獅子王クリス 【ななしいんく】,ななしいんく,49600,2024-05-23,0.0,1.0,,外す（1年以上更新なし）,,https://www.youtube.com/channel/UC--A2dwZW7-M2kID0N6_lfA,【３D】今までありがと～！卒業ライブです！#あたち卒業ライブ【獅子王クリス/ななしいんく】
1172,ざわ氏/zawashi,,49500,2026-08-30,0.65,1.0,ストラテジー,残す,,https://www.youtube.com/channel/UCgpe0WOk6DSNNgbMlh3JQ9A,スキルチェック頻度が増えた気がするので爆速発電構成が最強です【DbD】【サバイバーVSハウンドマスター】
1173,Ren.ch戌月れん,,49500,2026-10-02,0.22,1.0,シューター,残す,,https://www.youtube.com/channel/UCg4x4QmjPx0I1HNQp9h1xvg,【 #歌枠 】顔面最強の可愛いすぎるV見ていかないかい？　【 戌月れん/Vsinger 】#vtuber #karaok
1174,カサイノ,,49100,2026-08-30,0.0,0.0,,要確認（長尺動画なし）,,https://www.youtube.com/channel/UC8Ga8JpK7ba3HKsnC7IIemA,
1175,Molf Ch. 海汐もるふ,,49000,2026-08-27,0.5,1.0,アドベンチャー,残す,,https://www.youtube.com/channel/UCyVypf7vg9KqoDiXkDIvetg,【ノロイカゴ ゲゲゲの夜】ゲゲゲの鬼太郎のホラゲ!?協力して妖怪から逃げきれ!!【海汐もるふ/星屑ぷらね】
1176,きたく部【あおぎり高校・切り抜き】,,49000,2026-09-13,0.0,0.0,,外す（切り抜き）,,https://www.youtube.com/channel/UCexrcpJg2PAyELx82Zaj31A,
1177,おまめブラスターch【野良サモラン勢】,,48800,2026-09-14,0.94,1.0,,残す,,https://www.youtube.com/channel/UCSdVl48sOIhwBFtuQgOgvGw,ビッグラン野良212納品した男のゆるめ参加型耐久配信！閉幕まで走り続けるぞ！【スプラトゥーン3/サーモンランNW】
1178,たっと,,48800,2026-09-24,1.0,1.0,,残す,,https://www.youtube.com/channel/UCoqiCzd7A8_6y984ES5AHnw,"【必見】バカにしていた新武器""ウォーデンを実際に使ってみた結果...【VALORANT/ヴァロラント】"
1179,聖帝タイチのゲーム実況チャンネル,,48700,2026-09-10,0.15,1.0,格闘,残す,,https://www.youtube.com/channel/UCwDVXDCl-YKr385wKWxObJw,【試合後配信】9.10後楽園ホール大会＆石狩大会対戦カード第1弾終えて
1180,Tama【ゲーム紹介ch】,,48400,2026-08-24,0.25,1.0,アドベンチャー,残す,,https://www.youtube.com/channel/UCkzL-cdD0aP6qg-4i5OqK7Q,【一気見/総集編】自称チルゲーな地獄の作業ゲーで無限に儲ける琴葉葵と夏色花梨の単発動画傑作集【VOICEROID実況】
1181,ENCCHI BR,,48400,2026-09-23,0.11,0.0,アクション（横スクロール）,外す（日本語の配信ではない）,,https://www.youtube.com/channel/UCDU54MMCmN0Bre_Ny5_j-iQ,Shiro no Yakata - Gameplay
1182,KENのスマブラ配信,,48300,2026-08-28,1.0,1.0,,残す,,https://www.youtube.com/channel/UCao2KUfroeJuZt8u2ObqjOw,渋谷大乱#1 優勝！ ハイライト集【スマブラSP】
1183,ふ〜ど Fuudo,,48300,2026-09-13,0.33,1.0,,残す,,https://www.youtube.com/channel/UCTLfMFq53SEzSllSR6utzuQ,すっくすく伸びるためにふ～どが参考にしたヴァイパー使いは誰？【ふ～ど/スト6】
1184,れしむ,,48000,2026-08-28,0.0,1.0,,外す（ゲーム動画なし）,,https://www.youtube.com/channel/UCmAHb4q3oicBLePwx6i69Cg,ポケモンの格ゲー『ポッ拳』で運命のランク昇格戦に挑んだら覚醒してやばすぎた
1185,季咲あんこ / Anko Channel【ななしいんく】,ななしいんく,47900,2026-08-28,0.5,1.0,ストラテジー,残す,,https://www.youtube.com/channel/UChXm-xAYPfygrbyLo2yCASQ,【 きんようびの朝枠 】8月さいご～～！？のきんようび🐋🏝【 季咲あんこ / ななしいんく 】
1186,【公認】たいじ切り抜きFactory,,47900,2026-09-02,0.0,0.0,,外す（切り抜き）,,https://www.youtube.com/channel/UCVDGxNTvW_pBORWM6trKegQ,
1187,Avi Akbar Gaming,,47600,2026-08-28,0.0,0.0,,外す（ゲーム動画なし）,,https://www.youtube.com/channel/UCOF53J63fNXtx2EMdhOi_cA,🔴 VAL TOP 500 🔴 GOTH E-KITTENS 🔴 SINGLE 🔴 CUTE 🔴 PETITE 🔴FUN
1188,もっちゃん,,47500,2026-08-29,0.0,1.0,,外す（ゲーム動画なし）,,https://www.youtube.com/channel/UCjX_Uv6mNdrF-0AARDLQb3A,【ヒロアカUR】大会練習参加型カスタム配信　season18キャラ/飯田禁止　エリダク・ねじれる幸運・ジェントリージャン
1189,日本将棋連盟【Japan Shogi Association】,,47500,2026-09-01,0.0,0.93,,外す（ゲーム動画なし）,,https://www.youtube.com/channel/UCD3Fn-CEXK9vPIoixSZGZ2Q,【ライブ配信】9/1 西山朋佳女流四冠vs香川愛生女流四段　リコー杯第16期女流王座戦本戦
1190,ぱち隊,,47400,2026-08-29,0.0,0.0,,要確認（長尺動画なし）,,https://www.youtube.com/channel/UCjhQqveyGjmSsGPnBsmyl8g,
1191,SurugaMonkeyCH,,47300,2026-08-28,1.0,1.0,レース,残す,,https://www.youtube.com/channel/UC0h1Pq3U3FNc6rwyDfbMU_A,練習４日目でトロール!?過大評価されてたゼロストに爆笑【CR Revive/SurugaMonkey/Clutch_Fi
1192,愛幸Pプロデュースch. / aisachiP,,47300,2026-09-04,0.89,1.0,,残す,,https://www.youtube.com/channel/UCUDW5-4VY0396fCmpFFSK_w,【学マス】標ガシャとハコユレイベントちょい攻略【アプデ確認】
1193,jerashian,,47200,2026-09-05,1.0,1.0,,残す,,https://www.youtube.com/channel/UCCUChHbO-FeqB8wnNEl3MBg,【総集編】一直線に発展させるマイクラ Part31～Part60
1194,実況したいよまちょすさん!,,47000,2026-10-03,0.75,1.0,シミュレーション,残す,,https://www.youtube.com/channel/UCD6HU7lTbEChn8sUF6BRc3Q,タコになってビデオ屋の掃除をするゲームをのんびりやる【 Octbuster 】
1195,安藤咲良ちゃんねる,,46900,2026-08-27,0.74,1.0,アドベンチャー,残す,,https://www.youtube.com/channel/UCy_p9GG6U6VWjv3jtKgOOBQ,【ファイナルファンタジーⅩ】#5 人生初のファイナルファンタジーシリーズ！完全初見！ネタバレ禁止　【FINALFANTA
1196,りいん,,46900,2026-08-27,0.8,0.95,ストラテジー,残す,,https://www.youtube.com/channel/UC1eUlE-B716u8vAGID0kR_Q,【DbD】ジャッジメントが来たのぜー【ゆっくり実況/DeadbyDaylight】
1197,ずんまるちゃんねる,,46800,2026-08-23,0.5,1.0,,残す,,https://www.youtube.com/channel/UCoUZja4JG0uMGH3Tv6DXCfA,【#雀魂】ずんたんの雀魂段位戦！雀聖2【目指せ魂天】
1198,標準野郎,,46700,2026-08-28,0.7,1.0,シミュレーション,残す,,https://www.youtube.com/channel/UCry-_yz-E-uiDT7Nw6_iDEg,謎の競技でペーさんの記録を煽る標準、ビジホ配信なのを思い出し叫べず苦しむ【TrickShot Simulator/標準】
1199,Kuranaくらな,,46700,2026-09-03,1.0,1.0,シューター,残す,,https://www.youtube.com/channel/UCS2-1YqW2vhDLex0y8CbfQg,【ランク】アンリアル目指して行くぞ～！【Fortnite/フォートナイト】【ライブ/配信】
1200,ななぽこ*,,46700,2026-09-14,1.0,1.0,,残す,,https://www.youtube.com/channel/UCBZ00m2rcfyQdyRa1lR4rgA,【最高XP2786】パワー大ピンチ！？Xマッチ頑張るぞ！！【スプラトゥーン3】
1201,式神やしろ,,46500,2026-09-02,0.44,1.0,,残す,,https://www.youtube.com/channel/UCq9rSqjG8XfiThojgjCpVqw,ティフォロス準備編・Ver1.5「雪氷の幽夢」【 エンドフィールド】32 #PR #ぶいきゃす
1202,たかやスペシャル,,46400,2026-08-27,0.81,1.0,RPG,残す,,https://www.youtube.com/channel/UCe7SMZorzWzJ_0OobFxHSig,たかスペの本当の得意チャンプはゾーイなのか？センス型チャンプでキャリーするだけの上手い系動画だ！！【League of 
1203,ななしいんく公式チャンネル,,46400,2026-09-12,0.0,1.0,,外す（ゲーム動画なし）,,https://www.youtube.com/channel/UCJEpkwwDiTKS5lxwFttEbIQ,【 本配信 DAY1 】#ななし雀魂杯 総勢32名が激突！決勝へ進む4チームは！？【 ななしいんく 】
1204,八神ツクモ / Yagami Tsukumo,Neo-Porte,46300,2026-08-27,0.63,1.0,シューター,残す,,https://www.youtube.com/channel/UCKuwxopq9c3cldzSOo4ceSA,【凶寓】「今年一怖い」と話題になったホラーゲーム、そんなにヤバいの？【八神ツクモ/ネオポルテ】
1205,灰音シャル -hainesharu-,,46300,2026-09-27,0.09,1.0,,残す,,https://www.youtube.com/channel/UC6ZuFL3LVVH1a5uWKD6209A,【 耐久 】登録者5万人耐久！！みんなと一緒にまだ見ぬ景色を見たい！【 灰音シャル/個人勢 】
1206,れいくんとゲームで遊ぼう,,46300,2026-08-30,0.0,1.0,,外す（ゲーム動画なし）,,https://www.youtube.com/channel/UCAR7d9sSi5SSRQuPLnbuF7Q,【参加型】カスタムマッチでリロードやバトロワするよ！
1207,けまいチャンネル 【ゲーム紹介・攻略】,,46200,2026-09-26,0.75,1.0,RPG,残す,,https://www.youtube.com/channel/UCdOyY0emERxz0P7S8XQfM4g,結局どっちがいい？喋る主人公vs無口主人公、ゲームへの没入感を高めるのはどっち？主人公設計の正解を徹底考察
1208,修行僧,,46100,2026-08-27,1.0,1.0,格闘,残す,,https://www.youtube.com/channel/UCFevE20uFKh-jX7F5fCYwZg,act最終日グラマスチャレンジ！6時間の激闘の末、身も心もボロボロになる修行僧【スト6】
1209,塩,亀戸組,46100,2026-08-27,0.9,1.0,アドベンチャー,残す,,https://www.youtube.com/channel/UCsMHotpUybNI0RGioyCsl1w,【日本事故物件監視協会 JSP3】友人にも監視バイトに来てもらいました【塩と胡椒】
1210,荒木美鈴 ゲーミングMCちゃん,,45900,2026-08-24,0.84,1.0,アドベンチャー,残す,,https://www.youtube.com/channel/UChliU0cu3Knp-c-2T_RVJDQ,アメリカから帰国し明日から中国です！米マイクロソフト本社で買ったものたち！
1211,MGMchぐみちゃんねる,,45900,2026-08-26,0.0,1.0,,外す（ゲーム動画なし）,,https://www.youtube.com/channel/UCYgelSCZ3cRLVCgJT8RmIfw,【一緒に遊ぼう】フェネックの卵　10個割ってみました　ミイラフェネック　playtogether アプリ
1212,ろしねこくん,,45800,2026-08-27,0.0,0.0,,要確認（長尺動画なし）,,https://www.youtube.com/channel/UCcZjJuxcmMJHfNbTyu2pxfA,
1213,メタクズ,,45400,2026-09-17,0.78,1.0,シミュレーション,残す,,https://www.youtube.com/channel/UCGBTKaKIBTIUPu0oZx0QMiA,【レート戦TOP5%】ティアラメンツ徹底解説実践編【#遊戯王マスターデュエル】
1214,やっほーさなだだよー,,45300,2026-08-30,0.14,1.0,,残す,,https://www.youtube.com/channel/UCZrp8_6mzqB_HHbogvIAErA,即興格付けランキング「ステージ編」
1215,【OFFICIAL】GUNDAM CARD GAME CHANNEL,,45300,2026-09-27,0.12,0.75,インディー,残す,,https://www.youtube.com/channel/UCYtcT9WKxzkS97fkWWsXD_Q,【GCG】[GCG EXPO 2026 in TOKYO DAY2] 「ガンダムカードゲーム」/ “GUNDAM CAR
1216,AOmaxTV,,45300,2026-09-29,0.0,1.0,,外す（ゲーム動画なし）,,https://www.youtube.com/channel/UCZg3dgCFrENRuk7J9bU5dlg,【ドラクエウォーク】D・ハーゴンのシールドフルブレイク攻略。
1217,hololive OFFICIAL CARD GAME【公式】,,45200,2026-09-29,0.0,1.0,,外す（ゲーム動画なし）,,https://www.youtube.com/channel/UCmms2EE02mK4zdECwrHBpaA,新ブースター「ボリュームヴォルテックス」開封！ #ホロカ 最新情報をお届け！【#ホロカにゅーすLIVE】
1218,Softic TV,,45100,2026-08-27,0.69,0.0,シューター,外す（日本語の配信ではない）,,https://www.youtube.com/channel/UCyTw9g3qYSf4UGIZ8FWY1mQ,Intenté pasarme Resident Evil 4 pero TODOS SON JEFES...
1219,Chau Ch.雪兎ちゃう,,45000,2026-08-29,0.53,1.0,,残す,,https://www.youtube.com/channel/UCs5ojCJFNXaBgUrGmarvrPQ,#最終回 ？【ぼくなつ2/朝活】『ぼくのなつやすみ2』クリアまで！元気に「おはよう」「いってらっしゃい」配信！【雪兎ちゃ
1220,恋沼ミヤ-koinuma miya-,,44900,2026-09-22,0.92,1.0,アドベンチャー,残す,,https://www.youtube.com/channel/UCXUu1nCtDMAbasD0wAK1cdw,【 SURGETOWN 】#18　感想＆振り返り配信🚔【恋沼ミヤ/#surgetown】
1221,夜魅ちゃんねる,,44800,2026-08-28,0.95,1.0,ストラテジー,残す,,https://www.youtube.com/channel/UCW7htl9_IlxgjrXkn4Vu33w,【#鳴潮】 Ver3.7組属性武器は一体…！？マトリクスや第二ソラリスしながら全力待機🔥 / 2K1440p #787 
1222,けばぶの動画倉庫,,44800,2026-08-22,0.0,1.0,,外す（ゲーム動画なし）,,https://www.youtube.com/channel/UCkPgiuwBOaGWxxJyw3_BzTA,【おうち太鼓配信】30000コンボ繋ぐまで終われません【ドンダフルフェスティバル】
1223,ink / いんく,,44800,2026-09-21,0.9,1.0,シューター,残す,,https://www.youtube.com/channel/UCTzMHNSJlawMIkKBPQ49aoA,【手元動画】スイッチスティックの手元を大公開！！【フォートナイト/Fortnite】
1224,あんはるのゲーム実況チャンネル,,44700,2026-09-12,1.0,1.0,格闘,残す,,https://www.youtube.com/channel/UCQRvoPTzrDM8WjIE_3WfCRw,【ヒロアカUR】フルパランクマッチ配信！修行するぞ！【MHUR】
1225,効率V,,44200,2026-09-28,0.0,0.0,,要確認（長尺動画なし）,,https://www.youtube.com/channel/UC7yIG8HpQDAzSGgm25waE9Q,
1226,アメユリGMチャンネル,,44100,2026-08-28,0.95,1.0,,残す,,https://www.youtube.com/channel/UCqiVt1BHlxrNVOIUHy8WUfg,【環境最強】こいつマジでやばいわ！！回復４つ消し無しで天穹チャレンジでも回復可能！！石田雨竜のテンプレ編成がどこでも勝て
1227,ゲームの裏話,,44100,2026-09-22,0.0,0.0,,要確認（長尺動画なし）,,https://www.youtube.com/channel/UCSKNX_MkXbD1buHb37pGReA,
1228,アサギゲームズ,,44000,2026-09-28,1.0,1.0,RPG,残す,,https://www.youtube.com/channel/UCleaRq03OPRRrS01i_4oZpg,【崩壊スターレイル】パール完全育成解説！銀狼Lv999/緋英超絶強化の愉悦耐久実装！オススメ光円錐/凸効果/編成徹底解説
1229,天絆ささは / Sasaha Channel【ななしいんく】,ななしいんく,43800,2026-08-21,0.12,1.0,RPG,残す,,https://www.youtube.com/channel/UCuX1NOTF2wZVXo8WP1q7uLw,【 初コラボ 】夏休みにいもうとちゃんが来てくれました🐼🐼【天絆ささは￤ななしいんく】
1230,ほぼましろ。,,43800,2026-08-25,0.0,0.0,,要確認（長尺動画なし）,,https://www.youtube.com/channel/UCD30LF-YUyaqmcz-iFMxpZA,
1231,みらたんぐ,,43800,2026-09-10,1.0,1.0,シューター,残す,,https://www.youtube.com/channel/UCH6w6HFG1V64q0HXNcwG6Lg,【APEX】Tiktokギフトイベント開始　無限に配信中 【ApexLegends】
1232,ちむらい,,43600,2026-08-27,0.4,1.0,,残す,,https://www.youtube.com/channel/UCC1DwGk8z8YUiXVmXbsXzAQ,ひと狩り行こうぜ！withぶうちえん【モンハンサンブレイク】
1233,Keroru ch. 矢毒けろる,,43600,2026-10-03,0.79,1.0,RPG,残す,,https://www.youtube.com/channel/UCbiTvSkQi9lBcZ-rC0J4qUw,【ドラゴンクエスト11S】初見！クレイモランへいくぞ！【ドラゴンクエストXI S 過ぎ去りし時を求めて】
1234,しゃー,,43400,2026-09-27,0.53,1.0,ストラテジー,残す,,https://www.youtube.com/channel/UCBe5t57XZuJWMBFNEzAzCvA,"【パワーアップ禁止縛り#48】""""レベル1""""なのに無双してしまう強キャラの皆様と行く未来編3章【にゃんこ大戦争】【ゆっ"
1235,ぎんチョコ,,43300,2026-09-26,0.5,1.0,シミュレーション,残す,,https://www.youtube.com/channel/UCh9ayQaRL74_f-aVXipLBbw,美少女×ゾンビの新作タワーディフェンスが想像以上にカオスだった【Girls vs Zombies】
1236,ひりと（爆弾魔）,,43200,2026-09-04,0.45,1.0,シミュレーション,残す,,https://www.youtube.com/channel/UC7QW2wHQmFfrLbhsUPAYtWg,WARDOGSクローズβテストを遊んで見た！！爆弾魔のWARDOGSゆっくり実況その1
1237,KAMIto神クリップ【公認】,,43100,2026-10-03,0.0,0.0,,要確認（長尺動画なし）,,https://www.youtube.com/channel/UC5NPjtHJKtfBz6rkM7_WVrA,
1238,いぶきぃ,,43000,2026-08-28,0.0,0.0,,要確認（長尺動画なし）,,https://www.youtube.com/channel/UCAT7tbcuwFeB-JVBwML58pw,
1239,うめけん,高田村,43000,2026-08-28,0.4,0.95,ストラテジー,残す,,https://www.youtube.com/channel/UC8GLhw4rRT7HCvLzCNd48Nw,【vlog】はるみん学芸会という名の焼肉楽しんできた
1240,テックの暇つぶしハウス,,42900,2026-09-23,0.0,0.0,,要確認（長尺動画なし）,,https://www.youtube.com/channel/UCr1osmqm6NlWJd0vF2qyaAg,
1241,仙人のGEN,高田村,42800,2026-08-28,0.59,1.0,ストラテジー,残す,,https://www.youtube.com/channel/UCeiJlBTCT6-kNW_GlEZ8uTw,初心者4人チームで暴れる仙人【スプラ３】
1242,マリー・トリコロール / Mary Tricolor,,42700,2026-08-30,0.4,1.0,RPG,残す,,https://www.youtube.com/channel/UCycCBxHNj4QvCXxkC8tFa3w,〖空の軌跡 the 2nd〗初見で体験版！ほうれん草神父が怪しいんだよなぁ… #2〖完全初見実況/リメイク/#vtube
1243,たすく,,42200,2026-09-19,0.5,0.95,シミュレーション,残す,,https://www.youtube.com/channel/UC8YWdOT12oI3xh7t8ZZlNnQ,【トルネコの大冒険 リマスター 】もっと不思議を探しに。
1244,Source,,42100,2026-08-27,1.0,0.0,シューター,外す（日本語の配信ではない）,,https://www.youtube.com/channel/UC___VqUb3J9zA3ceTmeCXCA,Leon Kennedy is DOMINATING #2 Resident Evil 9 - Multiple Ene
1245,とんずら,,41900,2026-09-22,0.0,0.0,,要確認（長尺動画なし）,,https://www.youtube.com/channel/UCB9AKJ52xWaph5iD8unobyQ,
1246,HAMA,,41900,2026-09-18,1.0,1.0,,残す,,https://www.youtube.com/channel/UCy7Qdh66nVLUZtjGx7tOCRQ,【コメ付き】エルデンリング Two Gods バグなし Speedrun 1時間22分49秒(RTA1時間37分37秒)
1247,ゆいとの部屋,,41700,2026-08-28,0.0,1.0,,外す（ゲーム動画なし）,,https://www.youtube.com/channel/UCM5_NfYSKakSqF4gPxuJPmA,【ブロスタ】初見さん大歓迎！3v3を中心に色々なモードでトロ上げ！ラーメンリベリオン「ウィンドストック」シーズンで遊ぶブ
1248,zakimiya / ザキミヤ,,41700,2026-08-29,0.5,1.0,格闘,残す,,https://www.youtube.com/channel/UC5475pgUCw8kvurtIhHi3Cw,【心霊写真仕分けバイト】おわかりいただけただろうか？ヤバい霊がいるのが！　#ザキミヤ #zakimiya #ゲーム実況 
1249,LamNot,,41700,2026-10-01,0.8,1.0,アドベンチャー,残す,,https://www.youtube.com/channel/UCn54-f66EdwgCzZssV71Syg,Nivalis Nights【サイバーパンク】話題の新作！ブレードランナー世界で借金返済ライフシム！お店の経営から恋愛、
1250,碧輝りお /Aoki Rio,,41600,2026-09-28,0.86,1.0,シューター,残す,,https://www.youtube.com/channel/UCaPiH3TM542cSCxH5K995DQ,【 #ストグラseason2 】ラピスりお20日目 ⁝ 種...どうなるのでしょうか【 碧輝りお/個人勢VTuber 】
1251,Anna Channel / 虎城アンナ 【ななしいんく】,ななしいんく,41500,,,,,外す（取得できず）,,https://www.youtube.com/channel/UCvPPBoTOor5gm8zSlE2tg4w,
1252,「ネモ」ストリートファイター6 プロゲーマー【ネモぬき】,,41500,2026-08-27,0.73,1.0,,残す,,https://www.youtube.com/channel/UCTYqQEtC60jc-BVvmj0AGHQ,ダック・キング最新映像を見るネモ【餓狼伝説・ダック・キング】【ネモ】
1253,アゲアゲ将棋実況,,41500,2026-09-19,0.0,1.0,,外す（ゲーム動画なし）,,https://www.youtube.com/channel/UCumepnTtqL4apOScbzzVxCg,将棋ウォーズスプリント＆指導対局LIVE！
1254,りゅうせい,,41400,2026-08-27,0.89,1.0,,残す,,https://www.youtube.com/channel/UCPr2Pyu41o1O7NXl4eDaLPw,甘結もかルークのプロ級の精度に驚きを隠せないりゅうせい【スト6】
1255,すーぱーぽしゅ汰【ポケモン情報 ポケポケ最強デッキ】,,41300,2026-09-27,1.0,1.0,,残す,,https://www.youtube.com/channel/UCsLx5Q4YjLqmFQtgGbstcOw,【動画ネタどう決めてる？】伸びる動画と伸びない動画５選【ポケモンチャンピオンズランクマッチ初心者解説動画を半年分を分析】
1256,真魔人 GERI,,41000,2026-09-11,1.0,1.0,シューター,残す,,https://www.youtube.com/channel/UCtuztXoZT0QoyLxxo0GVN6w,【改造バイオ9】クリア不可能！？ランダマノーコンに挑戦！【Resident Evil requiem BIORAND P
1257,ラッシュCR,,40900,2026-09-06,0.78,1.0,RTS,残す,,https://www.youtube.com/channel/UCeByyP8Re3btC3LiH5pnI1w,【クラロワリーグ】CRL26 ラストチャンス予選 DAY 2 [日本語]
1258,あてぃしの!【切り抜きちゃんねる】,,40800,2026-09-27,0.0,0.0,,外す（切り抜き）,,https://www.youtube.com/channel/UC_FR4aRTjqm494ZcK3QoE_A,
1259,ケイズ,,40700,2026-09-17,0.0,1.0,,外す（ゲーム動画なし）,,https://www.youtube.com/channel/UCEr-4qFeVihDGXUZPTX8d-Q,ドパガキ村人 vs ベリティ まとめPart1
1260,Wat Channel / 不磨わっと 【ななしいんく】,ななしいんく,40300,,,,,外す（取得できず）,,https://www.youtube.com/channel/UCV4EoK6BVNl7wxuxpUvvSWA,
1261,ぽてぃーです,,40100,2026-09-22,0.75,1.0,シューター,残す,,https://www.youtube.com/channel/UCgW5qJIMxH41oa4T70rfLqg,突然のエペコラボ！！シルバーウィークスペシャルや！w/デイト、いお【APEX】
1262,抹茶そると,,40100,2026-09-22,0.0,0.0,,要確認（長尺動画なし）,,https://www.youtube.com/channel/UCVoqZ20kP7d3GCQ5gd-eEGA,
1263,スプラアンテナ【みんなのジャンプ先No.1】,,40000,2026-09-07,0.0,0.0,,要確認（長尺動画なし）,,https://www.youtube.com/channel/UCLcWpvhnsegPanF79zlPZcw,
1264,こうなあ ｰ ホヨバ,,40000,2026-09-28,1.0,1.0,RPG,残す,,https://www.youtube.com/channel/UCHXX1-9DY76Hz8xszqtPR0Q,パール実装！！！ついに強化される愉悦パで使うぞ！！！！！【崩壊スターレイル】
1265,くろろじちゃんねる,,39800,2026-08-28,0.65,1.0,シューター,残す,,https://www.youtube.com/channel/UCXE9LOfemEKKOg1Bzd_Ipxg,【本日発売】これはやばい！ローグライクアクションRPG『魔女の庭』が面白すぎるｗ
1266,Ritorun Ch.りとるん,,39700,2026-08-28,0.67,1.0,ストラテジー,残す,,https://www.youtube.com/channel/UC3tOL8JHgdhz4hPU-DKYXNw,【7 Days to Die】　V3.2安定版きたって！？さあ、やることいっぱいよ今日も！！【方言Vtuber/りとるん
1267,tomo cat チャンネル,,39600,2026-08-26,0.0,1.0,,外す（ゲーム動画なし）,,https://www.youtube.com/channel/UC1QXVLWPDW2d4y-TwwefaCA,【ゆっくり実況】「信長の野望 覇王伝」(SFC) 攻略 (part6)
1268,キリヤのゲーム実況ch,,39500,2026-08-28,1.0,1.0,RPG,残す,,https://www.youtube.com/channel/UCCrHwc8m3iy4yiW6_UvfZHw,【キャプテン翼2 WORLD FIGHTERS】子供の頃から原作キャプテン翼の大ファンだった実況者がワールドユースで世界
1269,RaRa🍥,,39500,2026-09-22,0.0,0.0,,要確認（長尺動画なし）,,https://www.youtube.com/channel/UCpoyzD95ebhD3gcHrtvf-fg,
1270,どくおじちゃんねる,,39500,2026-09-22,0.0,1.0,,外す（ゲーム動画なし）,,https://www.youtube.com/channel/UCR-RWegkfXvatqU8lHZH4_g,高度500mで神々の遊び！？強化オバドラとフィズで無限に舞い上がる害悪プレイが強すぎたｗｗｗ
1271,DEV_ISちょきちょき,,39400,2026-08-27,0.0,0.0,,要確認（長尺動画なし）,,https://www.youtube.com/channel/UC0_7p7tAXjeofTFb1wKHwyg,
1272,二代目・赤,,39300,2026-09-23,0.6,1.0,パズル,残す,,https://www.youtube.com/channel/UCvy86WpnHG-h7-tgBVQBJYg,アヒルの大群の中に紛れ込んだ１匹のニワトリが通ります。【Sort Them Ducks】
1273,海外マイクラ切り抜き,,39200,2026-08-06,0.0,0.0,,外す（切り抜き）,,https://www.youtube.com/channel/UC739QuG3b7erkorH_VZf9-Q,
1274,サワコのゲームch,,39200,2026-09-22,1.0,0.0,シミュレーション,外す（日本語の配信ではない）,,https://www.youtube.com/channel/UCX2bXUcYObHVcomb2XYzerQ,【eFootball】初❗️Division2 昇格戦❗️
1275,まいごん / Maigon『小ネタ 攻略』,,39000,2026-09-07,1.0,1.0,RPG,残す,,https://www.youtube.com/channel/UChnxYZ_2MhElwwJ1IlfLH_w,ラスボス戦 『エンディング』【鬼武者 Way of the Sword】
1276,ゆらりまん,,39000,2026-09-26,0.55,0.9,シューター,残す,,https://www.youtube.com/channel/UCnckS4TL64xw9u7Uex9YTWQ,【UNLIMIT仲良し】Peaceに56された事をXtsuviに煽られてしまい、カメラを付けて激怒するゆらりまん【APE
1277,Pota Ch. 向日守ぽた,,38900,2026-08-27,0.37,1.0,シミュレーション,残す,,https://www.youtube.com/channel/UCrS80YZ_-a_BaH_d8XL-3og,【朝活】初見さん大歓迎☀ 会いに来たぞ.ᐟ【向日守ぽた/ Varium】
1278,鴨神にゅう 麻雀チャンネル,,38900,2026-08-30,0.0,1.0,,外す（ゲーム動画なし）,,https://www.youtube.com/channel/UCUYVXFLTfEUoC6pHLv7CpaA,【#将棋ウォーズ 】なんと将棋大会に挑戦……！？ 招待選手として #配信者新星戦 に挑みます【鴨神にゅう/VTuber】
1279,Rukako Channel / 大浦るかこ 【ななしいんく】,ななしいんく,38800,2023-02-07,0.0,1.0,,外す（1年以上更新なし）,,https://www.youtube.com/channel/UC3xG1XWzAKt5dxSxktJvtxg,アカシア - BUMP OF CHICKEN  //  湖南みあ × 大浦るかこ COVER
1280,怒りのフィッツロイ(53),,38800,2026-09-22,0.0,0.86,,外す（ゲーム動画なし）,,https://www.youtube.com/channel/UCimguwOXQ7cqMQwBmUpLGWg,武器無しランクマ【現在プラ2】
1281,くにのゲーム実況,,38800,2026-08-23,0.35,1.0,シューター,残す,,https://www.youtube.com/channel/UCvvC7rcvIgXkjgTGDRKohFw,【ウルトラマン倶楽部２】神ゲーのシュワッチRPGゲームをクリアするのだ！！【FC版:帰って来たウルトラマン倶楽部】
1282,ともにい,,38800,2026-08-30,0.1,1.0,シミュレーション,残す,,https://www.youtube.com/channel/UCDdormqTM7fI2LrUQU_1VuA,リヴァプールに嫌われた男が欧州を破壊します。【イーフト】【キャリアモード】【ともにい】
1283,ねぇね。,,38800,2026-09-27,1.0,1.0,RPG,残す,,https://www.youtube.com/channel/UC5IQ7EP3ciPzYmZiRrnOFCQ,【ゼノブレイド２】#6 「かめあたま」です。また新たな冒険が始まる！！初見プレイでゼノブレイド２！！【Xenoblade
1284,めるしーげーむず【Merci Games】,,38700,2026-08-31,1.0,1.0,シューター,残す,,https://www.youtube.com/channel/UCaG0P4o6kfJmY6Qdv3Hz6Jg,【7 Days to Die】天空からの落下式超ロングミキサー拠点のホード７DAYS バージョン3.2 #40
1285,りょーつー【パワプロサクセス研究部】,,38600,2026-08-29,1.0,1.0,,残す,,https://www.youtube.com/channel/UCyh1fcQrjDPbquD_Vn-hBnA,パワプロアプリを今から”無課金”で始めて何日で”トップランカー”に追いつける？【#6】
1286,玉餅かずよ / Tamamochi Kazuyo,,38600,2026-09-06,0.0,0.0,,要確認（長尺動画なし）,,https://www.youtube.com/channel/UCCPzd0N-lCyQp1Il_U8kTSw,
1287,ホロライブトリビア,,38500,2026-08-28,0.0,0.0,,要確認（長尺動画なし）,,https://www.youtube.com/channel/UChLDrcDOQ_Glt1o0tS0k05A,
1288,べのむ,,38500,2026-09-08,0.1,1.0,,残す,,https://www.youtube.com/channel/UC9EjFdY8wBIy4v9V355GdGg,火力と快適さを両立した欲張り追跡者で深き夜を渡ろう！【ナイトレイン】【ゆっくり実況】
1289,湯毛の会,たろちん指定,38500,2026-08-28,0.4,1.0,アドベンチャー,残す,,https://www.youtube.com/channel/UCZrm6tHpAvD5BwjNyTsYY9g,【vlog】ゆげにっき #3【2026/08】
1290,たいのじょう,,38300,2026-09-26,0.42,1.0,シミュレーション,残す,,https://www.youtube.com/channel/UCZGax1qVpAw9cP3iYCmhfFg,人類最強を目指した結果殺戮兵器へと成り果てる【kenshi】
1291,たはたのゲーム,,38200,2026-08-28,1.0,1.0,,残す,,https://www.youtube.com/channel/UCEBiof70Ci-7koexkJdn23Q,謎の没テキスト&エンディングをZNISでぶっ壊してみた【ブレワイBotW】裏技バグ検証ゆっくり実況glitch
1292,ギガンティックともこ,,38100,2026-08-27,0.0,0.0,,要確認（長尺動画なし）,,https://www.youtube.com/channel/UCsSdHXBN7Lb52jprCzefLcA,
1293,俺のつくねちゃんねる,,37900,2026-09-29,0.44,1.0,アドベンチャー,残す,,https://www.youtube.com/channel/UCZhAVtzwGrxpeXKTqavqJTg,【雑談】話そ
1294,春水レイ / Shunsui Rei,,37700,2026-09-02,0.18,1.0,RPG,残す,,https://www.youtube.com/channel/UCYRUVhql7_2UiB5ADw8KZAQ,【エンドフィールド】ティフォロスお迎えガチャ！！【アークナイツ：エンドフィールド/Vtuber/春水レイ】
1295,テイワット放送局【文字起こし】,,37700,2026-09-11,0.0,0.0,,要確認（長尺動画なし）,,https://www.youtube.com/channel/UCti0BwNJzi9Teh1CFutAc8w,
1296,CONTA,,37600,2026-09-04,0.75,1.0,シミュレーション,残す,,https://www.youtube.com/channel/UC6PCItg9uP2KoF5VuPz5Tgg,ゆかりさん、農業で世紀末世界の救世主になる 起業編 【Doloc Town】
1297,ごにはのサブニャン,,37600,2026-09-11,0.25,1.0,,残す,,https://www.youtube.com/channel/UC_w4l0BCy_C69spRgKQKpEA,最後ヤバすぎでしょ【段位道場2026】
1298,武器屋アルフレッド @ゲームの武器解説,,37500,2026-08-27,0.0,1.0,,外す（ゲーム動画なし）,,https://www.youtube.com/channel/UCQRslUbh3toIgfSsfZksSSA,【完全解説】ネロのデビルブリンガーとデビルブレイカーはデビルメイクライ史上最も暴力的な武器だって話　【デビルメイクライ】
1299,ミノルch,,37500,2026-08-27,0.5,1.0,シューター,残す,,https://www.youtube.com/channel/UCTihjqbpa6rQFMtSTSGlFbA,ガチで初めてのDead by Daylight【2026/8/26】
1300,Razor9809,,37400,2026-08-28,0.9,0.0,アドベンチャー,外す（日本語の配信ではない）,,https://www.youtube.com/channel/UCoCdHX2XteK4QsRKEBSeCLw,RESIDENT EVIL OUTBREAK | NUEVO MOD CÁMARA AL HOMBRO !
1301,ばむとケオ🦖,,37300,2026-08-01,0.6,1.0,,残す,,https://www.youtube.com/channel/UCtQdAj4U7vSRP5jh60qVmCg,総集編！隕石に寄生された島で難関サバイバル！【ゆっくり実況】ARK: Survival Evolved【タエニアステラ】
1302,じゃがちゃんねる【仲林圭】,,37200,2026-09-28,0.32,1.0,,残す,,https://www.youtube.com/channel/UCPoSb5QLf0ZcQ0C-rJYK2IQ,【Mリーグ検討配信】9月28日
1303,若魔藤あんず,,37000,2026-10-03,0.63,1.0,タクティカル,残す,,https://www.youtube.com/channel/UCU8dA_oneCC6YnJ18HOQalA,【箱コラボ】にゃんたじあ！全員集合でめっちゃカメレオン！！【 #若魔藤あんず / #にゃんたじあ！ 】
1304,さかな,高田村,37000,2026-08-27,0.5,1.0,ストラテジー,残す,,https://www.youtube.com/channel/UC34h7bLb2wUSsD9n1Hkwbgg,【Gamble With Your Friends】高田村ギャンブルやるらしい 【8/27】
1305,Ryu,,36900,2026-10-03,1.0,1.0,シューター,残す,,https://www.youtube.com/channel/UCP7RggZZPjOkV1_kDEwjCOg,#27【エースコンバット8】ストーリーモード「MISSION 27:海上要塞ファトシア」プレイ動画 ※ネタバレあり【AC
1306,つくだに,,36800,2026-08-23,1.0,1.0,シューター,残す,,https://www.youtube.com/channel/UCLtIntHVHQZ8GaF8QGfvgKg,【タルコフ】新シーズン開幕！PMCがくれたただ一つのAKMSNで初めてのレイドでも装備強奪🥺【ゆっくり実況】
1307,トレマニ,,36800,2026-08-15,0.0,0.0,,要確認（長尺動画なし）,,https://www.youtube.com/channel/UCW8zlukhih4dme9kqYteoqA,
1308,ぺんぐー,,36800,2026-09-16,0.0,0.0,,要確認（長尺動画なし）,,https://www.youtube.com/channel/UCN9daX12AM6JMW5T_GNF04w,
1309,ミートボーラー,,36700,2026-08-27,1.0,1.0,,残す,,https://www.youtube.com/channel/UCVGL-CHPdwAgKIWEJczF08A,"Wミッション付き""6手ワンパン""(※合法チート)超究極『糸師冴』【モンスト】"
1310,いたとはチャンネル,,36700,2026-09-18,1.0,1.0,RPG,残す,,https://www.youtube.com/channel/UCZbnZ6UlXR1odAYZ82AqrPw,【Palworld】公開収録？配信者パルワールドPVP！【パルワールド】
1311,きんちょ / kincho,,36600,2026-08-28,0.57,1.0,,残す,,https://www.youtube.com/channel/UCc_LdmTiDhBl_Vgax5zkQTA,SFL第1節お疲れ様でした！！#387
1312,たくろー,,36500,2026-08-28,0.33,1.0,,残す,,https://www.youtube.com/channel/UCZuwdnoVj_Peb0x7gkkVg_Q,即席の配信
1313,Amoko Ch. 甘乃あもこ,,36500,2026-08-27,0.27,1.0,シューター,残す,,https://www.youtube.com/channel/UCeTxs8lq2gadk89Y1yGKPGA,【#あもこまラジオ】　うちがTRPGにはまったきっかけはあおさんのシナリオです！ ゲスト：あおさん　【#甘乃あもこ #辛
1314,星屑ぷらね / Planei Hoshikuzu,,36500,2026-08-27,0.14,1.0,,残す,,https://www.youtube.com/channel/UCez6PoUm-tuIzHLXiXDGKWg,【ノロイカゴ-ゲゲゲの夜-】ガチで怖いらしい!!もるふちゃんと恐怖体験していくよッ👻【星屑ぷらね/すぺしゃりて】#ノロイ
1315,haru,,36500,2026-09-22,0.0,1.0,,外す（ゲーム動画なし）,,https://www.youtube.com/channel/UCh4-0ZINfE2hc9W0BQ2jQRg,【PL第5節】マンチェスターシティVSサンダーランド
1316,メタメタのぶくんのゲーム実況 ,,36200,2026-08-29,1.0,1.0,シューター,残す,,https://www.youtube.com/channel/UCdWZWX_-sFoyGFwe2cB-y4w,初心者必見！無課金で激レアゲット！ヤバすぎた攻略方法！4471-5708-8314【卵を盗め】【フォートナイト】
1317,日裏クロ / Hiura Kuro,Neo-Porte,36100,2026-08-27,0.11,1.0,シューター,残す,,https://www.youtube.com/channel/UCElYE3bfzjjmJ9xwjvro9Yw,【歌枠】まだまだ暑いの続くので歌枠【日裏クロ / ネオポルテ】
1318,スナパイ,高田村,36100,2026-08-28,0.11,1.0,ストラテジー,残す,,https://www.youtube.com/channel/UCdG3J9aM6dVlWkKXlZK3_WA,初日に赤全滅案件【FEIGN】
1319,こたんぐ,,35900,2026-08-28,0.0,1.0,,外す（ゲーム動画なし）,,https://www.youtube.com/channel/UCBBI-eOId7_xa6jUXZD0drQ,【イニブ実況】驚異の全国勝率を安定して叩き出しているフェニーチェ! キャラパも高く面白過ぎてハマりました【ウイングガンダ
1320,あまのえ,,35800,2026-09-22,0.0,0.0,,要確認（長尺動画なし）,,https://www.youtube.com/channel/UCJDTogbc8PXK2HmWPMVdiCw,
1321,ゆっくりそめいよ,,35800,2026-08-25,1.0,1.0,,残す,,https://www.youtube.com/channel/UCfFTZj28WZnKRRkxNzbYgQw,【スマブラSP】カービィのスピリッツ激ムズ縛りの旅迷場面集Part10【ゆっくり実況】
1322,ずんだもんのゲームチャンネル,,35800,2026-09-11,0.0,1.0,,外す（ゲーム動画なし）,,https://www.youtube.com/channel/UCN2TC7V47CwEhwqPbJo-bJw,【Gジェネエターナル】00Fストーリーイベント速報！配布SSRアストレアF2＆ブラックセファー性能確認＋マスターリーグ1
1323,おまつり,,35700,2026-09-20,0.78,1.0,パズル,残す,,https://www.youtube.com/channel/UCPjYOqnfprbyxl2U50ASxdQ,激よわボス相手に過去最高レベルの泥仕合を繰り広げる男『ゼルダの伝説 TotK』#12
1324,羽流鷲りりり / Ririri Channel【ななしいんく】,ななしいんく,35600,2026-08-25,0.55,1.0,,残す,,https://www.youtube.com/channel/UCLK0cRXu3PY7cPbdWiVYemA,ただいま
1325,発狂マシンガン,,35600,2026-09-03,0.33,1.0,シミュレーション,残す,,https://www.youtube.com/channel/UCXLRCw0MQUeqio874-wD0KA,【ガチャ】初見さん大歓迎！ぶっ壊れアドリアーノ神引きして使う配信！新スキル登場！スナップストライク！！【efootbal
1326,てみ【ブロスタ】,,35600,2026-09-24,0.0,0.0,,要確認（長尺動画なし）,,https://www.youtube.com/channel/UCvRDcxzyIxZILtC8-v4ZoNA,
1327,怪傑がみちゃんねる,高田村,35500,2026-08-27,0.78,0.89,アドベンチャー,残す,,https://www.youtube.com/channel/UC34MzbqPrhWwqzQZTBlLmeg,【温泉で使ったタオルと洗い方について】なな湖への対抗心は好意？　マシュマロ返信のコーナー その79
1328,メー / Meh,,35400,2026-08-28,0.0,0.0,,要確認（長尺動画なし）,,https://www.youtube.com/channel/UCFtq2P36fPmtO6o62DQtyFA,
1329,つーうぇい,,35400,2026-09-01,0.0,1.0,,外す（ゲーム動画なし）,,https://www.youtube.com/channel/UC45RNbNRIsESZbhT_cq5cXg,【作業配信】夏休みの宿題最終日に泣きながらやるのがルーティーンなんです
1330,せいちゃー,,35400,2026-08-31,1.0,1.0,,残す,,https://www.youtube.com/channel/UC6mvkNGVxns1Z6hMIEB4yYQ,【モンスト解説】デティアカルの輝かしすぎる歴史を振り返ってみた。【モンスト】
1331,木人さん,,35400,2026-09-27,0.0,0.0,,要確認（長尺動画なし）,,https://www.youtube.com/channel/UCGCvk5Mui1CWOjP0ejRycxw,
1332,シルバーアロワナ,,35300,2026-09-14,0.0,1.0,,外す（ゲーム動画なし）,,https://www.youtube.com/channel/UCobYuTBV7CSOAcKP0gswRzA,【ドラクエウォーク】最強かアシストか！？所持状況別マイレージならどのガチャを狙う！？
1333,びりQ,,35300,2026-09-15,0.8,1.0,パズル,残す,,https://www.youtube.com/channel/UCjb49k39mJm9LhUVAl0-TwQ,【アニモ】新作オープンワールドモンスター収集RPG「アニモ（Aniimo）」でリセマラ?攻略配信
1334,最高のゼルダクリップス,,35000,2026-08-22,1.0,1.0,,残す,,https://www.youtube.com/channel/UCJ_fTWMKAswNYpUEuTMBA6w,【激レア】まじで欲しいｗティアキン史上最もレア度の高い武器がこちらｗｗ【ティアキン】【面白クリップ集】
1335,ノビーの遊び部屋,,34800,2026-08-27,1.0,1.0,シューター,残す,,https://www.youtube.com/channel/UCDzEHOEm6aaAXToW3LAW2Kg,【 #ストグラ season2】たたたｔ【ノビーラング/救急隊】
1336,たこすけ,,34800,2026-09-19,1.0,1.0,シューター,残す,,https://www.youtube.com/channel/UCAnAvry945Mx3XTtpvac1eA,【メガニケ】与ダメ20％増！？宝シュガーの超絶罠仕様と性能について解説していきます！！！！【勝利の女神：NIKKE】
1337,エイポッズ,,34600,2026-08-29,0.89,1.0,アドベンチャー,残す,,https://www.youtube.com/channel/UCbLammdysAJ4P0pVCZeh-lQ,【ちょっとだけRTA練習】アウトラスト２、ムズい
1338,限界切り抜きチャンネル【VTuber切り抜き】,,34600,2026-09-13,0.0,1.0,,外す（切り抜き）,,https://www.youtube.com/channel/UCfPXJXuE_8B_y0EHHgHJBqQ,【SURGETown】叶の部下の特徴を考える赤彩/ジャックザ立派を疑う/叶のオークション【赤彩みあ/叶/GTA】
1339,よみい裏,,34500,2026-09-22,0.91,1.0,,残す,,https://www.youtube.com/channel/UC3Gb7404MdpJyj7jtcZAxcw,学マスで雨夜燕にハマるよみぃ【学園アイドルマスター】
1340,秋風 林檎,,34500,2026-08-28,1.0,1.0,シューター,残す,,https://www.youtube.com/channel/UCvmLLRtngjxdcJG6QWsFzwQ,知らなきゃ損！？ デュオの味方が来た時の考え方　#apex #apexlegends #ランク#エペ #エーペックス
1341,ホロメモちゃん【裏】,,34400,2026-09-27,0.0,0.0,,要確認（長尺動画なし）,,https://www.youtube.com/channel/UCr0E2H3U1Ib9srIIDEWbeaw,
1342,VOICEROID劇場をひたすら投稿するちゃんねる,,34400,2026-08-18,0.29,1.0,ストラテジー,残す,,https://www.youtube.com/channel/UC8XI2YGgFA68cb0mmKvwsng,私の名前は弦巻マキ。妖精なし伴侶なし後ろに顔と声がいい女ありの普通の女の子。【ゼルダの伝説時のオカリナ/VOICEROI
1343,リトルあんこ,,34400,2026-09-22,0.0,1.0,,外す（ゲーム動画なし）,,https://www.youtube.com/channel/UCmxDm5Z0FDHCcGf2V4WJ9cQ,【ブロスタ】トプラン3達成キャラ2名でデュオバト潜って圧倒的無双を見せつける。かえこまさんとコラボ！
1344,ホロDEV_ISの部屋,,34300,2026-08-28,0.0,0.0,,要確認（長尺動画なし）,,https://www.youtube.com/channel/UCLjPkxTssQiGpGQv2AAPaPg,
1345,宵吸あけル / Yokyu Akeru,,34200,2026-09-08,0.05,1.0,,残す,,https://www.youtube.com/channel/UCOuaCgLWUPRwQtnX78Cat5w,【 #朝活 #雑談 】9/9水曜日！おはよきゅ～！ぐっすり寝た朝！元気にいくぞ！【 #新人vtuber / #宵吸あけル
1346,サマオイch,,34100,2026-08-29,1.0,1.0,RPG,残す,,https://www.youtube.com/channel/UCb4KGH4dDNYv3EmctQjvJPA,絶対にネタバレされずに見てほしいと言われた開拓クエストやる【崩壊スターレイル】【雑談】
1347,イトシンTV【将棋棋士】,,34100,2026-09-05,0.05,1.0,アクション（横スクロール）,残す,,https://www.youtube.com/channel/UCKCp5FR-XGHPXFTIXWejObQ,帰ってきた【指導対局ライブ】あなたの挑戦を待っています！将棋ウォーズ指導棋士
1348,【ゆっくり実況】レトロゲームのハナタレわんぱく堂,,33900,2026-08-21,0.0,1.0,,外す（ゲーム動画なし）,,https://www.youtube.com/channel/UCJ5zJkNLSR9B4bES24I1LBw,【ファミコン】スーパー魂斗羅【ゆっくり実況】コントラ再び
1349,はちまるの犬小屋,,33900,2026-09-20,0.55,1.0,シミュレーション,残す,,https://www.youtube.com/channel/UCmGNxQsUCHmBR1d7b1h8-nw,プールに「客が増えるイス」を置きまくったら何人来るのか？【Waterpark Simulator】
1350,よし6【ゲーム実況者】,,33900,2026-09-22,0.83,1.0,タクティカル,残す,,https://www.youtube.com/channel/UCLxbxTFCcLU9d8O0-ktL8ew,🔴よし６が死んだら終わりの防具なしハードコア【初見さん歓迎✨】【マイクラ・マインクラフト】【統合版】 #minecraf
1351,もやし - ゲーム実況,,33800,2026-09-02,1.0,1.0,RPG,残す,,https://www.youtube.com/channel/UCyrrAvaCeWYtCX7nVXINdcg,【エンドフィールド】Ver1.5装備更新まとめ！オクギ＆ラストライト装備追加でアタッカー強化！新キャラのティフォロス装備
1352,夢咲ひぽぽ / Yumesaki Hipopo,,33800,2026-09-08,0.36,1.0,シミュレーション,残す,,https://www.youtube.com/channel/UC7r_ajmyUak6yNDhQe2mCMw,【八尺様がいた夏休み】身長２ｍ超えの美女とかば(約２ｍ)の夏休み【夢咲ひぽぽ】
1353,いっちゃん,,33800,2026-09-26,0.0,1.0,,外す（ゲーム動画なし）,,https://www.youtube.com/channel/UCV-U4kHMQGJMPytk151bUTQ,ぷにぷに 最近投稿したshorts動画まとめ！⑥【妖怪ウォッチぷにぷに】【10周年イベント】part46
1354,しらたきch,,33700,2026-09-30,1.0,1.0,RPG,残す,,https://www.youtube.com/channel/UC50nmqFXshROYRjtWH6bDwA,各地で現れる名人様「トルネコおじ」とは【トルネコの大冒険】
1355,あおそら 借金ニートVtuber ,,33300,2026-09-22,0.0,1.0,,外す（ゲーム動画なし）,,https://www.youtube.com/channel/UCXJuZfZydXQ_Vxxz3XfZczg,【初見来い】借金ニートの初見乱獲配信。無職【あおそら】【Vtuber】#vtuber #新人vtuber #雑談
1356,せしるおじさん,,33300,2026-10-03,0.92,1.0,ストラテジー,残す,,https://www.youtube.com/channel/UCAFeYu00QQNfNKAGS_9IZ9Q,【AION2】20年ぶりにアイオンやるぞぉお！PC版
1357,サントスch,高田村,33300,2026-08-26,0.8,0.9,ストラテジー,残す,,https://www.youtube.com/channel/UCzaL_RcQ8LBfIFm_O0cqheA,【高田村】夏の日中にテニスはすべきではない【Among Us/2026.8.26】
1358,team RNH【太鼓の達人】,,33100,2026-09-13,0.56,1.0,,残す,,https://www.youtube.com/channel/UC8yb9FZ-sZ41BMQ1Hf_sflg,達人3曲目到達目指す　Player：もーす
1359,くまのりんご Kumano Ringo,,33000,2026-08-28,0.89,1.0,RPG,残す,,https://www.youtube.com/channel/UCx3B_B0b3ultNjMPuofXzrg,【FF6】完全初見！最高傑作と名高い「ファイナルファンタジーⅥ」を初見プレイ！【VTuber/FFⅥ/FINAL FAN
1360,アオイゲーム【話題のゲーム紹介】,,32900,2026-08-28,0.45,1.0,アドベンチャー,残す,,https://www.youtube.com/channel/UCw9KIulF701ge2zv42udkjQ,【緊急】ゼルダ新情報、近日公開か？Switch2版ドラゴンズドグマ2先行プレイ！GTA6が30FPSだと話題に！
1361,みつき,,32900,2026-08-29,1.0,1.0,シューター,残す,,https://www.youtube.com/channel/UC2ryeSqlQw-RWnCxQ53-3Fw,【#ストグラ】闇医者のこんがらがった人事周りを整理し、候補者の懸念点を直接本人に確認する三島みつー【みつき/GTA5】
1362,ManA,,32700,2026-08-23,0.9,1.0,シューター,残す,,https://www.youtube.com/channel/UClkRMtCj0EE8XsU5G0eW2wQ,【GTA5 検証】レスターがくれたメガネカメラで色々すり抜けられる件を調査しました（宝石店の調査）
1363,カザカミ【マインクラフト】,,32700,2026-08-21,0.94,1.0,,残す,,https://www.youtube.com/channel/UCWKN39b_KcB6Ppw8YkQPvqA,予算が足りなすぎる世界 #マイクラ #ゆっくり実況 #マインクラフト
1364,余熱👾【ポケカの人】,,32700,2026-09-27,0.0,1.0,,外す（ゲーム動画なし）,,https://www.youtube.com/channel/UCMYwhgLNhl3rmezrO-QI61A,【ポケカ30周年】新エラー青艶ルギアを狙って30周年BOX開封 #ポケカ #ポケモンカード #ポケカ30周年 
1365,Kyoka Ch. -響架-,,32600,2026-09-20,0.5,1.0,,残す,,https://www.youtube.com/channel/UC37P2To-pPbd11ocMZ9SyWg,🎮｜ #スト6 ｜魔境ダイヤ5に苦戦中…。アレックスを信じて頑張る!! ∞ 響架
1366,みかげドリーム!!,,32500,2026-08-27,0.0,0.0,,要確認（長尺動画なし）,,https://www.youtube.com/channel/UCbHWlA9XWyt16rfZbqMFM-w,
1367,すわ,,32400,2026-08-27,1.0,1.0,シューター,残す,,https://www.youtube.com/channel/UCDswG4JuBr8-mqXlf9YDJ6g,【EFT】迷宮へ突入！一人で全てを貪り尽くす豆への悲劇編【ずんだもん】
1368,アゴアニキ,,32400,2026-08-28,1.0,1.0,,残す,,https://www.youtube.com/channel/UC-crf_LahMvQwn-IoZhrrbQ,【スト6】MR1974 髪の毛が片方だけ長い奴は勝てる説【マリーザ】
1369,三人称チャンネル【切り抜き】,,32300,2026-08-28,0.0,0.0,,外す（切り抜き）,,https://www.youtube.com/channel/UC23V9KgoPGO3MnimmJ0Z9jg,
1370,せな切り抜きvampire【さまはたはたやたわ】,,32200,2026-08-19,0.0,1.0,,外す（切り抜き）,,https://www.youtube.com/channel/UCLWhR2SfKrlPMVJgpJX4n7Q,せなの雑談ダイジェスト【2026/08/17】
1371,永久師範代しんすけのゲーム実況塾。（しんすけのゲーム実況。）,亀戸組,32200,2025-03-04,0.0,0.9,,外す（1年以上更新なし）,,https://www.youtube.com/channel/UC0S0AcruZBevw_vwSQklkGw,しんすけの近況報告２０２５年３月４日
1372,極限リミットTV※高岡,,32100,2026-09-22,0.0,0.0,,要確認（長尺動画なし）,,https://www.youtube.com/channel/UCnX_6DN6nogoBoMKdQwxYYw,
1373,らいらい【RaiRai】,,32100,2026-09-23,0.31,1.0,アクション（横スクロール）,残す,,https://www.youtube.com/channel/UC1m_D5LXP44L7Qd7F0x2HgA,【神展開】実験生物を集めていたら超激レアDivineが出現！？最後の1個で奇跡が起きたｗｗ【ロブロックス｜Steal a
1374,ほとんどホラーゲーム実況ですが何か?,,32000,2026-08-29,1.0,1.0,シューター,残す,,https://www.youtube.com/channel/UCZ9baV335FyJiNa4IExtoQw,#2【Aliens: Fireteam Elite 2】完全初見ソロ…！四方八方から襲いかかるゼノモーフの大群を相手に生
1375,きらり☆ももんが,,31900,2026-08-28,0.33,1.0,アドベンチャー,残す,,https://www.youtube.com/channel/UCn-mCuYyJQpRTxf14tPcxkA,【バイオハザード　PS1】クリスさんなにしてたか気になる！！ #3【Vtuber きらり☆ももんが】
1376,ひろしまのあきら,,31900,2026-10-03,1.0,1.0,,残す,,https://www.youtube.com/channel/UCG7objmbeUNnu0AoZA19Fwg,10/3【SF6】あきんぐすべがらでPCwatch杯！
1377,フェンリっち(Fenritti)FGC,,31700,2026-08-28,0.25,1.0,格闘,残す,,https://www.youtube.com/channel/UCKE0TeUuVIObmVBP95bqAig,軽く闘魂します！
1378,空姫マリン / Sorahime Marin,,31700,2026-09-13,0.0,1.0,,外す（ゲーム動画なし）,,https://www.youtube.com/channel/UCTd5cE0klCW_FlSMLiPptaQ,【歌枠】夏の終わりの歌枠🏝️🫧 #初見さん大歓迎【空姫マリン/個人Vtuber】
1379,瀬尾カザリ / Ceo Kazari,Neo-Porte,31500,2026-08-20,0.5,1.0,シューター,残す,,https://www.youtube.com/channel/UCNGMMdEgYIUR6rC44v9aZ8w,【スト6】指示厨大歓迎 絶対にヘラらない男のプラチナへの道(G2～)【瀬尾カザリ / ネオポルテ】
1380,えんてぃ / Enty,,31500,2026-08-27,1.0,1.0,RPG,残す,,https://www.youtube.com/channel/UCWCNac9zs-Ikaia7a9QkM0Q,対カサンテ最終兵器、ヴェインを後出しして勝利を確信するえんてぃ【リーグオブレジェンド/LoL】
1381,【毎日ルーナ姫切り抜き】うまいささみ,,31500,2026-08-29,0.0,0.0,,外す（切り抜き）,,https://www.youtube.com/channel/UC_ZRBXpeil1wBnGF80UXxkg,
1382,2択のセカイ,,31400,2026-10-07,0.0,1.0,,外す（ゲーム動画なし）,,https://www.youtube.com/channel/UCgKbtXrKSl_vJgO2NGEMKXg,【みんなで二択！】どっちがマシ？コメントで投票、AIのマヨイが多数派を当てにいく二択ライブ（10/7）
1383,ゆっくりイチさん,,31200,2026-09-18,0.2,1.0,シミュレーション,残す,,https://www.youtube.com/channel/UCprKmVbreyYOirir_qS23tw,歴史に忠実な弥助のゲームが神BGMと共に帰ってきた【Yasuke Simulator】【ゆっくり実況】
1384,趣味男(ｼｭﾐｦ),,31200,2026-09-20,0.0,0.0,,要確認（長尺動画なし）,,https://www.youtube.com/channel/UC5_RPp538TJhjeKsDP8EBYw,
1385,Naru / なる,,31100,2026-09-13,0.0,0.0,,要確認（長尺動画なし）,,https://www.youtube.com/channel/UCwGyRWvBrP0KRXkRI0LOLoA,
1386,憂世いう / uise iu,,31000,2026-09-17,0.33,1.0,アドベンチャー,残す,,https://www.youtube.com/channel/UCkIKFUq55-oUsVsOUGQ7qXA,❤︎ ASMR KU100┊んー？♡ やめないよ..？♡ すきすき愛情いっぱい💗 なでなですりすり寸止め我慢睡眠耐久♡ 
1387,ぶいろぐ2nd!!,,31000,2026-09-23,0.0,0.0,,要確認（長尺動画なし）,,https://www.youtube.com/channel/UCZ_Gm9ipdFovmM8Pf9f-_Ww,
1388,花束 ゆいは / Hanataba Yuiha,,31000,2026-10-02,0.43,1.0,RPG,残す,,https://www.youtube.com/channel/UCRGoi4YW5afhZukGo3P8H_Q,【 #ジージェネ 】🔥ハフバ1.5周年ガチャ🔥全力豪運ガチャ！気合いの100連引くよ！【 ジージェネレーションエターナル
1389,善悪菌,,30900,2026-09-01,1.0,1.0,,残す,,https://www.youtube.com/channel/UCf2A3kWQwZJmGdvK1xOcL6w,善悪菌の質問に対する回答がテキトーすぎるneth【ヴァロラント/VALORANT】
1390,ユノ・ミハナダ / Yuno Mihanada,,30800,2026-08-28,0.43,1.0,ストラテジー,残す,,https://www.youtube.com/channel/UCRAP6PI9-BnPH3tYqWy1NKA,VTuberが学校の先生に!?オープンキャンパスの特別講師を務めた様子をお届け！
1391,ぺちょん,,30800,2026-09-12,0.55,1.0,RPG,残す,,https://www.youtube.com/channel/UCPBkqoMv2sQzsajg0Dy95gA,【ロマサガ3フルリメイク】調整＆変更が神。サラ関連/カタリナ揃う/シナリオ補填/追加キャラ/コマンダー村長/教授の歌【R
1392,Shairu.chしゃいる,,30700,2026-09-02,0.0,1.0,,外す（ゲーム動画なし）,,https://www.youtube.com/channel/UCe_8qM8Wk4cU5oD3WO07gZg,【#歌枠/#karaoke  】定期うたわく～！！【#個人勢vtuber/しゃいる】
1393,人気のあのゲームをまとめたよ【2ch反応集】,,30700,2026-09-07,0.0,0.0,,要確認（長尺動画なし）,,https://www.youtube.com/channel/UCjhr1CeymBily-szqzbHssw,
1394,Ao WuWu Ch.【V4Mirai】,,30700,2026-09-27,0.82,0.91,シューター,残す,,https://www.youtube.com/channel/UCXxakVxNmVfFEu1zuU9JmMQ,『 マダミス 』ホームズ視点「J・モリアーティの暗躍」Sherlock Murder Mystery Night 🔍 H
1395,せんと / Cent,,30700,2026-09-28,0.8,1.0,アドベンチャー,残す,,https://www.youtube.com/channel/UCmy64nebmq07H8nHw4K0OWA,【ダビスタ2】リスナーの名前を馬につけて遊ぶ
1396,たくみん,,30500,2026-09-01,0.0,1.0,,外す（ゲーム動画なし）,,https://www.youtube.com/channel/UC6Z0KHqmY6RQUpH5tzdyo9Q,【0831/雀魂】6アカウント目魂天 玉の間｜なんでも質問OK！見るだけで強くなる玉の間配信！【雀聖3 2575→】
1397,謎のGAMER コメ付き,,30500,2026-09-05,0.4,1.0,アドベンチャー,残す,,https://www.youtube.com/channel/UCzr7qfBYT8M_YEwC7iudRNg,【ゆっくり実況】 ゆっくりドラゴンフォース  レトロゲームをゆっくりがプレイする 【コメ付き】
1398,サブチぴょんぴょん,,30400,2026-09-10,0.94,1.0,RPG,残す,,https://www.youtube.com/channel/UCpuVSgupgphwhBNmNYhZsnQ,【鳴潮】意外なビルドでDPS大幅UP!?「景燃(じんらん)×モーニエ」解説★特殊な音骸採用とその理由やDPS比較/具体的
1399,Nogi's - のぎーず,,30300,2026-08-28,0.7,1.0,アドベンチャー,残す,,https://www.youtube.com/channel/UCSFcuf1pH63EFMK_G_MgxmQ,"【入院】事前準備をしっかり行ったので、入院生活は快適でした。(CeVIO,ゆっくり音声)"
1400,幽音しの Shino Channel - ななしいんく,ななしいんく,30200,2026-08-27,1.0,1.0,,残す,,https://www.youtube.com/channel/UCTbEua7o1f8I7EMBQlLjTpQ,【 #マイクラなつにっき 】１時間くらいのんびり雑談!!【幽音しの:ななしいんく】
1401,【スマホゲーム】アプリゲーム情報局シーサー,,30200,2026-08-30,0.0,1.0,,外す（ゲーム動画なし）,,https://www.youtube.com/channel/UC7LKaLYz8ITYoHj2HInVg1w,【おすすめスマホゲーム】今がはじめ時！2026年9月配信の面白い新作スマホゲーム10選【無料 神ゲー ソシャゲ】
1402,巨人ファン ぺり,,30100,2026-09-22,0.0,1.0,,外す（ゲーム動画なし）,,https://www.youtube.com/channel/UCoB_NYObZua72hbS7Ht6mkg,予感はいつも残酷に的中する、絶望のサヨナラ負け。
1403,式神ありす / Shikigami Alice,,30100,2026-09-22,1.0,1.0,,残す,,https://www.youtube.com/channel/UChO3gno1FhWlZ2RUkxO1YHg,【合流OK】「私こ〜ゆうのに弱いのよね笑」って言ってたから、4倍弱点で攻撃したら泡吹いてて草（義務マリカ終わったらぽこあ
1404,んそめの備忘録,,30100,2026-09-27,0.95,1.0,アドベンチャー,残す,,https://www.youtube.com/channel/UCMXXDfjkfvtAQq0CT1bYN5w,マイクラデスゲーム『スペクトピア』神視点 DAY4
1405,おののの妹子のゲーム徒然草。,,29900,2026-08-28,0.4,1.0,シューター,残す,,https://www.youtube.com/channel/UCkm1dVJoW8VRuUt4QGNyoug,【海のぬし釣り】船に乗って海へ！マグロ釣れるかな！？【完全初見プレイ SFC RPG】
1406,こめらちゃんねる,,29900,2026-09-22,1.0,1.0,シューター,残す,,https://www.youtube.com/channel/UCuVQkAh23SSkjW6IRMuFMZw,交換配信！【フォートナイト/ブレインロットファイト】
1407,羅々華セーラ-Raraka Sera-,,29800,2026-08-29,0.81,1.0,RPG,残す,,https://www.youtube.com/channel/UCVzwLEJkdBeVFYy7HALfWhQ,【#無限大ANANTA】やけに色気がすごいダウナー男性主人公が気になって仕方ない
1408,将棋情報局,,29800,2026-09-04,0.0,1.0,,外す（ゲーム動画なし）,,https://www.youtube.com/channel/UCAp9F2sJErzif3JB9xaLjfg,五段以上を目指せ！　15手詰の解き方
1409,HYBRID SENSE,高田村,29800,2026-08-28,0.94,1.0,シューター,残す,,https://www.youtube.com/channel/UCK42yU2_Hx7-uv6qDeLPA6g,【#ストグラseason2】熱量には熱量を!!たくみさんにラップのトラックを聞いてもらう!!【灰部理 秀人】
1410,きっとカット,,29700,2026-09-22,0.0,0.0,,要確認（長尺動画なし）,,https://www.youtube.com/channel/UCFeU34oYiLjgjdwhqgZMv3g,
1411,探究者ミステリーテイル,,29700,2026-08-09,0.1,1.0,シミュレーション,残す,,https://www.youtube.com/channel/UCJlzeb9OkDEdsaybIYTI8uA,【ウツロマユ】リリース当時大流行した人気インディー昭和ホラーの物語考察
1412,ちょんた【ブレインロット】,,29700,2026-09-24,0.0,0.0,,要確認（長尺動画なし）,,https://www.youtube.com/channel/UC4fciRXyedA8SkQXZYL-11A,
1413,【MDL】ゲーミングPC販売店,,29700,2026-09-28,0.5,1.0,シューター,残す,,https://www.youtube.com/channel/UCf-qOGq-CwTELq0zqxTjq2A,【厳選】ゲーミングPCを買ったら「まず入れるべき」ソフト10選
1414,エスターク先輩のゲーム実況【不思議のダンジョンch】,,29700,2026-09-29,0.95,1.0,RPG,残す,,https://www.youtube.com/channel/UCyIFDBpW2LAoAOAL8rYGQwQ,【トルネコ1】モンスター2倍マシマシと思っていたら…【トルネコの大冒険 ちょっとステキなリマスター 実況018】
1415,絵空事テレビ -ネオジパング支局-,,29700,2026-10-04,0.0,1.0,,外す（ゲーム動画なし）,,https://www.youtube.com/channel/UCZ0f4wLBoFyuo0Z2zkuj_Cg,偉人たちの格ゲー「ヒストリーファイター」【AIで作ってみた】
1416,AKYATのゲーム実況チャンネル,,29600,2026-08-26,0.1,1.0,シューター,残す,,https://www.youtube.com/channel/UCbd1fZV0-ghdviXUeoZ_Mdg,グラ外最弱と言われるロードブリティッシュで1コインクリアする動画 グラディウス外伝［PS］ （Gradius Gaide
1417,ゆーま【仮】,,29500,2026-08-28,1.0,1.0,シミュレーション,残す,,https://www.youtube.com/channel/UCyTfoOplYS7aLq1otlNi6CQ,イタリアCBガチャ1人当てるまで帰れません【efootball】
1418,ばんぶー,,29400,2026-09-13,0.89,1.0,シミュレーション,残す,,https://www.youtube.com/channel/UCiJ7IkhNRqEF93kDF4d9WAA,チケット料金を爆上げして強引に空港の黒字化に成功！【Cities: Skylines】#8
1419,まいにょん / Mainyon Ch.🍓,,29400,2026-09-20,0.8,1.0,,残す,,https://www.youtube.com/channel/UCsTx2xap-9eMs0kPJ5p8J1g,【昇格しちゃった】初めてのスパイガジェット生活2日目！【スプラトゥーン3】
1420,ゆっくりギア,,29300,2026-09-10,0.9,1.0,シミュレーション,残す,,https://www.youtube.com/channel/UCGEyVyuJ-SrHPTg-qqEfJhw,【How to Fish】最新アプデで前回の記録を更新した結果…【ゆっくり実況】
1421,earth mkwii,,29200,2026-08-31,1.0,1.0,レース,残す,,https://www.youtube.com/channel/UCd50qVPzt6kLRC0YPYXZv9Q,18年前のゲームで再現されたマリオカートワールド #1
1422,DEKU,,29000,2026-08-27,0.88,1.0,RPG,残す,,https://www.youtube.com/channel/UCSV8okzNDgKerRaxNx583tg,【リーグオブレジェンド】マスター目指す新シーズンADCソロQ
1423,コーミエの実況,,29000,2026-08-27,0.82,1.0,,残す,,https://www.youtube.com/channel/UCZP0d10hD3gUfYvZAEDl2MQ,【パワプロ2026】春の甲子園優勝してから考えようｗｗｗｗ入学式不安すぎるんだが・・・#18
1424,幕末志士の名場面,,29000,2026-09-21,0.0,1.0,,外す（ゲーム動画なし）,,https://www.youtube.com/channel/UClNrYXyHNCr-6mFn94mpoZA,【幕末志士18周年記念】中岡さんの絵の変遷【2020/10〜2026/08】
1425,かめだる,,29000,2026-09-10,0.65,1.0,RPG,残す,,https://www.youtube.com/channel/UC2b68VUW8L0Gwcl9x-17CQg,融和の時代 コードヴェイン2 / CODE VEIN 2【フルストーリー / ネタバレあり】｜観るストーリー動画
1426,コハード,,28700,2026-08-27,1.0,1.0,アクション（横スクロール）,残す,,https://www.youtube.com/channel/UCtYU2YIM2Xp8F7BQPY5HwYA,【神回】大勢のプレイヤーが二頭身になって暴れ回るゲーム『Fall Guys』を視聴者とプレイしたら…
1427,マハロです,,28700,2026-08-16,1.0,1.0,,残す,,https://www.youtube.com/channel/UCvPnPrrwrU3OD3Wyy8qgLUg,【検証】過去に仕掛けたトラップ、またハマる？？【マイクラ】
1428,ライムゲーム攻略動画,,28700,2026-08-28,0.0,1.0,,外す（ゲーム動画なし）,,https://www.youtube.com/channel/UCc-l_GsygYY6XOAqzpFI1CQ,【まおりゅう】強すぎ！加護ヒナタ、クロエ 使ってみた！ サポーター奥義でも余裕で21憶ダメージ！ / ヴェノムの闘破戦 
1429,はたの htn,,28700,2026-09-23,1.0,1.0,,残す,,https://www.youtube.com/channel/UCxvjXlAoi7VNbDGkPDzWojw,【パブロ4050】早起きは3300の雰囲気・・・【スプラトゥーン3】
1430,ガチスカのスーパーサブな俺達,,28700,2026-09-08,1.0,1.0,シミュレーション,残す,,https://www.youtube.com/channel/UCq-N3BKtcVS4i_pRBWpOmrQ,"イーフト実況者ぼくくんを1番知るのは誰！？第1回ぼくくん王！！！【eFootball,イーフットボール,イーフト】"
1431,チェーンバーン加藤,,28600,2026-09-19,0.27,1.0,シミュレーション,残す,,https://www.youtube.com/channel/UCd8k3Mg3H1jPfxXqAHj-8dg,グレイシアきた～～～！【ポケットモンスター バイオレット】#１４
1432,たんぽぽちゃん / 将棋アイドル,,28500,2026-08-27,0.11,1.0,シューター,残す,,https://www.youtube.com/channel/UCvgMIl03m56TuoBPCFIYHlQ,【囲碁】初心者が囲碁の基本から教わる配信【囲碁シル】
1433,えすかぺ【Brainrot】,,28500,2026-09-22,0.0,0.0,,要確認（長尺動画なし）,,https://www.youtube.com/channel/UCQEfH7ZAwd4gBZ52S5NsscA,
1434,アチーブ【ゲーム実況】,,28300,2026-09-03,0.08,1.0,,残す,,https://www.youtube.com/channel/UCItmQ5ICw1mx9I28dynPu9g,【ヒロアカUR】クロスオンでも勝てる！新スキル梅雨Switch版オススメチューニング&立ち回り&使い方解説【僕のヒーロー
1435,橙里セイ / Sei Channel【ななしいんく】,ななしいんく,28200,2025-04-02,0.0,1.0,,外す（1年以上更新なし）,,https://www.youtube.com/channel/UCBxw5bdrbKO7E60E4s3KgQg,ケセラセラ / Mrs. GREEN APPLE  (Covered by 橙里セイ)
1436,Tsubaki Ch. 九娥つばき,,28200,2026-09-15,0.19,1.0,パズル,残す,,https://www.youtube.com/channel/UCiMrvZ_l8lw42T8amrGCFNQ,【ガチ恋愛相談】第1回：ノンデリ三銃士、発足【九娥つばき/エアプロ】 #雑談 #chatting
1437,Kiki Channel / 紫水キキ【ななしいんく】,ななしいんく,28100,2024-06-23,0.0,1.0,,外す（1年以上更新なし）,,https://www.youtube.com/channel/UC3MBUvkVTI9p-p0be7y7TQA,【 歌ってみた 】あさひ / 花譜×佐倉綾音【 cover by 堰代ミコ & 紫水キキ 】
1438,S極N極GAMES,,28100,2026-09-03,0.0,1.0,,外す（ゲーム動画なし）,,https://www.youtube.com/channel/UC9ZH4_DP_kZ1ayviSMHwG1A,ウォッチ&超ニャンボ・超妖魔キャラなし：取り巻きステージ無特効攻略！！『五等分の花嫁コラボ』【ぷにぷに / 妖怪ウォッチ
1439,toona_san,,28000,2026-09-24,1.0,1.0,シューター,残す,,https://www.youtube.com/channel/UCMiTvnrz9e5wcQJTNMoG_UA,「フォートナイト」ワンピコラボ確定！衝撃なティーザーが大量公開…
1440,しばしば,,27900,2026-08-23,1.0,1.0,アドベンチャー,残す,,https://www.youtube.com/channel/UCP3EYiGg51pRLEH7rs8DC0w,【5倍速】大人気ホラーゲーム『青鬼』の3Dがガチで怖すぎる...【最恐 -AOONI-】Part3
1441,桜餅奈良【ゲーム実況】,,27700,2026-09-15,0.09,1.0,パズル,残す,,https://www.youtube.com/channel/UC4mL7qlJolbW1Jee9_a6Zrw,【崩壊3rdコラボ】無料レジェンド『Grau5.56-リタの薔薇』がミシック級！？CV:悠木碧さんが強すぎる【CoDモバ
1442,サボテンゆっくり実況,,27700,2026-09-27,1.0,1.0,,残す,,https://www.youtube.com/channel/UCXx6HPR0bB6cRFwcDmOkUBg,【Minecraft】恐竜世界で生きる！！part3【ゆっくり実況】
1443,大川 / Bact まとめ,,27600,2026-08-29,0.0,0.0,,外す（ゲーム動画なし）,,https://www.youtube.com/channel/UCVRIyjfUcxaL9mmlyvm7Y3Q,176(828)日目 体験最終日
1444,瑚白ユリ / Yuri Channel【ななしいんく】,ななしいんく,27500,2026-05-26,0.0,1.0,,外す（ゲーム動画なし）,,https://www.youtube.com/channel/UCGyywYAJd2O5Y7yUyr7qBRQ,【バイオハザード】# 4 エイダ編 コラボ【瑚白ユリ / 家入ポポ/ななしいんく】
1445,はりーシ結婚チャンネル,,27300,2026-09-22,0.18,1.0,シューター,残す,,https://www.youtube.com/channel/UC7qkxGwSnp35Vf6KLzhbwjw,【大泉洋】悪夢に何故か毎回出てくる大泉洋に恐れるはりーシ【結婚】
1446,もみじビーム,,27200,2026-08-28,0.4,1.0,,残す,,https://www.youtube.com/channel/UCpm4Q3I45eQFy7vpzc-jq1Q,【ぷよテト２】最強AI（25％+ハンデあり）との対決！！【個人勢Vtuber】#縦型配信
1447,キィホープ【キィのゲーム実況】,,26800,2026-09-27,0.11,1.0,パズル,残す,,https://www.youtube.com/channel/UC5aHG7rcO02XVJgmTrqXDUA,【ニート】バイトの面接落ちたのでホラゲー配信をします【Poppy Playtime Chapter 1】
1448,うめみ,,26700,2026-08-27,0.53,1.0,ストラテジー,残す,,https://www.youtube.com/channel/UCS2ySMUygqFLykj50ZYupvQ,開けるな開けるな開けるな開けるな【DBD】
1449,ザ・スーパー rePlay,,26700,2026-08-29,0.1,1.0,パズル,残す,,https://www.youtube.com/channel/UCZ6F8xN0FsXM78RqcAsBkWA,【ファミコン rePlay #228】エッガーランド　全部屋踏破でクリア
1450,青ハリ伍長そのもの,,26600,2026-08-28,0.07,1.0,,残す,,https://www.youtube.com/channel/UCVGWHuxtGvd3GEhc9eDCm2g,【ペルソナ3R】完全初見ペルソナ３R　最終回
1451,日向ましゅ / Mashu Channel【ななしいんく】,ななしいんく,26500,2026-08-26,0.41,1.0,シミュレーション,残す,,https://www.youtube.com/channel/UCBhfuPYgo5ALbn6WmTXwHwg,【 テニスの王子様 ドキドキサバイバル 】つぎは誰と恋しちゃう！？✨️💓※ネタバレあり【 日向ましゅ / ななしいんく 
1452,ぶるぶるまん,,26500,2026-08-21,0.3,1.0,RPG,残す,,https://www.youtube.com/channel/UCwBhz1_7HvoXnjG72j0j-vw,【ASA/アストレオス編】猛進する巨人、暴虐のソデスを撃破せよ！【ゆっくり実況】Part6
1453,けいたの動画保管庫,,26500,2026-09-16,0.07,0.71,アドベンチャー,残す,,https://www.youtube.com/channel/UCFS-GmKlAKYsUsi-MylN5uA,【maimai MAGiCAL】 裏皆伝 4曲目到達
1454,初雪セツナ | ホラー声優Vtuber,,26400,2026-09-10,0.39,1.0,アドベンチャー,残す,,https://www.youtube.com/channel/UCveY3QeKPLudsUQ64DjOOgA,【㊗PLAYISM公認】TGS2026出展タイトルも実況！新作ゲーム発表を一緒に見届ける！『PLAYISM GAME S
1455,ぷにお,,26300,2026-09-10,0.0,0.0,,要確認（長尺動画なし）,,https://www.youtube.com/channel/UC_g6tbc6zXHfXs7L4aHcUHw,
1456,りーふちゃんねる【ポケモンチャンピオンズ】,,26300,2026-09-26,1.0,1.0,格闘,残す,,https://www.youtube.com/channel/UC0PvXDTmrtgqVpZADhLi8jA,【ポケモンチャンピオンズ】こいつの硬さ異常だぞ…!?アローラペルシアンでガチランクマ配信!!!!【Pokémon Cha
1457,至難,,26200,2026-10-06,0.0,1.0,,外す（ゲーム動画なし）,,https://www.youtube.com/channel/UC7vEjdm4EFBGWkOOxxWR6bw,【土日定期配信】よつばくんとのコラボ動画みた！？/10月初めのあいさつを待ってます【至難/Shinan】
1458,ゆうしゃ,,26100,2026-08-28,0.45,1.0,TBS,残す,,https://www.youtube.com/channel/UCxZQ1RnERd9RpfedP5MLjZA,#45【実況】SFCスーパーロボット大戦EX【レトロゲーム・ゆうしゃ・スパロボ】
1459,なぺるチャンネル,,26100,2026-09-09,1.0,1.0,,残す,,https://www.youtube.com/channel/UCLbXvIAGHLrkQfQs6qEBQ5w,使うなら今しかない！【ポケモンチャンピオンズ】【ゆっくり実況】
1460,ジェヨンのゲームチャンネル,,25800,2026-08-27,0.0,1.0,,外す（ゲーム動画なし）,,https://www.youtube.com/channel/UCS9B0NebQclj_x7GU4fO07Q,まったり雪かき...んぇぇ(雪葬)
1461,シューレン,,25800,2026-08-27,1.0,1.0,,残す,,https://www.youtube.com/channel/UCNQ9GxfYhEMLNcBgWDQ3k5w,【超高難易度】Ver4.5アプデ更新！異相の仲裁ナイトステージ攻略解説【崩壊スターレイル】
1462,山紫水明のレトロゲームゆっくり実況CH,,25700,2026-08-22,0.15,1.0,RPG,残す,,https://www.youtube.com/channel/UCwFFxkQ0wSj8Z-RnWQLcm7Q,【レトロゲームゆっくり実況】牧場物語２　スローライフならぬスピードライフ！【NINTENDO 64】
1463,ナルチャンネル,,25700,2026-08-30,0.0,1.0,,外す（ゲーム動画なし）,,https://www.youtube.com/channel/UCk3iljAQU4bFyaI2_Q-iU0w,【DQタクト】「竜宮の乙女バーバラ」性能待ち枠！【#ドラクエタクト/#DQTact/#ドラゴンクエストタクト】
1464,馬人/うまんちゅ,,25600,2026-08-30,1.0,1.0,シューター,残す,,https://www.youtube.com/channel/UCz3RHL5ywkNFGkNi7nsrBWQ,【ストグラS2】ぱちおの件で署内からの嫌われ役をしようとするもキャップの思いに感動する署長【馬人/ジャック馬ウアー/スト
1465,鷺原鈴音【SagiharaRinne】,,25500,2026-09-23,0.79,1.0,,残す,,https://www.youtube.com/channel/UCiQPSLj6Zg2ERGdq3o8M87Q,【グラブル】光有利古戦場╎いんたーばる朝活╎極星器集めするぞ【#鷺原鈴音 / Vtuber】
1466,わど,,25400,2026-09-22,0.0,0.0,,要確認（長尺動画なし）,,https://www.youtube.com/channel/UCwDjWTkkQM1QgIEYPeJ1C2g,
1467,MCトラップクリップ,,25300,2026-09-26,0.0,0.0,,要確認（長尺動画なし）,,https://www.youtube.com/channel/UCp7cTcDm11SwBNF25sGYF7g,
1468,ほろおん!【ホロライブ観測所】,,25300,2026-08-23,0.0,0.0,,要確認（長尺動画なし）,,https://www.youtube.com/channel/UC-sBjwRFo90oVMr7PuVJ6DA,
1469,卯埜らび / Rabi Uno,,25300,2026-09-07,0.69,1.0,,残す,,https://www.youtube.com/channel/UCpPkVnKaAqg9_conr8qAZjA,【 鬼武者  Way of the Sword￤#04 】最新作✨シリーズ完全初見！大江山鬼殿へ行くど。【 卯埜らび￤ゆ
1470,Aace,,25300,2026-09-20,1.0,1.0,,残す,,https://www.youtube.com/channel/UC79CX9A4fpdV3UEUoClzUcw,"最高レート帯でも別格。""日本代表の実力""を魅せつけるAaceがこちら【VALORANT/バロラント】"
1471,モロトフカクテル ゲーミング,,25200,2026-08-19,0.45,1.0,ストラテジー,残す,,https://www.youtube.com/channel/UCkDVo7wrporgInsG4KJigNw,【不朽の名作】リアルすぎる経営シミュレーション【Capitalism Lab｜キャピタリズム】
1472,ネグレイ / negray8910,,25200,2026-09-12,1.0,1.0,,残す,,https://www.youtube.com/channel/UCDP4vaeUEMXRFMXb8EfUelQ,【ゆっくり実況】ゆっくりたちの守備が大崩壊！？ vs2023日本代表 [パワプロ2026]
1473,ろんげーむず♯,,25100,2026-08-18,0.71,1.0,インディー,残す,,https://www.youtube.com/channel/UC3u7jxLm5mqs1O6zD81FKVg,【ラジオ配信】ろんげーむず♯ラジオ！第9回【ろんラジ！】
1474,りんごのゲーム農園,,25100,2026-09-14,0.75,1.0,シミュレーション,残す,,https://www.youtube.com/channel/UCWd0vTW2nAZX0TenKAyBBkg,く、くるんじゃねえよこっちに！！【スプラトゥーンレイダース】【ゆっくり実況】
1475,あんりーん,,25100,2026-08-29,0.36,1.0,,残す,,https://www.youtube.com/channel/UC_2c2W860WwLhhKNG0urMOA,【スマブラSP】水着でメテオされたらスプラッシュ💦【視聴者参加型】
1476,SHAKAKINTV【総集編・切り抜き】,,25000,2026-08-31,0.15,1.0,シューター,外す（切り抜き）,,https://www.youtube.com/channel/UCvjrA8uVb9zL3ABpNM9V1xw,Rustで建築をミスり続け、最終的に自分の脳みそまで壊れるSHAKA【2026/08/29】
1477,ササキヒロム【ポケカプロ】,,24900,2026-09-28,0.0,0.94,,外す（ゲーム動画なし）,,https://www.youtube.com/channel/UC7TSsykSxp8wWoHvIzkwF8A,【ポケカ】時代は速攻！かぎづめハントで強化されたピッピポンでサイドレースに差をつけろ！
1478,ふるってぃ～,,24800,2026-08-29,0.25,1.0,,残す,,https://www.youtube.com/channel/UCuuXiry7Bzg28M2tOBInPUQ,[2026/9/6]【FF7リメイク】FF7 REMAKE実況#2
1479,ラッピー,,24700,2026-08-30,1.0,1.0,,残す,,https://www.youtube.com/channel/UCSkDBNYa-QR4hrr74LMQL8w,"【スプラ人狼】下手を演じてる""最強""を見抜く本格的なスプラ人狼を元世界一位二人が挑んだ結果が面白すぎたｗｗｗｗ【ラッピー"
1480,クマ=チャン･ダヨ,,24600,2026-08-27,0.5,1.0,,残す,,https://www.youtube.com/channel/UC1hxVn9QgUG4_WFtlnxP8mA,あの頃「感想文」が苦手だったお前に正解を教えます #クマチャンダヨ
1481,Taka斬り抜きチャンネル【公認】,,24600,2026-08-29,0.0,0.0,,要確認（長尺動画なし）,,https://www.youtube.com/channel/UCq8bKlzgH_zllQRb3A8h8gQ,
1482,ブルとチキンのゲームチャンネル,,24600,2026-09-08,1.0,1.0,アドベンチャー,残す,,https://www.youtube.com/channel/UC6A4qEs6RIKXv3foSyPZNJw,【紅の砂漠】火曜冒険クラブ集合！冒険の世界へ現実逃避しよう【Crimson Desert】
1483,衣織 梵 / Iori bon .,,24400,2026-09-22,0.25,1.0,シミュレーション,残す,,https://www.youtube.com/channel/UC_mL2kPtFKVtcMd778oiDeA,【2周年】お祝いバーチャルユーチューバー。【Vtuber】【雑談】
1484,佐藤 カイ,,24400,2026-08-27,0.21,1.0,,残す,,https://www.youtube.com/channel/UCnf8L_jnQk8qRRTmEUI4jJw,【#しょぼんのアクション】このゲームってクリアっていう概念あるのかな
1485,きさらぎ【下手ゲーム実況】,,24300,2026-09-22,0.63,1.0,,残す,,https://www.youtube.com/channel/UCKk74EznMs3e_dKt9Wzfynw,【スプラ3】こんなに真剣やのに #スプラトゥーン3
1486,こーくAちゃんねる,,24300,2026-08-28,1.0,1.0,,残す,,https://www.youtube.com/channel/UCJAdk0187kJ9qEfuWmce5qA,好リード降臨で始める前に大勝利確定の入学式&春のセンバツ【栄冠ナイン】【パワプロ2026】
1487,くもりざ,,24300,2026-08-29,1.0,1.0,ストラテジー,残す,,https://www.youtube.com/channel/UCyUBtdigo52Oocc00k1IeiA,死んだら一つ戻る全サバイバー脱出 Day21【DBD】
1488,ヴァヴァヴァ【VALORANT CLIP】,,24100,2026-08-28,0.0,0.0,,要確認（長尺動画なし）,,https://www.youtube.com/channel/UCISWk92AMJLF59sb8bbR67g,
1489,つきぞう,,24100,2026-09-04,1.0,1.0,,残す,,https://www.youtube.com/channel/UC6W5u36DHAgEZB4L5kuOkkw,【Minecraft】#3 序盤から体力1000越えのボスに遭遇！ ～強敵を撃ち滅ぼしてゆく魔術世界生活～【ゆっくり実況
1490,狼森メイ / May Channel【ななしいんく】,ななしいんく,24000,,,,,外す（取得できず）,,https://www.youtube.com/channel/UCRY0-zJ1pV4EiKUSLXCXTAg,
1491,みぃちゃんのゲーム実況ちゃんねる。,,24000,2026-08-27,1.0,1.0,RPG,残す,,https://www.youtube.com/channel/UCrooewY7xEMi1N8l-Hh4dtw,20【ドラゴンクエストI＆II HD 2D】ドラクエ1をやっていきます♪
1492,神野莉子(じんじん),,24000,2026-08-28,0.0,1.0,,外す（ゲーム動画なし）,,https://www.youtube.com/channel/UCFROaN5dGbTyhRrQ-gbgw-Q,【#雀魂 雀聖3】ポイントじょーじょー！【段位戦/神野莉子】
1493,無明遊者【イベント配信団体】,,24000,2026-10-03,0.89,0.95,,残す,,https://www.youtube.com/channel/UC6_rMQX2Djt8PKHmh6qCCog,"【スマブラSP】スマ王 2026#20 feat わしー,Licht,ノロ,yuba and more"
1494,孵卵リリス / Furan Lilith,,23900,2026-09-19,0.81,1.0,RPG,残す,,https://www.youtube.com/channel/UCvRXLcJYksX58Y7LBAKFy5Q,TGS2026の話しながら世界一チルいワイルズをする【 モンスターハンター ワイルズ / mhwilds 】
1495,ましろ,,23900,2026-10-04,1.0,1.0,ストラテジー,残す,,https://www.youtube.com/channel/UC-hr5H4JZobxo58BsDN1A9g,【DBD】20連勝目指してピッグ 43日目【528勝～】
1496,ホロスクエア【ホロライブ切り抜き】,,23800,2026-09-22,0.0,0.0,,外す（切り抜き）,,https://www.youtube.com/channel/UCT-egXZkwgjZdwlSaDIlURg,
1497,ほいみぃ,,23800,2026-09-04,0.95,1.0,ストラテジー,残す,,https://www.youtube.com/channel/UCBAWdQ5ffVjv_bKiSAWOlQA,【DBD】エンブレム意識してやりましょう【デッドバイデイライト】
1498,CIS･Channel   ,,23800,2026-09-08,0.25,1.0,,残す,,https://www.youtube.com/channel/UCa6EPCxcdXzNpYqBKiF-mpA,【♯雑談】　にじさんじのイラスト描くぞ～！お絵描き作業　　♯CIS #drawing
1499,arare,,23600,2026-08-14,0.9,1.0,,残す,,https://www.youtube.com/channel/UC_qPvavazfQxv7lU-6ltN2w,【ARK/ASA】30日間縛りでジェネシスの海・火山・沼地・月面バイオームを探索！？新生物が優秀過ぎる！！！
1500,るるゲーム,,23600,2026-08-30,1.0,1.0,ストラテジー,残す,,https://www.youtube.com/channel/UCI4sJGfpJaa15xWM8D78pAg,最強の四天王 対エイリアン編【にゃんこ大戦争】
1501,はるみんHQ,,23600,2026-09-24,0.15,1.0,ストラテジー,残す,,https://www.youtube.com/channel/UC-A12Ldn5svWCI-s-J3uE8Q,【はるみんHQ】はるみん学芸会お疲れ様でした！久しぶりに生配信で質問にお答えします
1502,ななし,,23600,2026-09-29,0.86,1.0,,残す,,https://www.youtube.com/channel/UC_VJhHxt8iovidemoPdozfQ,人生初イザナギLv3に善戦するモンスト界のスーパールーキー【0からモンスト】
1503,くろぽんず,,23500,2026-09-18,1.0,1.0,,残す,,https://www.youtube.com/channel/UCO2dCU2WPaFLoVIbJof_QMg,雑談ロボットVIP【スマブラSP】
1504,猫ヶ谷なすび / Nekogaya Nasubi,,23400,2026-08-29,0.74,1.0,RPG,残す,,https://www.youtube.com/channel/UCP6jqkBOa36E6oqR7EMMkQg,【鬼武者 Way of the Sword】体験版✨シリーズ完全初見！発売間近の新作鬼武者を遊んでみる🔥【 #猫ヶ谷なす
1505,ドチタオ,,23400,2026-10-06,1.0,1.0,RPG,残す,,https://www.youtube.com/channel/UCLkdQmqg8qiCL_XuumB7SZA,エルデン地面貯金理論により無限かぼちゃ戦車ループが始まってしまうドチタオ【エルデンリング/ELDEN RING Tarn
1506,ぶいすぽ生活PLUS,,23300,2026-09-22,0.9,1.0,シューター,残す,,https://www.youtube.com/channel/UC3jDfDIwr8gq3GJCRaypiag,【八雲べに】べにが怪力と知って何故かありさんまで優しい森の妖怪になるありさかに爆笑するべにコフｗ【八雲べに、猫麦とろろ、
1507,鈴木すず,,23300,2026-09-03,0.0,1.0,,外す（ゲーム動画なし）,,https://www.youtube.com/channel/UCS5c0U2F6W4J02qc_E-Cccg,【ウイコレ】エターナルvol3使用感フレマ生放送やるんでい！！！
1508,なかお,,23300,2026-09-12,0.06,1.0,格闘,残す,,https://www.youtube.com/channel/UCuxXGm_2oXyInlsoMnFODqw,【ヒロアカUR】俺たちは格ゲーマー w/かずのこ・大谷【僕のヒーローアカデミア ULTRA RUMBLE】
1509,ドナッツ,,23300,2026-09-13,0.0,0.0,,要確認（長尺動画なし）,,https://www.youtube.com/channel/UCPMcn9kbQszv_NZ0-Vor6eg,
1510,寝落ち,,23300,2026-09-23,0.05,1.0,パズル,残す,,https://www.youtube.com/channel/UC_q-9QZtnuCs3lWNPjlVLXQ,【ASAゆっくり解説】アストレオス中ボス(ミニボス)解説！
1511,もけあそび!,,23300,2026-10-03,1.0,1.0,,残す,,https://www.youtube.com/channel/UCZF4SwemG9IaEJcJUyvtk-Q,【スト6】アルジュンのCPU対戦動画を徹底調査！公開された情報から見えてきた新キャラの姿とは…！？【ストリートファイター
1512,丹下琴絵・tange kotoe CHANNEL,,23200,2026-08-27,0.33,1.0,RPG,残す,,https://www.youtube.com/channel/UCWTqb6eqETZ_DjMxrUWX0uw,これからの旅は「熊本」がアツい！応援割りとか見ていこうぜ！
1513,ふなふな,,23100,2026-08-27,1.0,1.0,,残す,,https://www.youtube.com/channel/UCw841XbLQwDwYXXhi4pBwVQ,辰己にも広角が付いたけど守備力C60ってなんだよ！！でも！！打感良すぎてマジで強かったよ！！【パワプロ対人】
1514,amiami Hobby Channel,,23100,2026-08-28,0.56,1.0,アドベンチャー,残す,,https://www.youtube.com/channel/UCKmQEkVYCNCvQWxRknmApLQ,《Left Not Right》宮下早紀のStreaming Club（第93回配信）
1515,トラミカン,,23100,2026-09-28,1.0,1.0,RPG,残す,,https://www.youtube.com/channel/UC9SZ-JLgRjPHS7WKbub9-SQ,【崩壊：スターレイル】パール実装！！どんな感じ？？【Honkai: Star Rail】
1516,立花恋 -Tachibana Ren-,,22900,2026-08-28,1.0,1.0,パズル,残す,,https://www.youtube.com/channel/UCocE0IONl_MJwDwMgotC2eQ,【50本先取】最強の視聴者が現れたので、全力で迎え撃つ【TETR.IO】　#縦型配信 #vtuber #個人勢vtube
1517,gallope-ぎゃろっぺ-,,22900,2026-09-04,1.0,1.0,アクション（横スクロール）,残す,,https://www.youtube.com/channel/UCge_BOwWWYmaaw-X-AcYkEg,スクワッドで遊ぶよ！初見さん初心者さん大歓迎！【スナイプ参加型】【FallGuys/フォールガイズ】
1518,暁月ホタル AKATSUKI HOTARU,,22900,2026-09-13,0.81,1.0,シューター,残す,,https://www.youtube.com/channel/UCIzgC9UfhG8eEbH7N5BBBWA,【DAY110】ムーンカップライブ！⚓帆立ほたるのばりばり掛け持ち社員生活【#ストグラSeason2】
1519,JoyJoy MAX,,22800,2026-08-26,0.0,0.94,,外す（ゲーム動画なし）,,https://www.youtube.com/channel/UCEpHdJCvTRw-E6rIjlYwRig,【初見プレイ】ポケモン不思議のダンジョン空の探検隊 その3【実況プレイ】
1520,常闇トワ切り抜きch【ホロライブclipメイン】,,22700,2026-08-28,0.0,0.0,,外す（切り抜き）,,https://www.youtube.com/channel/UCcTRajXgDrNshd7ag428yEQ,
1521,もつ,,22600,2026-08-27,0.4,1.0,RTS,残す,,https://www.youtube.com/channel/UCkXTYxC7EaQR13K5m6wR0Xw,【Tropico6】#8 琴葉茜の慰謝料出稼ぎ物語 第一章「世界遺産、拝借！」【VOICEROID/ゆっくり実況】
1522,ジョカ,,22600,2026-09-22,0.0,0.0,,要確認（長尺動画なし）,,https://www.youtube.com/channel/UCIlo8acPSIjh_jwpfSfKZ0w,
1523,ホロレポ【ホロライブ切り抜きch.】,,22600,2026-09-07,0.0,0.0,,外す（切り抜き）,,https://www.youtube.com/channel/UCE5q6Ad_LHBqDr2vdJWpM4Q,
1524,たろわん。,,22500,2026-08-28,0.5,1.0,アクション（横スクロール）,残す,,https://www.youtube.com/channel/UCJk7yr8-2ccphJs6Iya9TGQ,【幻想水滸伝 STAR LEAP】交換所で各種コインのお勧めの品！ヒスイのピースは交換すべきか！？【スターリープ】
1525,こっぷ,,22400,2026-09-22,1.0,1.0,シミュレーション,残す,,https://www.youtube.com/channel/UCwz8NcnSpPXJG7PRB-iYLPA,クロスで相手を騙してみた 【eFootball】
1526,ニコニコニュース文化部,,22400,2026-09-24,0.08,1.0,シミュレーション,残す,,https://www.youtube.com/channel/UC9i9MykBsGU1wAPRmbW9Tsw,【怪談×民俗学】キジムナー、ワングヮー・マジムン…沖縄に伝わる妖怪 夕暮れのビーチに響く猫のような鳴き声【沖縄】#56
1527,Steam回遊 / ゲーム紹介,,22300,2026-08-05,0.05,1.0,ストラテジー,残す,,https://www.youtube.com/channel/UCBJ8mClj_dkRg2sl1ZgNreQ,【新作】ロマン溢れるゲームが爆誕！ロマンを買おう！【面白そうなSteam新作ゲーム10選】
1528,エクスタシー配信クリップ,,22300,2026-09-22,0.0,1.0,,外す（ゲーム動画なし）,,https://www.youtube.com/channel/UC47n9TEkQ18inVkTSdu4hHQ,本物の王を決めようぜ!!【猛者キンクル集-Part1-】　　　　　　　　　　#エクスタシー
1529,あまくだりアークナイツ,,22300,2026-09-02,0.65,1.0,RPG,残す,,https://www.youtube.com/channel/UCnvHDvBQDIUlacHyI_6tPcQ,ティフォロス完凸するぜ【アークナイツ：エンドフィールド】
1530,ホロステップ,,22300,2026-09-24,0.0,0.0,,要確認（長尺動画なし）,,https://www.youtube.com/channel/UCqaVNKc8tPpg2N3BdLGw5Nw,
1531,ルーツ,亀戸組,22300,2026-07-06,0.05,1.0,,残す,,https://www.youtube.com/channel/UChZcnf-K-_fgpBWdQNZAh4g,亀戸めっちゃカメレオン部
1532,TheJoCraft 2,,22200,2026-08-28,0.9,0.0,シミュレーション,外す（日本語の配信ではない）,,https://www.youtube.com/channel/UCDDHWJ9Azk4m2KRKo_rOGSA,ICH liebe diese PRANK IDEE für CRAFT ATTACK 14 #thejocraft #
1533,よも木 / yomogi,,22200,2026-08-27,0.79,1.0,RPG,残す,,https://www.youtube.com/channel/UCRCMp2mFx40FKcfxtjXIr8Q,【同時視聴】金曜ロードショー「8番出口」を一緒に見よう！！！
1534,みっチャンネル/Red,,22200,2026-08-29,0.38,1.0,アドベンチャー,残す,,https://www.youtube.com/channel/UCGJ2dndGbS_tdRD6E1XO93Q,【LIVE】すごい所からでも勝てちゃうドラゴン【Shadowverse: Worlds Beyond/シャドバ】
1535,P channel,,22200,2026-09-11,1.0,1.0,,残す,,https://www.youtube.com/channel/UCTETg6e0_fQO57ywoBDS3AA,[2/3] Combo Contest 2026 (scoring & Analysis by Prince)【コンボコ
1536,藍月すりっぷ -Aotsuki Slip-,,22100,2026-08-26,0.5,0.89,アドベンチャー,残す,,https://www.youtube.com/channel/UCiwe5WIeZVU7lPuyIFbJUdA,【How to Fish】釣って撃って 藍月支店
1537,こなっちゃんねる,,22100,2026-09-22,0.08,1.0,,残す,,https://www.youtube.com/channel/UCs2AhK4b_hLJU4NPEgb1VFA,【耐久/参加型】初見歓迎！誕生日366日集めるまで終われません！【雑談/FreeTalk】
1538,ぶいすぽ暮らし,,22100,2026-08-27,0.0,0.0,,要確認（長尺動画なし）,,https://www.youtube.com/channel/UCve_e5k_BPNKKZtFaPJDkJQ,
1539,びーだまのレトロゲーム【ゆっくり実況】,,22100,2026-08-23,0.0,1.0,,外す（ゲーム動画なし）,,https://www.youtube.com/channel/UCtQje_k4uW-Sf9u-gTFwxQw,【レトロゲーム】50試合もやるの!? サッカーなのに全員ぶっ飛ばす『バトルサッカー フィールドの覇者』【ゆっくり実況】
1540,マイルドなH.O,,22100,2026-08-28,0.13,1.0,,残す,,https://www.youtube.com/channel/UCMIE9z9fdcj_qvKZJ3Lpglw,300連勝とか行っちゃっていいやつなんですか？　250～
1541,あかほし,,22000,2026-08-28,0.63,1.0,レース,残す,,https://www.youtube.com/channel/UCTUmc6IeGvBQRQI9jx7NTbw,『ソニックレーシングクロスワールド』レアアイテムボックス祭りが楽しすぎ！！クレイジータクシーフェスタ開催！！【ゆっくり実
1542,ぬこれのレトロゲーム解析室【ゆっくり解説】,,21900,2026-08-29,0.1,1.0,ストラテジー,残す,,https://www.youtube.com/channel/UC9dhpsMIzUUVlv-p-TRtC9w,【レトロゲームゆっくり解説】サイコのみでOK sdガンダムジェネレーショングリプス戦記 【スーパーファミコン】【SFC】
1543,葛籠おり / Tsuzura Ori,,21900,2026-09-24,0.45,1.0,RPG,残す,,https://www.youtube.com/channel/UCgyxG91nNr1hO4nsu2b6GxQ,【うたわれるもの 二人の白皇】完全初見！再び起動したアマテラス、どうなる？！名作ノベル+SRPG三部作最後の作品！🔴18
1544,SCOREの格ゲー人生,,21800,2026-08-28,0.75,1.0,格闘,残す,,https://www.youtube.com/channel/UCe8cFs7sI7EpDAsXXVjDfwQ,【餓狼CotW】期待のDLC「ダック・キング」チェック2日目…！※ストーリーネタバレあり
1545,南瓜ぐてぃ with 西瓜@アクションゲーム ch.,,21800,2026-08-26,0.0,1.0,,外す（ゲーム動画なし）,,https://www.youtube.com/channel/UC3gGHEKYEghgjRLojiP2DuA,【ゆっくり実況】ダクソRe バグなしトロコン分割TA #6（墓王チャート）【南瓜ぐてぃ】
1546,うおうおちゃんねる さかなじょうゆ,,21800,2026-08-29,1.0,1.0,,残す,,https://www.youtube.com/channel/UC0TOVRqRVGARXitK8GNqv7A,【ゼンゼロ】「クラレッタ」の3Dモデルが神改善！変わった点をまとめて紹介するンナ【ゼンレスゾーンゼロ】
1547,彗月るい Hazuki Rui,,21700,2026-08-29,0.82,1.0,RPG,残す,,https://www.youtube.com/channel/UCrv1rxP_XqrEeaEREB7dzFQ,【MOTHER3】#6 完全初見！4章やっていこう！いつの間にか3年がたったらしい…💭奇妙で、おもしろい。そして、せつな
1548,めだかゲーム　medakagames  信長の野望　武将風雲録,,21700,2026-08-16,0.0,0.0,,要確認（長尺動画なし）,,https://www.youtube.com/channel/UC2xpBB214qoeWHcH-WB96og,
1549,せーたろー,,21700,2026-09-29,1.0,1.0,RPG,残す,,https://www.youtube.com/channel/UCgOBTWFJZggaYcsDqT9SyHg,完全初見！月立つ前に獣と踊れ 崩壊スターレイル ＃46
1550,うが / マイクラ建築,,21700,2026-10-02,1.0,1.0,,残す,,https://www.youtube.com/channel/UCPqrIvS6LYOXa348ZucLDAg,【#homeクラ 】今日こそ進捗？~day55~【マイクラ】
1551,Twigz,,21600,2026-09-23,0.0,0.0,,外す（ゲーム動画なし）,,https://www.youtube.com/channel/UCI9hQu-KFEAPorSZ8JD7VBg,Brimstone lineups & odin ares only #0 brimstone NA
1552,まんじゅうもみじ【フォートナイト】,,21600,2026-09-22,1.0,1.0,シューター,残す,,https://www.youtube.com/channel/UCKpK5Bvlu1t_OL_TB1B2kcg,元から強かったスカーがさらに強化されて帰ってきた！！！【フォートナイト/Fortnite】【ゆっくり実況】【チャプター７
1553,トリトト,,21600,2026-09-15,0.75,1.0,RPG,残す,,https://www.youtube.com/channel/UCsc8cbVHUhKMFMbEXKzMCOw,【Warlord Awaji】淡路島を制圧！ゆるく楽しむ武将生活【ゆっくり実況】
1554,レトロゲームクエスト,,21500,2026-08-22,0.1,1.0,アクション（横スクロール）,残す,,https://www.youtube.com/channel/UCvMIr_5qb4vRrRAEZflzVaw,【レトロゲーム】素材集めが攻略の鍵？！ハンターハンター 幻のグリードアイランドをクリア　中編【ゆっくり実況】
1555,ゲーム実況シス,,21500,2026-08-29,0.4,1.0,,残す,,https://www.youtube.com/channel/UCfIxpxExQU-GYGcF7QVHgow,【ゼノブレイドDE】フィオルンを取り戻す旅が始まる！と思ったら高速のソニードにフルボッコにされる我々【初見実況】#29
1556,メロジカ,,21500,2026-09-19,1.0,1.0,,残す,,https://www.youtube.com/channel/UCPOaXJdFR1hujqD2TVpFXGA,【崩壊スターレイル】Ver4.5高難易度攻略できてない人集合！どんなキャラ使ってる？
1557,絶滅危惧種のバンプ bump1p,,21400,2026-09-06,1.0,1.0,シューター,残す,,https://www.youtube.com/channel/UCBpK_1RufBI_vBT8PV4js0g,【タルコフ】ラビリンス行くか 質問◎　#escapefromtarkov
1558,れお太郎ch,,21300,2026-08-23,0.78,1.0,ポイントクリック,残す,,https://www.youtube.com/channel/UCVlqWehw26HXhkExQJFiyHQ,【ハードコア】テイム禁止でオバフロカンスト「マグマサウルス」との死んだら即終了のドラゴン討伐【ARK/ASA】
1559,亜玲々 れみch. Arere Remi,,21300,2026-08-28,0.0,1.0,,外す（ゲーム動画なし）,,https://www.youtube.com/channel/UCUkoEapl3ezn5ICiZv7W9Dw,11【 #スパロボD 】21-22話🪽完全初見プレイでやっていく🎮【#vtuber #あれれみタイム 】#ゲーム実況 #
1560,月ハムch.,,21100,2026-08-17,0.26,1.0,,残す,,https://www.youtube.com/channel/UCK5Hqga5dKOYsaBhViXkbRA,【即答連発】パワプロ2026 能力値から選手を当てろ！パッとしない能力が…あの大選手？？？【パワフルプロ野球】
1561,Show_ty しょ同盟,,21000,2026-09-01,1.0,1.0,RPG,残す,,https://www.youtube.com/channel/UCsU03-l3ZqZVWkxXNYyHa6g,新オペレーターのティフォロスは強いのか？実戦で研究する配信【Arknights Endfield】
1562,しゃかりきーず [ワンピースカード],,20900,2026-08-28,0.0,1.0,,外す（ゲーム動画なし）,,https://www.youtube.com/channel/UC-wjsCHynkMt18oqzQmMJSA,【対戦動画】盤面を完全制圧！「緑シャンクス」がキャラを一掃！ミホークとは違う“除去力”がヤバい！vs青緑ルフィ
1563,空蝉,,20900,2026-10-04,1.0,1.0,,残す,,https://www.youtube.com/channel/UCf32zr17wwzZ8NuTqhBuyog,【エルデンリング】初心者必見！遺灰頼りで快適攻略するための遺灰特化ビルド構築ガイド【Ver1.17】
1564,桃＋（とーたす）'s チェンネル,高田村,20900,2026-08-27,0.85,1.0,シミュレーション,残す,,https://www.youtube.com/channel/UC5Q9XI9HtpyoYU20VwzSqLg,【ほの暮しの庭】8/26 不穏な農家をするおじさん　12
1565,きつねぇ@土日17時配信・火21時メン限,,20800,2026-08-30,1.0,1.0,インディー,残す,,https://www.youtube.com/channel/UCQQY6ABIKgkChIb7jQxU9sw,【ヒロアカUR/全機種参加型】全機種参加型カスタム！20時からはジェントル誕生日杯！【僕のヒーローアカデミアULTRA 
1566,ひげモグ,,20700,2026-08-27,0.0,1.0,,外す（ゲーム動画なし）,,https://www.youtube.com/channel/UCD4_pAfsMiDmbXhsArzkuhQ,【ワースタ】2008 日本一決定戦　埼玉西武ライオンズvs読売ジャイアンツ
1567,譜熊りうね 【ゆるゲーム研究】,,20700,2026-08-31,0.0,0.95,,外す（ゲーム動画なし）,,https://www.youtube.com/channel/UCPzLuxpU9o3Bx67XY_1jd0g,【 #歌枠 】応援中心歌枠～！！雑談もするよ🎶🐻‍❄️【 #vtuber  | #譜熊りうね / 個人勢】
1568,とんきゲームズ,,20600,2026-08-28,0.2,1.0,,残す,,https://www.youtube.com/channel/UCd_faObh6-17jUKd42Jw6IA,【青鬼臨海学校】新作青鬼がついに来た！青鬼歴8年が完全初見でノーデスクリアを目指す。【とんきゲームズ】
1569,【遊戯王】magu6o切り抜き【公認】,,20600,2026-09-19,0.0,0.0,,外す（切り抜き）,,https://www.youtube.com/channel/UCX6N-h0dC8ps-L8a3nzGKgw,
1570,てちび,,20500,2026-08-28,0.3,1.0,RPG,残す,,https://www.youtube.com/channel/UC2toBGGpb84zYhDngC1JrHg,【ロマンシングサガ】SFC実機！ブルードラゴンどうやって倒すの⁉【てちび/すたすぺ所属】
1571,マジポケch【ポケカ】,,20500,2026-09-22,0.0,1.0,,外す（ゲーム動画なし）,,https://www.youtube.com/channel/UCnMB-yD_lrzYrPyXdvm0JKw,【ポケカ/対戦】驚異のHP400⁉圧倒的HPで非ルールを蹂躙するアローラナッシーがヤバすぎる!!
1572,カズマックス KAZUMAX,,20400,2026-08-27,0.55,1.0,アドベンチャー,残す,,https://www.youtube.com/channel/UCKNftr86zPrBSFtrGKNp1iA,【ティアキン #3】17分頃までゲーム音ズレ 炎の神殿沼から抜け出すぞ！！ゼルダの伝説 ティアーズオブザキングダム 初見
1573,塩田いお,,20400,2026-10-01,0.5,1.0,シューター,残す,,https://www.youtube.com/channel/UCC1eOEFOefqoCNVqBNfPgrw,【低音お姉さん】徹夜ぺっくす　w/ぽてぃー、汰鳥ヨシダ
1574,ポケり場〜ポケおじのたまり場〜,,20400,2026-10-04,0.0,1.0,,外す（ゲーム動画なし）,,https://www.youtube.com/channel/UCiot1jTaOKI6KHGpph751Nw,#38 ポケセンオンラインで◯◯がW当選！？ポケカの反りを直す裏技紹介【25分ラジオ】【伊丹祐貴】【(株)はつ
1575,天宿なげき Amayadori Nageki,,20300,2026-08-28,0.68,1.0,ストラテジー,残す,,https://www.youtube.com/channel/UCqDmZNMFbAndj5pC9fAHRcQ,【スト6/バトルハブ】登録者2万人ありがとう！バトルハブで100勝組み手！100勝までに20敗したら……【天宿なげき/り
1576,ぱっちょ【ゲームします】Paccio games,,20300,2026-08-31,1.0,1.0,シューター,残す,,https://www.youtube.com/channel/UCBw2SwfZMneZuek3897VzGA,【7 Days to Die】アプデであのスキルが完全復活！現環境最強化はコレ！Ver3.2安定版  最強スキル10選！
1577,さいくにおchannel,,20300,2026-08-28,1.0,1.0,,残す,,https://www.youtube.com/channel/UCYz0VXHKg1iqFZ9KGOLn3tw,【モンスト】呪術廻戦コラボ特殊演出集があの名シーンが盛り沢山で泣ける！超究極石流龍攻略&周回！石流龍特殊演出！呪術廻戦コ
1578,川西ゆうこのチャンネル,,20200,2026-08-28,0.1,1.0,アクション（横スクロール）,残す,,https://www.youtube.com/channel/UCGNDLyuSxpv8nCmPbBgN3Sw,【KAZUMA KANEKO's ツクヨミ】初見プレイ生配信 #16  ※ネタバレやアドバイスはご遠慮はご遠慮ください！
1579,瑠智るちる / RuchiRuchiru Ch.,,20200,2026-08-30,0.5,1.0,,残す,,https://www.youtube.com/channel/UCvQ63vTJQDX9MT2iegMzayQ,【学マス】完全初見!!倉本千奈ちゃんのSTEP2コミュ読み✨【学園アイドルマスター:女性VTuber / #瑠智るちる】
1580,【鉄拳】TeamYAMASA,,20200,2026-09-09,1.0,0.3,,外す（日本語の配信ではない）,,https://www.youtube.com/channel/UCICMbIe_1gc_F0y9Bt9QuZw,【TEKKEN8】TWT2026 鉄拳８ 名勝負 ゆりを(YURIWO) VS ノビ(NOBI)【TeamYAMASA】
1581,天使サたん / Satan Amatsuka,,20200,2026-09-12,1.0,1.0,シューター,残す,,https://www.youtube.com/channel/UCzluWGFtilNMTesHj3FRz3w,【EFT:タルコフ】実写でタルコフ飯をまとめて実食レビュー!『世界一臭いシュールストレミングやゴールデンスターバームなど
1582,Nana Ch.ゆめみなな,,20100,2026-09-22,0.42,1.0,シミュレーション,残す,,https://www.youtube.com/channel/UC-ehVkeJgpuw3cQ6yTGP37Q,【EuroTruckSimulator2】みんなを荷台に積み込んで、月窓ろみちゃんのお誕生日配信にお届け！！ 【ゆめみな
1583,スマ坊,,20000,2026-08-07,1.0,1.0,,残す,,https://www.youtube.com/channel/UCeMHNQndCFhztavCbMtlfNQ,すこしだけスティーブVIP配信【スマブラSP】#スマブラsp #スマブラ
1584,エスターク先輩のドラクエFF実況,,20000,2026-08-28,0.95,1.0,RPG,残す,,https://www.youtube.com/channel/UCu7RRafAsrGHakeScEkCQHg,【ロマサガ1】遂に念願のオブシダンソードを手に入れたぞ！【ロマンシングサガ1 実況043】
1585,SimplyAdum,,19900,2026-08-28,0.75,0.0,シューター,外す（日本語の配信ではない）,,https://www.youtube.com/channel/UCJ9YenCDmHX9oItr95lOXgg,Hell Let Loose Vietnam is CHAOS!
1586,Ricky【リッキー】,,19800,2026-09-22,1.0,1.0,シューター,残す,,https://www.youtube.com/channel/UCpgPRg9lAGHAFXGFOzM78mA,【APEX/ワットソン専】みんなの嫌われ者、ゴミ帽子の倒し方を伝授しよう。
1587,隅川かど,,19800,2026-09-02,0.18,1.0,,残す,,https://www.youtube.com/channel/UCiSk-kL8Ni8ryFNgrgxsoWQ,short動画からも大歓迎【 クロノ・トリガー 】やりこみ追加コンテンツ！ / 平成レトロゲーム【 #新人vtuber 
1588,まーぼー【モンハン実況】,,19800,2026-09-18,0.0,1.0,,外す（ゲーム動画なし）,,https://www.youtube.com/channel/UCVB6ZFTljTkS_wWoI3MeRyA,【アセンダンス】復活確定か？新作モンハンに来るかもしれない復活予想モンスター10選！
1589,御霧音,,19700,2026-09-22,0.25,1.0,シミュレーション,残す,,https://www.youtube.com/channel/UCWSRH5NOCmpOD-Y4X3Gl7sA,【Ark:SA】 #102 しれっとアストレイオス・いん・せりおん！！ /w 芹沢暁良③【#新人vtuber #みきりお
1590,studiokent,,19700,2026-09-04,0.07,1.0,RPG,残す,,https://www.youtube.com/channel/UC56-dC19Q-Ygf-OmbhqRYVA,9/4（金）21時〜冴子先生のお色気ブラックジャック ファミコン実機配信
1591,謎解き教室ちよむch,,19600,2026-08-30,0.0,1.0,,外す（ゲーム動画なし）,,https://www.youtube.com/channel/UCwHccpDEXTedj9JIiY0afJA,１分で解けたら天才！一緒に視聴者さんの出題謎を解こう！ #天使ちよむ #謎解き #ホロ謎解き部
1592,TV KENICHI(てぃーびーけんいち),,19600,2026-09-03,0.05,1.0,パズル,残す,,https://www.youtube.com/channel/UCpddp5j2pJiVz6TeHVp7Snw,【コラボ配信】【ネタバレ】本日発売！二人協力プレイ大暴れ！オービタルズ生配信！
1593,アキコ@うさぎ島,,19600,2026-09-10,0.25,1.0,,残す,,https://www.youtube.com/channel/UC88pvPO8-REIM6K2W3TBWHQ,【ビー玉コロコロ大作戦】ビー玉黙示録アキコ　前半コースづくり後半レース
1594,日常組切り抜き事務局,,19500,2026-08-27,0.0,0.0,,外す（切り抜き）,,https://www.youtube.com/channel/UCbMxsHSDIwVMyJDiP9cgO_Q,
1595,きら子 / KirakoCh,,19400,2026-08-22,0.1,1.0,,残す,,https://www.youtube.com/channel/UC31Q_uUwjOQhZMcovbK6igQ,【#Vすこ】06 音楽回（ゲスト：七斗シンゴ）【ラジオ/Podcast】
1596,ソナパスΨ,,19400,2026-09-01,0.0,0.0,,要確認（長尺動画なし）,,https://www.youtube.com/channel/UCkYT16HCcqrzCRFucIOQo7w,
1597,A-Tube【にじさんじ切り抜きch】,,19200,2026-09-14,0.0,0.0,,外す（切り抜き）,,https://www.youtube.com/channel/UCSF_AqlLsMp9zwa1XceG5nQ,
1598,あいうらら / Urara Ai,,19200,2026-10-04,0.43,1.0,シミュレーション,残す,,https://www.youtube.com/channel/UCIPYZHEvSEEpEIQQBt--yNA,【 #あいうらら誕生日2026 】世界一アットホームな誕生日パーティー会場はこちら🎉【 あいうらら / すぺしゃりて 】
1599,はるしげ - HARUSHIGE,亀戸組,19200,2026-08-23,0.8,1.0,シューター,残す,,https://www.youtube.com/channel/UCzuYywcbjWk1nCP-_tF7z5g,【ネタバレあり】47歳男性はじめてのときメモGS3 #8
1600,棺 美凪‹Mina Hitsuki›,,19100,2026-09-13,0.71,1.0,ストラテジー,残す,,https://www.youtube.com/channel/UCV72ZKsCUNshm7Bcc7-sINA,【ほの暮しの庭】part15「提灯持ってお出かけするのさ～♪」※ネタバレあり【棺美凪】
1601,鱗水スイ / Urokomi Sui,Neo-Porte,18900,2023-12-13,0.0,1.0,,外す（1年以上更新なし）,,https://www.youtube.com/channel/UCyk04zbgBkxlFccIU7Uf67Q,夜明けと蛍 / 鱗水スイ - Acoustic ver. -
1602,柊しきみ / Hiiragi Shikimi,,18900,2026-08-28,0.0,1.0,,外す（ゲーム動画なし）,,https://www.youtube.com/channel/UCU9wUbFUCx_jzlzWJpvJZ9w,【 #歌枠 】久しぶりの歌！！！！枠！！！！！【 #個人vtuber /#柊しきみ 】#karaoke
1603,ゲーム紹介ずんだもん,,18900,2026-08-28,0.95,1.0,アクション（横スクロール）,残す,,https://www.youtube.com/channel/UCx6Si8iVPlinDPNdRbJM-3w,【Switch/Switch2セール情報】最大85％オフ！switchおすすめゲーム15選
1604,kaka🦊紺狐カカ,,18800,2026-08-27,0.95,1.0,シューター,残す,,https://www.youtube.com/channel/UCP1SnOsi4HbJ4_6mSC8c4UA,【パワプロ2026】#救急ナイン2026 最強部署決定戦！育成編【kaka/紺狐カカ】
1605,アカシヤマト【KINGDOM HEARTS ch】,,18800,2026-08-20,0.05,1.0,シミュレーション,残す,,https://www.youtube.com/channel/UCxcjujhUjckNnb9pIYD6QMg,キングダムハーツ一番くじ、買ってみた #kingdomhearts #ゲーム実況 #kh4
1606,RaiLu【ライル】,,18800,2026-09-22,1.0,1.0,シューター,残す,,https://www.youtube.com/channel/UCKtVhDJcLSDueUh2rYrDBMQ,【解説】フォトナはなぜコラボだらけになったのか【フォートナイト】【考察】
1607,ちさとまと。2,,18800,2026-09-22,0.0,0.75,,外す（ゲーム動画なし）,,https://www.youtube.com/channel/UC67fCoDqBbTxNl54kS-ylOA,今月中にメンバー50人増えたらホラゲやります（※メンギフ対象外）
1608,レイ太のゲーム,,18700,2026-09-08,1.0,1.0,,残す,,https://www.youtube.com/channel/UCr_t1QkFzJgB-PrNNUzSPOw,ホロドリ 新イベントとガチャスタート！ガチャチケット配布もきてるぞー！　レイ太　ホロライブドリームス
1609,いるすぽっ切り抜きch,,18600,2026-08-28,0.0,0.0,,外す（切り抜き）,,https://www.youtube.com/channel/UCeizVjLvJLJI8Xrgq-hQHDQ,
1610,たのと【化け物大好き実況者】,,18500,2026-08-26,0.5,1.0,,残す,,https://www.youtube.com/channel/UC_xbPfocmtInkDHXyB3bTDQ,【モンハンワイルズ】即死級の超強化。星10ププロポルのバグり散らかした高火力に翻弄される男 【MHWs】
1611,白井チャンネル,,18500,2026-09-22,0.1,1.0,,残す,,https://www.youtube.com/channel/UCSsVfEMceGcSIFacgHBtmPQ,【ニキしろ】マイクラハードコアモードでエンダードラゴンを討伐したい男たち
1612,ピクシス　ようつべ,,18500,2026-08-30,0.0,0.0,,要確認（長尺動画なし）,,https://www.youtube.com/channel/UCfUm7mARp4HVJ4foaAunPWQ,
1613,心恋音むいる / Kokone Muiru【ベルプロ】,,18400,2026-08-27,0.15,0.95,,残す,,https://www.youtube.com/channel/UC6uDDNT7Hq6elq6FZ21mtKw,〖 ぷよぷよテトリス2 〗負けたら罰ゲーム!?絶対に負けられない戦いぷよテト〖 #むいるらいぶ #Vtuber ベルプロ
1614,pekoぺこら切り抜きチャンネル【兎田ぺこら切り抜きch🥕】,,18400,2026-08-27,0.0,0.0,,外す（切り抜き）,,https://www.youtube.com/channel/UCy85FDknMdix_2CV3iKfAyQ,
1615,くまゆちゃんねる,,18400,2026-08-30,0.23,1.0,RPG,残す,,https://www.youtube.com/channel/UCgOScen_d7y1yL-yRaewSZg,ぶらうんさんを見守るスカウトチャレンジが楽しすぎた😂（〜とまどいの扉）【テリワン3D】＃３
1616,あしも / Asimo,,18400,2026-09-30,1.0,1.0,,残す,,https://www.youtube.com/channel/UC3l5ESWtRX8-c7UkEsU8sIA,ケンの中竜巻ってみたことなくない？【スマブラSP】
1617,20ムギテサ,,18300,2026-09-22,1.0,0.94,,残す,,https://www.youtube.com/channel/UCku_-3PQw6sAzDrKuhOBt3g,【参加型】3件目...ホテルセリーヌ☆【JSP2日本事故物件監視協会】
1618,けんつめしと飯田けんつ【ストグラ】,,18300,2026-08-30,1.0,1.0,シューター,残す,,https://www.youtube.com/channel/UCBm-vsGV7nQv6hKS6Wj9x-A,【ストグラ2】紫種をミスで失った報告を無馬かなにしたら雪が再び積もる飯田けんつ。記憶をなくした無馬かなに絶望【飯田けんつ
1619,てぺい,,18300,2026-08-31,0.0,0.0,,要確認（長尺動画なし）,,https://www.youtube.com/channel/UC2jxuGcZFNwlnXPcNBsW7RA,
1620,日向りま / Hinata Lima,,18200,2026-08-28,0.0,1.0,,外す（ゲーム動画なし）,,https://www.youtube.com/channel/UC4BuiOb_qxQkylq4k6wMQBw,〖超魔界村〗FC魔界村クリアできたし、よ、よゆーでしょ……！！〖日向りま〗
1621,パワプロなら栄冠ナイン【ゆっくり実況】,,18200,2026-08-27,1.0,1.0,,残す,,https://www.youtube.com/channel/UCqG_BeRyiwY_iZM6z6QLcmw,【栄冠ナイン】イチローに金特を付けたら3年間でどんな成績残すのか？【パワプロ2026】
1622,生田衣梨奈チャンネル,,18100,2026-08-27,0.21,1.0,シューター,残す,,https://www.youtube.com/channel/UCPjLi8yT7ZoHVKHmU9tVqpw,初めて【Minecraft 】マイクラ MAGIC KINGDOM
1623,やよい,,17900,2026-08-27,0.46,1.0,RPG,残す,,https://www.youtube.com/channel/UCH-Wp4uNapYGcBk8j-H42CQ,【#原神】完全初見で見事に刺さりダウンロードした男による原神初見プレイ！イケメンが気になるフォンテーヌ編
1624,足/ホロライブ切り抜き,,17900,2026-08-29,0.0,0.0,,外す（切り抜き）,,https://www.youtube.com/channel/UCylNKKCfPMm8ROXasQWTonA,
1625,こなゆき.channel,,17700,2026-09-05,1.0,1.0,ストラテジー,残す,,https://www.youtube.com/channel/UCW3DsOrCLzVENk1ClluDuiw,【DBD】キラーに脇役はどこにもいない。
1626,れもん【マイクラ】,,17700,2026-09-11,0.0,0.0,,要確認（長尺動画なし）,,https://www.youtube.com/channel/UC0gK5VZkDQB-E_R5SW8M-Ew,
1627,白述ノワ / Noir Siranobe,,17600,2026-08-28,0.1,1.0,シミュレーション,残す,,https://www.youtube.com/channel/UCFU3xmOYAbYqrHEYPt6z5ww,【 花火デート 】最後に僕と夏の思い出作ろう！【 シェアドリ / 白述ノワ 】
1628,冒険の熊吉【ポケモン実況者】🐻🎁,,17600,2026-08-28,0.93,1.0,,残す,,https://www.youtube.com/channel/UC4FBnrBIfjIfJR0HfDpUwsg,【ポケモンSV】超安定ソロ攻略！最強ドドゲザンレイド対策ポケモンはコスパ最強のタイレーツで簡単攻略！捕獲場所や努力値振り
1629,ぺこららら【ホロライブ切り抜き】,,17600,2026-08-30,0.0,0.0,,外す（切り抜き）,,https://www.youtube.com/channel/UCKS8Op_iCvxtiVNKb5uGxVQ,
1630,蹄音かさね / Kasane Teion,,17600,2026-09-21,0.6,1.0,,残す,,https://www.youtube.com/channel/UC-O0yAOb7iu1I_XcF_2Pfhg,【#バニーガーデン2 】オフコラボ！二人で夜の街へ…バニーガーデンの女の子を攻略する💙💛🐇Day１【 #蹄音かさね / 
1631,ヒッポ,,17600,2026-09-14,0.5,1.0,,残す,,https://www.youtube.com/channel/UCHr7ZIvwhYV8rPUkC5IhQYA,【州光の使い方2/3】必修！プロが多様する州光の強行動を解説！【鉄拳TV】【鉄拳8】
1632,姫崎クト -himesaki kuto-,,17600,2026-09-27,0.92,1.0,シューター,残す,,https://www.youtube.com/channel/UCoQiDBAiHIgK1giZemOxonA,【めっちゃカメレオン 】かくれんぼ屋さんになります【姫崎クト / のなめぷろだくしょん】
1633,[GFnR] ギョフノリ eMotorsports Club - WRC世界5位が選ぶレースゲーム,,17500,2026-09-07,0.7,1.0,レース,残す,,https://www.youtube.com/channel/UC1MHYRUaW2wLJZjusXMsltA,【Fanatec 完全ガイド】2026-27最新版！GT DD Pro、CSL DDからPodium DDまで全機種 徹
1634,ノーラ Nora ch,,17400,2026-08-24,0.94,1.0,,残す,,https://www.youtube.com/channel/UC7CX-YJ14nMNbxSzVcnUqMQ,【#鳴潮   】まったり雑談しながらラハイロイの危地任務やってくぞ～！！【#vtuber 】
1635,ばれちーのゲーム実況/barechi ch,,17400,2026-08-28,1.0,1.0,,残す,,https://www.youtube.com/channel/UCwKKEBp8tOlHs7L33emr9Ow,【TEKKEN8】今やったよな？煽り『アズセナ』に過敏に反応するばれちーchｗｗｗ Steve vs Azucena【鉄
1636,るかゲームズ,,17400,2026-09-12,0.0,1.0,,外す（ゲーム動画なし）,,https://www.youtube.com/channel/UC0YFGsl4jGwdX4seQtJoWWw,【ジージェネエターナル】「TVアニメ全実装」決定！1.5周年でVガンダム参戦！？最新インタビューの重大発表まとめ！４７連
1637,みみぴ,,17400,2026-10-05,0.32,1.0,RPG,残す,,https://www.youtube.com/channel/UCC3UeMiAuo_1gtYsXSdRS_A,【🔴#ドラゴンボールZカカロット ⑤】フ、フリーザ？！どおしてェ！！！【初見実況】
1638,闇乃あびす / Abyss,,17300,2026-08-28,0.56,1.0,シューター,残す,,https://www.youtube.com/channel/UCQKCv3piNc41tTN9dYf1eMQ,徒歩で逃げたら神に捕まるあびす【ストグラ】
1639,【新番組】はぴスマ‼ゆっこCH🐰🍓ゆっこといたらハッピーススマイル,,17300,2026-08-28,0.0,0.0,,要確認（長尺動画なし）,,https://www.youtube.com/channel/UCCMv_-6CgyIDARlJ_qiLdbQ,
1640,ららんゲーム実況,,17300,2026-08-29,1.0,1.0,,残す,,https://www.youtube.com/channel/UCBYQvzhX5-yTmqc6PoVa_3w,【神回】ネザーでついにサルファーキューブの推すし君が燃える！大混乱のネザー要塞探し！#14【統合版/マイクラ】
1641,ちょま☔️2nd【スプラ】,,17300,2026-08-29,1.0,1.0,,残す,,https://www.youtube.com/channel/UC4w9p6N3wGEU_2ejI1gdijA,-動物の名前みつけるまで終われない【スプラトゥーン3/Splatoon3】【毎日配信】
1642,人狼・マダミスGM【ガッちゃん】,,17300,2026-09-22,0.05,1.0,パズル,残す,,https://www.youtube.com/channel/UCY0o25TE3ikKEMnXHz2l-tQ,【第25回MVP村】#ガチ狼 Season5／GM 髙橋ヨスガ視点 【ZOOM人狼 高田健志さん主催】
1643,セリカのゲームシェアチャンネル,,17300,2026-09-28,0.38,1.0,アドベンチャー,残す,,https://www.youtube.com/channel/UC9ysOHjS-wlvugouEKIiX6Q,【グリムライト】ストーリー意味不明だけど雰囲気だけは100点なメトロイドヴァニアゲーム【Gleamlight】
1644,ダイコンマン,,17200,2026-09-07,0.0,0.0,,要確認（長尺動画なし）,,https://www.youtube.com/channel/UCkpfR11cG2kk9KTJijWCJfg,
1645,DarkGame_Master_YT,,17100,2026-09-22,0.0,0.0,,要確認（長尺動画なし）,,https://www.youtube.com/channel/UCx9VCMbracIImyMi4ZbDgKQ,
1646,ロロ・オリフィス / Lolo Orifice,,17000,2026-09-22,0.58,1.0,アドベンチャー,残す,,https://www.youtube.com/channel/UCPXWk2EYjlwaCj6p-XnLbUg,【 ポケモンチャンピオンズ 】初ポケチャン大会！チーム2顔合わせ #SEIDANTHEM【 ロロ・オリフィス / すぺし
1647,まるのゲーム実況チャンネル,,17000,2026-08-22,0.55,1.0,アドベンチャー,残す,,https://www.youtube.com/channel/UConLWzlUVZBWXgAIXjevwNg,【ぽこポケ】巨大都市を作る！！！！！【ぽこあポケモン/攻略/ゲーム実況】
1648,あゆちゃんねる,,16900,2026-09-09,1.0,1.0,,残す,,https://www.youtube.com/channel/UCzso9UjahsKcQAVKU-Sh1DQ,【スマブラ女子】すしスマでるから応援よろしく！【スマブラSP】 #ゲーム実況 #スマブラ
1649,おれおれ,,16900,2026-10-05,0.0,0.0,,要確認（長尺動画なし）,,https://www.youtube.com/channel/UCdrMGeoGv_6PSZTYXEiq5LQ,
1650,クオタ探偵局,,16800,2026-08-27,0.0,0.0,,要確認（長尺動画なし）,,https://www.youtube.com/channel/UCmnWJd-TEGbOZO10P_XPi6A,
1651,毎日寝てたい,,16800,2026-08-28,0.7,1.0,シューター,残す,,https://www.youtube.com/channel/UCegojCCxqSU6Ht8SJz1153g,【夏ホラーSP】超ビビりが初見バイオハザードレクイエムどこまでやれるか挑戦してみるッ！？最近暑いし一緒に涼んでいこうや【
1652,ずんだドロップ!,,16800,2026-09-22,0.41,1.0,シミュレーション,残す,,https://www.youtube.com/channel/UCBnB3QPeyd3RmkHV0dfKd-Q,緑色の畜生なんかに負けない！
1653,ゆゆうた剛力編集部,,16800,2026-09-26,0.0,1.0,,外す（ゲーム動画なし）,,https://www.youtube.com/channel/UC2cOqN9giReRN4G94S5dvVg,ボカコレに応募したいがツワモノ揃いのボカロPに怖気づくゆゆうた【2026/9/26】
1654,やっぱりじぇいさん【マイクラ】,,16700,2026-09-01,1.0,1.0,,残す,,https://www.youtube.com/channel/UCuq2oL3sPo50YwRoIzvx47A,シャケの故郷を救え！シャケのために灯台に光をともせ！【雲海灯台】『配布謎解き脱出ゲーム攻略』『マイクラ/マインクラフト/
1655,ここ・じぇす汰 / Coco･Jester【ななしいんく】,ななしいんく,16600,2026-08-28,0.1,1.0,シミュレーション,残す,,https://www.youtube.com/channel/UCuDfldiO-ujdFC-36eYMl2g,【飲酒雑談 / #居酒屋じぇ酒汰 】⚠️手元カメラ有り ねるねるねるねと酒は絶対に合うはず【ここ・じぇす汰 / ななしい
1656,ぷに,,16600,2026-09-14,0.37,1.0,,残す,,https://www.youtube.com/channel/UCa6RSJiFuO71Eqszx55aFng,【 #歌枠 】 新環境で初めてのテスト歌枠 🎧🍊 【 #新人vtuber / #karaoke 】
1657,ほーだん×ゲーマーズ / ほぼ毎日更新ゲーム総合情報ch,,16500,2026-09-14,0.6,1.0,RPG,残す,,https://www.youtube.com/channel/UCyI_W_0tDDgpaYVrlWqPVVg,【初見さん歓迎！】今回も叡知だったし面白い！美少女アニメ調エルデンリングライク新作「コードヴェイン2」を遊んでみる配信！
1658,香坂まくり / 将棋講師Vtuber【元奨】,,16400,2026-08-28,0.0,1.0,,外す（ゲーム動画なし）,,https://www.youtube.com/channel/UC0VMYuhwr4kc1cctPuWvPnA,【棋桜/将棋】右四間を駆逐したい【元奨/将棋の先生】 ＃棋桜　#将棋　#Vtuber
1659,げんじ げーみんぐ,,16400,2026-09-22,0.05,1.0,RPG,残す,,https://www.youtube.com/channel/UCLU9HTpwlHqqEKXPzm1xVcQ,【無職転生 クロエコ】ネタバレ注意！両手剣パウロ/ 新Bossマナタイトヒュドラ【クロニクルオブエコーズ】
1660,ろこぼうず / 独身実家暮らし身長180cmP,,16400,2026-09-06,1.0,1.0,,残す,,https://www.youtube.com/channel/UCrGorTfFidjmsRp3gVMJicw,【スト6】格ゲー初心者がマスターになるまでの成長日記。19日目【ストリートファイター6ランクマッチ】
1661,おーとん,,16400,2026-09-24,1.0,1.0,シューター,残す,,https://www.youtube.com/channel/UCH57yjLmEAPJdXmV_r7IlAQ,【世界初】全ての個体集結＋交換出して見たwwwww            【フォートナイト/ブレインロットファイト】
1662,カニ🦀,,16400,2026-09-27,0.72,1.0,シューター,残す,,https://www.youtube.com/channel/UCz9wtmHHu1imlfMWPxTEGxQ,【 DayZ 】 最強の整頓術を発見？ #14【オープンワールド】
1663,コノ豆腐,,16300,2026-09-04,1.0,1.0,,残す,,https://www.youtube.com/channel/UCegTiCPkk38r7O7mLkHC_dA,【マイクラ】最強の金策！カボチャとスイカの自動収穫装置を自宅に作ってみた！丘の上に増築し続けるMinecraft par
1664,Toneのゲームちゃんねる,,16300,2026-09-23,0.55,1.0,アドベンチャー,残す,,https://www.youtube.com/channel/UChg8WksPc5dExSQj6xihX4w,【レトロゲームライブ】スイッチで名作をつまみ喰いライブ【とんライブ】
1665,フェイキー【ゲーム実況】,,16200,2026-09-22,1.0,1.0,シューター,残す,,https://www.youtube.com/channel/UCTFOY252GjGZL_k_6QB7vaQ,味方の喧嘩を遠くからニヤニヤ見るの楽しっ【フェイキー】【APEX】
1666,ささもとガチゲームズ,,16200,2026-08-21,0.33,1.0,,残す,,https://www.youtube.com/channel/UCctR6DCENGu9kk9_szCurHQ,ごめんな #ゲーム実況 #テニスの王子様
1667,もるてん,,16200,2026-08-31,0.25,1.0,パズル,残す,,https://www.youtube.com/channel/UCSI4hIhSvBgSjU4dQbYbx-w,#GEN村フェス 振り返り配信！！！！
1668,らる,,16200,2026-08-31,0.92,1.0,,残す,,https://www.youtube.com/channel/UCcM34sugGQ98KqnmY5YmWcw,らるルイージ、勝者側のまま走り抜け優勝！第72回スマバトSP優勝ハイライト【スマブラSP】
1669,ランキング王国,,16200,2026-09-29,0.0,0.0,,要確認（長尺動画なし）,,https://www.youtube.com/channel/UCX9tfx09qbeoI2mbRrRm9MQ,
1670,もうこた【ゆっくり実況】,,16100,2026-08-30,0.0,1.0,,外す（ゲーム動画なし）,,https://www.youtube.com/channel/UCWkRZGB3n-FlH1bOO2DSuwQ,【ぷにぷに】パワーダウンあっても初日無課金無特効攻略...！？【#22】【ゆっくり実況】
1671,りふ,,16100,2026-09-07,1.0,1.0,,残す,,https://www.youtube.com/channel/UCT01cD09O9ayS9g9AijOW_A,【マイクラ】サバイバルで隔離された未来都市を建築してきた【ゆっくり実況】【未来都市を作るマインクラフト】Part4
1672,サワヤンエブリデイ【切り抜き】,,16100,2026-09-24,0.0,0.0,,外す（切り抜き）,,https://www.youtube.com/channel/UC5kFGH73tpncgaTKqCRdtEQ,
1673,トルテ【ゆっくり実況】,,16000,2026-08-26,1.0,1.0,シューター,残す,,https://www.youtube.com/channel/UC65Yltx4dih4awZCq6PlEDA,【APEX】バリおじ使えばRE45が一番強い説www #apex #apexゆっくり実況
1674,So Easy(ソイ),,16000,2026-09-21,0.29,0.86,シューター,残す,,https://www.youtube.com/channel/UCEWcDW0pabIk1CH7PW_Gv2A,【最高XP2844】今シーズンこそXP3000へ
1675,みらす,,15900,2026-09-12,1.0,1.0,,残す,,https://www.youtube.com/channel/UC0xRzd4SiH9M5PQb85uDh9A,【#原神】今回の周年配布はいかに
1676,neon,,15900,2026-09-28,0.56,1.0,シューター,残す,,https://www.youtube.com/channel/UC0khS-qHMVLeevjgw1mMrnw,【 #雑談 】みんな～！おやつの時間だよ～！ / #んぴとスナックミー
1677,格ゲーが如く,,15800,2026-09-16,0.7,0.8,,残す,,https://www.youtube.com/channel/UCaSAs0uZH-eSRJdKM-iLfSA,鬼武者 way  of  the sword　佐々木　武蔵にリベンジ
1678,【将棋】古田龍生🍜毎日Live配信,,15700,2026-08-28,0.0,1.0,,外す（ゲーム動画なし）,,https://www.youtube.com/channel/UClhSx7AMnn8AfOAPnMoez2w,お詫びとお願い
1679,時羽しう / tokiha shiu,,15700,2026-09-09,0.61,1.0,シューター,残す,,https://www.youtube.com/channel/UCOnPtWuGIz0kTNGcb9FR8xQ,【空の軌跡 the 1st】第2章┊学校の大きな行事といえば！/シリーズ完全初見【時羽しう/ゆにれいど！】※ネタバレ注意
1680,雅桜おみ / Gaoh Omi,,15700,2026-09-12,0.32,1.0,RPG,残す,,https://www.youtube.com/channel/UC23pFx4llMrwDvGJ7DqT87Q,【クロノ・トリガー】完全初見 名作RPGに挑戦 魔王、倒しますか…… #02  ⚠ネタバレ注意⚠【 #がおーちゅーぶ  
1681,どぉも。主にホラーゲーム実況してます。,,15600,2026-08-27,0.5,1.0,ポイントクリック,残す,,https://www.youtube.com/channel/UCiUspPejYVe1J_KXiSwzIkQ,ケツを全力で叩いて除霊するゲーム【スパンキング除霊師】
1682,ブキータバーニング,,15600,2026-08-30,1.0,1.0,インディー,残す,,https://www.youtube.com/channel/UCoSgXp5TwH3K9SZp0xKgSFA,キャラレベルをあげてミッションを進めまくる #4【ロードモバイル:CASTING KNIGHTS #PR】
1683,スケアド,,15600,2026-09-13,0.4,1.0,アドベンチャー,残す,,https://www.youtube.com/channel/UCf2vczv-7kIQvJ8r3OLEVxQ,【ホラーゲーム】報告したら解雇にされる「故障中のトイレ」が不気味すぎる【ゆっくり実況】【OUT OF ORDER】
1684,リア厶のゆっくり実況,,15500,2026-08-23,0.05,1.0,アクション（ハクスラ）,残す,,https://www.youtube.com/channel/UChF6wwGzwcXjkIPoJIUyDwQ,【ARKゆっくり実況】マンタは海を泳ぐ生き物、そんな風に考えていた時期がありました【Season5 part8】【Gen
1685,うぱぱ,,15500,2026-08-10,0.0,0.0,,要確認（長尺動画なし）,,https://www.youtube.com/channel/UCQeZV9QPrrXUjycc8msafUQ,
1686,ゆそや,,15500,2026-09-09,0.4,1.0,,残す,,https://www.youtube.com/channel/UCi3OiEc6d-Ng0JdGPDf4xJw,【続編】女の子が複数ボスになるギャルゲー【ゆっくり実況】
1687,和菓子のフランメ【わがフラch】,,15400,2026-08-29,0.35,1.0,シミュレーション,残す,,https://www.youtube.com/channel/UCS55kgX9ob4yTz81Zq9Zx1A,【 #初見 】迷える子羊をギャルシスターが導く『とりまざんげ』で遊ぶ！
1688,雨 / 古石ビジュー切り抜き,,15400,2026-09-10,0.0,0.0,,外す（切り抜き）,,https://www.youtube.com/channel/UCdAK64_gFgF7jmX4PiONZIQ,
1689,ホロメモリー(VTuber切り抜き),,15400,2026-09-29,0.0,0.0,,外す（切り抜き）,,https://www.youtube.com/channel/UC3s6fftYAk5KQq2rWxm_HlQ,
1690,シフォンのぶいすぽ更新ch,,15300,2026-08-28,0.0,0.0,,要確認（長尺動画なし）,,https://www.youtube.com/channel/UCR2fkFG3hbXGPpCph6efTxA,
1691,ゴロ切り〜ゴロツキによるステゴロパンチャーズ切り抜き〜,,15300,2026-09-23,0.05,1.0,シューター,外す（切り抜き）,,https://www.youtube.com/channel/UC4Qq8Vg6aTmbinMI2uuGhQw,【超イッキ見ッ！】たくやの世界感は時々ずば抜けてステパンを凌駕します。
1692,RaVie(ラビィ),,15300,2026-09-21,0.14,1.0,,残す,,https://www.youtube.com/channel/UCx2frLj_vKgloung-gdudUQ,【総集編】ゆっくり達が強盗をして億万長者を目指す【ゆっくり実況】
1693,満月しお / Shio Mitsuki Ch.,,15200,2026-08-24,0.3,1.0,RPG,残す,,https://www.youtube.com/channel/UC06VqaCdzE-WFS1ErD-vWTQ,【 天地創造 】完全初見♯2｜サファリムに行く！今熱いRPG✨※ネタバレ注意【 #満月しお #Vtuber 】
1694,おーい顔面さん,,15200,2026-08-29,0.62,1.0,RPG,残す,,https://www.youtube.com/channel/UCQzGgYNG2pGdDKLqZCSw6zA,【外道】久々にRustやったらクズすぎた。#rust
1695,Fear’s Hole【ホラーエンタメ情報チャンネル】,,15200,2026-09-22,1.0,1.0,ノベル,残す,,https://www.youtube.com/channel/UC_ejqvMhciMUYTd0OIcmMKg,【ホラー】ホラー好き必見！『東京ホラー特区2026』に行ってみた！ 【Fear’s Hole】
1696,下石戟です^_^,,15200,2026-09-22,0.0,1.0,,外す（ゲーム動画なし）,,https://www.youtube.com/channel/UCHZVkKVHbLtiG-UQbqZ0bng,下石戟の雀魂段位戦配信9/17
1697,兎3 ch.,,15200,2026-10-04,0.84,1.0,アドベンチャー,残す,,https://www.youtube.com/channel/UC21wQu1432Wd0SU6mh5M3Jw,フリートーク雑談で1時間半を喋り切れ！【個人勢/兎３】
1698,KEISUKE / ケイスケ,,15100,2026-09-03,1.0,0.9,,残す,,https://www.youtube.com/channel/UCasZMywgHz1oIxJM1t-5esQ,【鉄拳８】無所属になってしまった男のランクマ配信
1699,MEV,,15000,2026-09-22,0.0,0.0,,要確認（長尺動画なし）,,https://www.youtube.com/channel/UCTDXY-qBZ5I79w2_vY-0S1Q,
1700,無茶する自連,,15000,2026-09-22,0.0,0.0,,要確認（長尺動画なし）,,https://www.youtube.com/channel/UC9jISgnBNY-_SCAxMvdb5eA,
1701,ゆーすてっどちゃんねる,,15000,2026-09-01,0.0,1.0,,外す（ゲーム動画なし）,,https://www.youtube.com/channel/UCWqRmaTdpWykUNK3rElp_vA,【3章～#2】聖戦の系譜終わったらファイアーエムブレムトラキア776でしょ(WiiU版)
1702,はまブリ,,15000,2026-09-19,0.0,1.0,,外す（ゲーム動画なし）,,https://www.youtube.com/channel/UCqIOk2rTPID-UubSN4m1mBw,【棋桜】真剣勝負昇段目指して！まったり！ #将棋　#棋桜
1703,ポテニン,,15000,2026-09-29,0.0,1.0,,外す（ゲーム動画なし）,,https://www.youtube.com/channel/UC0Om3BQyyAKM0lAxi7HuRQw,一瞬で終わるはずが…【マリオメーカー２】
1704,アンキ,,14900,2026-08-28,0.0,0.0,,要確認（長尺動画なし）,,https://www.youtube.com/channel/UCL2GaUr8YP1_6x0ZARQVcyw,
1705,トモヒロ,,14900,2026-08-30,0.0,0.0,,要確認（長尺動画なし）,,https://www.youtube.com/channel/UCaaGd6d0_KGK1vLBeHpQiWA,
1706,さんみつ,,14900,2026-08-29,1.0,1.0,RPG,残す,,https://www.youtube.com/channel/UC1rw0gBRwYVCwac1g7ToFkg,【FF14/朝活】先輩ヒカセンから学ぶクラフター初心者配信 【作業お供にどうぞ】 #ff14
1707,Pog,,14800,2026-08-28,0.8,0.0,,外す（日本語の配信ではない）,,https://www.youtube.com/channel/UCNjsqJZPHVE9Qg8Kn_Fz9_w,Pog Live Stream
1708,羽衣狐あっと京おんぷ,,14800,2026-08-28,0.15,0.95,RPG,残す,,https://www.youtube.com/channel/UCLd6ziQvVhWBponCcV0oKpw,【Shadowverse:Worlds Beyond】金曜夜バース。新弾、前半ちょいとパック剥き。  (26/8/29)
1709,ゲームに恋する女子チャンネル♡,,14800,2026-08-28,0.35,1.0,アドベンチャー,残す,,https://www.youtube.com/channel/UCd0JFlS12a7zjpEe7Y5Dtsw,【初見】ファミコン実機でスーパーチャイニーズをクリア目指して2人で楽しく遊ぶ！女性攻略ライブ配信Part6 SUPER 
1710,さなすけGames,,14800,2026-08-29,0.25,1.0,,残す,,https://www.youtube.com/channel/UCHQMKZsvTWgn2exWrqQckSg,【雑談】チルしながら軽く雑談
1711,たぶやんのレトロゲーム実況,,14800,2026-08-30,0.0,1.0,,外す（ゲーム動画なし）,,https://www.youtube.com/channel/UC26E84mYuLo27yO-ivsmBdg,#6 ラスボスバトルです グレートタンク ファミコン 【実況】 戦車1台でベルリンを目指す
1712,マグマグ　マイクラ建築・MOD紹介,,14700,2026-09-22,0.0,0.0,,要確認（長尺動画なし）,,https://www.youtube.com/channel/UCJ1oqhtWt4ljv_HL0Sq9PNg,
1713,MKWD NEW RECORD,,14600,2026-08-28,1.0,1.0,レース,残す,,https://www.youtube.com/channel/UCMVyYul_TLn4us4cUuLRt6Q,マリオカート
1714,絵描きのアライグマたいちょー,,14500,2026-08-29,1.0,1.0,インディー,残す,,https://www.youtube.com/channel/UCO01k7FgzQEbxzVYDjcq1rA,🔴【ヒロアカUR 】参加型カスタム！宿題やったかー！！【僕のヒーローアカデミアULTR RUMBLE】
1715,葛ノ葉鈴撫　-Kuzunoha suzunade- Ch,,14500,2026-09-22,1.0,1.0,パズル,残す,,https://www.youtube.com/channel/UCjcA83Ggm4KU23RStQB7Ulw,【#初見/#PR】#3╎完全初見🔰アニモの図鑑埋めたい！！【#アニモ/#Aniimo/ぶいきゃす】【葛ノ葉鈴撫/＃新人V
1716,【NGS公認】吾輩さんのゲーム実況,,14500,2026-09-11,1.0,1.0,,残す,,https://www.youtube.com/channel/UC3ibFaWPUIs7gqtOIO_EI-g,【あなたはどっち？】「三路縦走戦」か「虚塔制圧戦」どっちを周回するべき？それぞれのクエストのメリット・デメリットまとめ【
1717,しゃかもと け。,,14400,2026-08-29,0.5,1.0,シューター,残す,,https://www.youtube.com/channel/UCCKQK7Gv6SOgYeGekvPFN2Q,パル禁止！人間だけで「最強のラスボス」完全討伐できるのか？【パルワールド】
1718,はりーシ熱血切り抜きch,,14400,2026-09-22,0.0,1.0,,外す（切り抜き）,,https://www.youtube.com/channel/UCt8snO2Po2uCqteBvqBglTw,【人狼】尾崎の厳しい人選後に熱い試合をするはりーシ【2026/09/20】
1719,さんそ,,14300,2026-08-23,0.53,1.0,ノベル,残す,,https://www.youtube.com/channel/UCZCtHFjdjqt7v5tFbo53zQA,【ASA ジェネシス編Part6】雪山の巨大生物「アイスエレメンタル」をテイムせよ！
1720,T-Clips,,14300,2026-09-20,0.0,0.0,,外す（切り抜き）,,https://www.youtube.com/channel/UCY_vzcZNdzncy4lJGFgo3Hw,
1721,珍珠花こまり / Yukiyanagi Komari,,14300,2026-09-13,0.63,1.0,,残す,,https://www.youtube.com/channel/UCSLCZ5uhCYUMQ9TG9Cs1ERQ,【スト6】UFA 2026 TOP8日本語ミラー配信 ※許諾済 【りーさるぷらん/珍珠花こまり】
1722,けんてぃー🫂💙新人Vtuber,,14300,2026-09-12,0.93,1.0,アドベンチャー,残す,,https://www.youtube.com/channel/UCFjr9bAXJ4u62RU10jcsoeQ,【#コラボ配信 】恐怖を生き延び、このゲーム…クリアして見せる！【#invokyr 】
1723,みくたん,,14300,2026-09-22,0.0,0.0,,要確認（長尺動画なし）,,https://www.youtube.com/channel/UCAdIjW3H5Ya17O-4hJNPM6Q,
1724,まるたっぴゲームズ,,14300,2026-09-29,0.0,0.0,,要確認（長尺動画なし）,,https://www.youtube.com/channel/UCKhFJnQgVbKNQZU2aqJpxUQ,
1725,麻雀配信ch雀サクッTV,,14200,2026-08-27,0.05,1.0,シューター,残す,,https://www.youtube.com/channel/UCzJ0nyiYu_qrhbet2TnnZxw,【麻雀】無双-MUSOU-　μプロアマ混合戦【麻将連合】
1726,りゅーや【スマブラ】,,14200,2026-08-30,0.0,0.0,,要確認（長尺動画なし）,,https://www.youtube.com/channel/UCkRkWw1w1kOFTy47n2flURQ,
1727,えるたー,,14200,2026-10-06,0.0,0.0,,要確認（長尺動画なし）,,https://www.youtube.com/channel/UCcDt9dxEXfnXV6OPnC9Ckqg,
1728,東和正 / AzumaKazumasa,,14200,2026-09-07,0.05,1.0,シューター,残す,,https://www.youtube.com/channel/UCsAoyzNVhYYWoQpWjtDAGpw,【星の翼】久々の地走！新コラボキャラエリシア陸戦モードのPV鑑賞会の反応まとめ【星之翼/Starward】
1729,アズリ / Azri【ななしいんく】,ななしいんく,14100,2026-09-22,0.82,1.0,シューター,残す,,https://www.youtube.com/channel/UC4oIghT3W9Y99nyiNCTXwlg,ハンター大放出で大涙 - biohazard HD REMASTER【ななしいんく/アズリ】
1730,なえの将棋LIVE配信【女流棋士】,,14100,2026-10-09,0.0,1.0,,外す（ゲーム動画なし）,,https://www.youtube.com/channel/UC6hW3k0lq3-U5tDR81KYIOg,【将棋】負けた瞬間、配信終わります。【女流棋士／10切れ】
1731,san kyuu,,14100,2026-08-24,0.67,1.0,ストラテジー,残す,,https://www.youtube.com/channel/UCLrCASyTkARuo7nV32phNsw,【１から始める無課金にゃんこ大戦争】２７７３日目レジェンドストーリー０偏愛科学実験場ろ過された真心＃にゃんこ大戦争＃レジ
1732,汐ゴマ【鳴潮】,,14100,2026-09-10,1.0,1.0,,残す,,https://www.youtube.com/channel/UCJml7gdeZ_pb5LiiTZesRxA,【 鳴潮 】視聴者と引く！ジンランガチャ配信！　#160【汐ゴマ】 #鳴潮 #セイショウ #WutheringWaves
1733,テレビ帝江号,,14000,2026-09-21,0.0,0.0,,要確認（長尺動画なし）,,https://www.youtube.com/channel/UCoL9OfKwddnsdsGt2p0ZyTQ,
1734,かご梅,,14000,2026-09-03,0.0,1.0,,外す（ゲーム動画なし）,,https://www.youtube.com/channel/UCek2ebEFFGX6qyLPyLlPHxg,海の大地へ！【ゼルダの伝説 大地の汽笛】【ゆっくり実況】part10
1735,🐼パンパンダTV【Gジェネエターナル】,,14000,2026-09-17,0.0,1.0,,外す（ゲーム動画なし）,,https://www.youtube.com/channel/UCMaZKt5IokmM5dXC9Ra7f8Q,[Gジェネエターナル]クセのある機体ばかり＆配布パイロットに強力なキャラがいた！SP化やSSP化のおすすめは!?
1736,濃いめのにじさんじ【にじさんじ切り抜き】,,13900,2026-08-28,0.0,0.0,,外す（切り抜き）,,https://www.youtube.com/channel/UCHrXDmdGru3AnP5JnF97DFA,
1737,ギン。,,13900,2026-09-21,0.5,1.0,シミュレーション,残す,,https://www.youtube.com/channel/UChtMxry_47VmiGlnZewSxRw,『不気味すぎる田舎』に引っ越してしまうホラーゲーム【狂い咲き】
1738,おおえのたかゆき人狼動物園,実況者,13800,2026-10-09,0.0,1.0,,外す（ゲーム動画なし）,,https://www.youtube.com/channel/UC95G2lyux6MRKWt7FE-7qSA,遂にはりーシと同村して良試合を繰り広げるおおえのたかゆき【2026/7/3】
1739,タクナムチャンネル,,13700,2026-09-22,1.0,1.0,シミュレーション,残す,,https://www.youtube.com/channel/UCTo6ZasYZ7bGHcD3zX7H1_g,【獲得必須級】最強GKが見つかりました。ガチスカ守護神確定！めちゃくちゃ止めるやんヤバいwww[efootballアプリ
1740,ちゃんねる★みてね,,13700,2026-08-30,1.0,1.0,,残す,,https://www.youtube.com/channel/UCiDo0_sZwMgaPdqCXmmV9_A,リッタースコープ特訓！【早見みてね】#スプラ3 #リッター4kスコープ #リッター4k
1741,加猫 のか / Kaneko Noka,,13700,2026-09-04,0.0,1.0,,外す（ゲーム動画なし）,,https://www.youtube.com/channel/UCBrToRQ4Rty-gDXolMUbq_A,【朝活雑談／FreeTalk】わたしってどんな声？？高評価200目標🎀【#加猫観測】
1742,お湯さんち/oyuGAMEHOUSE,,13700,2026-09-23,0.95,1.0,RPG,残す,,https://www.youtube.com/channel/UCfqU_D-tjFS51SjaD-7cEPg,【アナザーエデン ビギンズ】＃3 完全初見！！クロノトリガーを手掛けたシナリオ陣によるRPGらしい！！【ANOTHER 
1743,汐鳴みりね / Mirine Shionari【ななしいんく】,ななしいんく,13600,2026-09-22,0.42,1.0,パズル,残す,,https://www.youtube.com/channel/UCoXWDfyKkziR0C01Zp559-Q,【BOMBANANA!】見えない！聞こえない！喋れない！縛りがある中で協力爆弾解除💣【汐鳴みりね / ななしいんく】
1744,Kira Ch. 月百合鬼ら,,13600,2026-09-22,1.0,1.0,シューター,残す,,https://www.youtube.com/channel/UC1_oFM82V0FrHV99TShCElQ,【キーマウ移行#34】アイドル大好きです特にイコラブ p3 603~【JP/ENG/中文】#apexlegends #v
1745,ユーハ,,13600,2026-08-30,0.0,1.0,,外す（ゲーム動画なし）,,https://www.youtube.com/channel/UCJaYzMdOXPu7LNfJ5sjTDrA,(True END)普通に女性の方が賢かった👀　⚠️注意(私の実況はくだらないので時間を無駄にしたくない方は無視して下さ
1746,ドラゴンアローの部室,,13600,2026-08-29,0.8,1.0,シミュレーション,残す,,https://www.youtube.com/channel/UCD6zcjml3g3aBODyEtAuNJQ,【最高神回】無料配布ランキング報酬ＪリーグEPICガチャ神引きチャレンジ【eFootball2027/イーフト2027ア
1747,宇賀神 八切,,13600,2026-09-22,0.21,1.0,レース,残す,,https://www.youtube.com/channel/UCxU4x6RoLIyPmA1eLjRsaPQ,【ファミコン実機で鬼畜ゲー｜最終日】鬼畜キャラゲー４本連続クリア企画🔥『ドラゴンボール 神龍の謎』で最後の運試し！｜5日
1748,漆瀬レイ / Ray Nanase【ななしいんく】,ななしいんく,13400,2026-09-22,0.56,1.0,シューター,残す,,https://www.youtube.com/channel/UCpFy8D37SUStmeWh38NuppA,【#ななし酔いどれオフ呑み】オフコラボ！4人でお酒飲むよ～～～🍻✨【杏戸ゆげ / 羽流鷲りりり / ここ・じぇす汰 / 
1749,あーたま🦠【荒御たま】,,13400,2026-08-25,0.2,1.0,アクション（横スクロール）,残す,,https://www.youtube.com/channel/UCRvxD8dH4BiSvJQ5i-2T2yw,【命令から守って🥹🫶】初見さん、登録者さんが救世主になる✨雑談枠！【あーたま】
1750,身勝手なゆうちゃん,,13400,2026-08-28,0.05,1.0,シミュレーション,残す,,https://www.youtube.com/channel/UCi7ieTSdckZkkLL_5NosyGQ,【ドラゴンクエスト】メラゴースト狙いで3個！びっくらたまご ドラゴンクエストシリーズ ～じゅもんをとなえた！～編【Vtu
1751,ずみ【ゲーム実況】,,13400,2026-08-24,0.42,1.0,アドベンチャー,残す,,https://www.youtube.com/channel/UCx1XZ858PcLZAaWfRAg7r8A,【感想】先行ネットワークテストを16時間プレイしたけどこのままだと賛否両論になりそうな予感がする【ダスクブラッド】【Th
1752,野々熊びこり / nonokuma bicori,,13300,2026-08-26,0.85,1.0,アドベンチャー,残す,,https://www.youtube.com/channel/UCEMVVtKNQWNEqm92eXwHXqA,【#オールナイトインディ 6枠目】徹夜の脳に効く！ドパガキ向けニチアサ【#インディーライフストリーマーズ】
1753,けっけさんのありがちなゲーム実況ちゃんねる,,13300,2026-08-27,0.94,1.0,シミュレーション,残す,,https://www.youtube.com/channel/UCMXrvnAyu5CrkKn2Hg1zNaQ,【Bowling Alley Simulator】一気見！！廃れたボウリング場が立派なおてぃんボールになるまでの物語【ゆ
1754,村下小粒@レトロゲームアイドル,,13300,2026-09-07,0.14,1.0,シューター,残す,,https://www.youtube.com/channel/UCDdEYZHRTXfzhM3JfFGB8vw,【バーチャロンOMG】 大会主催VS 初心者
1755,ぎっしりんごチャンネル,,13300,2026-09-28,0.0,1.0,,外す（ゲーム動画なし）,,https://www.youtube.com/channel/UCNWV0di5w-Fj04H_SbVHhlg,【初見殺し】最強の罠！セフィロスの空上を狩りに来た相手に閃光を確定させる神連携を解説【セフィロス/スマブラSP/ゆっくり
1756,乙女ゲーマーのアーサ🌳,,13200,2026-08-26,0.7,1.0,アクション（横スクロール）,残す,,https://www.youtube.com/channel/UCScqLlNq8L6BcTdXnr77qrw,【ネタバレあり感想】新作乙女ゲーム『君に惑い、君に溺れる。』わくでき おすすめ Switch otomegame
1757,ゲームの反応集,,13200,2026-09-21,0.0,0.0,,要確認（長尺動画なし）,,https://www.youtube.com/channel/UCAbbE-7ySaEypeqT1lybUPw,
1758,水無月アロエ Minazuki ch.,,13200,2026-09-14,1.0,1.0,,残す,,https://www.youtube.com/channel/UCrqp6y2hyHXTTORqKfvlGxg,"【負けたら歌みた投稿】""うぃでふぉ""と魂の全コースタイマン【マリオカートワールド】"
1759,まさちょん,,13200,2026-09-24,1.0,1.0,ストラテジー,残す,,https://www.youtube.com/channel/UCA9_wcu7egYMDEJ-ZwyOtuw,【モンスターサバイバル】新タタ『ルカロン』最強確定!!ぶっ壊れ万能スキルでゾンビラッシュスタメン必須キャラ!!【Clas
1760,愛上景斗_愛うえ夢chu毒にしてやんよですわ,,13200,2026-09-30,0.0,1.0,,外す（ゲーム動画なし）,,https://www.youtube.com/channel/UC8Pu3GasdDYnDAO58cH7Jqw,【#ポケットモンスター】まさかのポケモン初見🐛わたくしはメロい関西弁の毒ぽい人しか人間認知してませんわ【#ファイアレッド
1761,名作レトロゲーム実況者  ともすけ,,13100,2026-08-27,0.64,1.0,シューター,残す,,https://www.youtube.com/channel/UC_Z_MgmK1CfkLSRbpCUGv1A,【MGS / METAL GEAR SOLID】囚われたスネーク【女性Vtuber】【ゲーム実況】#06 #ともすけ
1762,たかしょう,,13100,2026-09-22,0.0,1.0,,外す（ゲーム動画なし）,,https://www.youtube.com/channel/UChQ-wBG5fIn0-c-VC_4SL0Q,【1ヶ月レビュー】今話題のタランチュラ8Kが神コントローラーすぎた件...
1763,シロー,,13100,2026-09-01,0.0,1.0,,外す（ゲーム動画なし）,,https://www.youtube.com/channel/UCf8SygEKuSBJHFn07TrCb6Q,【PS版】鉄牛・李逵と行く『水滸伝 天命の誓い』！最凶の暴れん坊で高俅討伐【クリアまで】
1764,パムの劇場,,13100,2026-09-28,0.0,0.0,,要確認（長尺動画なし）,,https://www.youtube.com/channel/UCR2nOHAFwhbPqsTRbA6sAEA,
1765,MatchasClips,,13000,2026-09-21,0.6,0.0,シミュレーション,外す（切り抜き）,,https://www.youtube.com/channel/UCOrBaCliqglQOdteTx7A-4Q,[GTA COLLAB] Dumb & Dumbest Were NOT Getting Away From the P
1766,わたげちゃんねる🐏,,13000,2026-09-08,0.88,1.0,,残す,,https://www.youtube.com/channel/UCz7qWPcWpT3FkTEzwCi8veQ,エクスプロッシャーのみで腕前X目指す！【スプラトゥーン3】【ライブ配信】
1767,ソシャゲマニア,,13000,2026-09-28,0.0,0.0,,要確認（長尺動画なし）,,https://www.youtube.com/channel/UCtvMyJp2wVlH4NxiibJlmZg,
1768,さや香石井のがいこつゲーム,,13000,2026-09-30,0.35,1.0,音ゲー,残す,,https://www.youtube.com/channel/UCDGoarPw0d7uPzsUzrxQ-gw,【BOMBANANA】堂前　石井　大東で【初見】
1769,寝恋　しらす,,12900,2026-08-27,1.0,1.0,シューター,残す,,https://www.youtube.com/channel/UCm9XPkbMwF-bUj_KQOC4o3w,【CoD:MW4】新作FPSにCoD:MW4が登場!「私が考えた最強のショットガンで初心者でも無双したい!!」【Call
1770,【男装アイドルVtuber】橘花るい / Tachibana Rui,,12900,2026-08-26,0.47,1.0,パズル,残す,,https://www.youtube.com/channel/UC0SZd1145fV25pUTuJ4y5jA,"【🔴和風ホラーADV︙END別チャプター付👻】低音中性ボイス💙""鳴蟇村""の開発スタジオ最新作‼️『奥ヶ淵商店街』【#橘花"
1771,とりヒューマン,,12900,2026-08-28,0.14,1.0,,残す,,https://www.youtube.com/channel/UCuNIspvIT1LN_1KVA0qBcTw,【雀魂 三麻】段位しながら近況報告 喉は治ってないので静かにやります【段位戦】
1772,KAMIU / かみゆう : 脱出シューター,,12900,2026-09-28,1.0,1.0,シューター,残す,,https://www.youtube.com/channel/UC2y8pl462yoZLZtHGlXlZxw,🔴デルタフォース [神ゲー] 最高デトネーション最速攻略本部Mini #DeltaForce #デルタフォースモバイル
1773,ゆきエイ,,12900,2026-10-03,0.0,1.0,,外す（ゲーム動画なし）,,https://www.youtube.com/channel/UCqVpc3MNw_k1wcoBnzKOGBQ,【SCPモーフ】まだ持っていないモーフを探していたら、可愛いSCPがいた！！
1774,リゼ,,12800,2026-09-23,0.0,1.0,,外す（ゲーム動画なし）,,https://www.youtube.com/channel/UCf9H8tQVGcKb6OQNgobrobA,ぷにぷに東京ゲームショウお疲れ様配信！色々あった出来事を話していきたいと思います！！(ムメイさんとフラパンとコラボ通話し
1775,ふぐぽわ🐡🫧,,12800,2026-08-27,0.0,1.0,,外す（ゲーム動画なし）,,https://www.youtube.com/channel/UC4hC1-ypPA8xkII_MEJRMzg,怖い四コマ漫画
1776,ともP,,12800,2026-09-06,1.0,1.0,,残す,,https://www.youtube.com/channel/UCryfYPgs3CMmbtqwnugc_TQ,"【太鼓の達人】ミスをするたびに""あかりさん""が透明化していくらしい！？【ボイスロイド実況/ゆっくり実況】"
1777,最高のマリカークリップス,,12800,2026-09-25,1.0,1.0,レース,残す,,https://www.youtube.com/channel/UC7MLN3tYUgFTQqGairDQOQA,【天才】要チェック！アプデで追加された新コースの爆速NISCがヤバいｗｗ【マリオカート】【面白クリップ集】
1778,キャタップ,,12700,2026-08-05,1.0,1.0,,残す,,https://www.youtube.com/channel/UC1UM-hyC5EmNs6uWeP0hGKQ,【マインクラフト参加型】サバイバルマイクラサーバー【JAVA】【統合版】【switch】
1779,ねがた,,12700,2026-09-03,0.05,1.0,RTS,残す,,https://www.youtube.com/channel/UCVzjLSdde77pd5KNBKOpL_A,【全クリ目前】3Dマリオ自信マンによる初見スーパーマリオギャラクシー2
1780,せつなGAME【ゆっくり実況】,,12700,2026-09-13,1.0,1.0,シューター,残す,,https://www.youtube.com/channel/UC0GRgyPUToxGzC7PFjzctGg,【OW】最凶の新キャラ・シオン実装！まさかのバイクに乗れるのが楽しすぎる！！【ゆっくり実況】#overwatch  #オ
1781,ゲームするメイド男子 越山嘉祈,,12700,2026-09-14,0.21,1.0,,残す,,https://www.youtube.com/channel/UC03JcHIRnScf0_f8DScj3bw,【雑談】棚コンテンツのこれからを考えよう【ドスケベ・ミニスカ】
1782,はっきー 【スプラVtuber】,,12700,2026-09-14,0.0,0.0,,要確認（長尺動画なし）,,https://www.youtube.com/channel/UCw5ltqX4LmiHQ9dcyXxPyAA,
1783,きりたぬき【切り抜き】,,12600,2026-08-21,0.0,0.0,,外す（切り抜き）,,https://www.youtube.com/channel/UCjXIbPIX8VLY2fdPYHwZrRQ,
1784,クロネコ「切り抜きチャンネル」,,12600,2026-08-29,0.0,0.0,,外す（切り抜き）,,https://www.youtube.com/channel/UClMGZrq4OWMWfNmGq2oS-rA,
1785,ゆいぽて,,12600,2026-08-28,0.58,1.0,パズル,残す,,https://www.youtube.com/channel/UC9hVeT2aOFaN_EbkyjURm8A,【本日発売】見ると失踪してしまう再生してはいけない動画【たろうくんはいってきました】
1786,兎美みさCh.／misa usami,,12500,2026-08-28,0.0,1.0,,外す（ゲーム動画なし）,,https://www.youtube.com/channel/UCmiMzU1ep3HQn6cOG5vFbHg,#53【完全初見/FE】ストーリーも全力で楽しむVtuberが新作発売までにFEシリーズ全部ノーリセでクリアする！⚠️ネ
1787,プラズマのゲーム動画,,12500,2026-08-28,0.05,1.0,RPG,残す,,https://www.youtube.com/channel/UC9e8tOiz_gu4XGUuPPezRDg,【TAS】GB版初代スーパーロボット大戦(初代)_スピードラン（1時間9分38秒）_Part2
1788,【レトロゲームZT】-【ファミコンのネタ多め】,,12500,2026-08-30,0.53,1.0,アドベンチャー,残す,,https://www.youtube.com/channel/UCwss4c9CT_su6Q2RHe4PXkg,【ウィザードリィ】ファミコン版は・・・どうなのか？【Wizardry】 リルガミンの遺産・ダイヤモンドの騎士・ニンジャ！
1789,無名のおにぎり@Apex沼クリップ製造機,,12400,2026-08-28,1.0,1.0,シューター,残す,,https://www.youtube.com/channel/UC3Q-wHi7AN3zLxLBjvV9B-g,【覚醒🔴】沼shortでバズった男の“本気”『Apex神クリップ製造機の時間』#シーズン30#Vtuber #エーペック
1790,ジョアだよ,,12400,2026-08-28,0.73,1.0,,残す,,https://www.youtube.com/channel/UCBqWgWsR_uiy3Hb1B__hSfQ,【あつ森 島クリ🌳】古代技術跡が残る自然な島作り🏝住宅街を作って行く🏠#ゲーム実況 #島クリエイト
1791,れみんみんぜみ,,12400,2026-09-23,0.33,1.0,シューター,残す,,https://www.youtube.com/channel/UC9_gvNxIamtGqR8MSSkSzdA,🔴にゅーすーぱーまりおぶらざーず
1792,はちぴ,,12400,2026-09-06,0.5,1.0,RPG,残す,,https://www.youtube.com/channel/UCSw3ViO--gU_eX0OTVTlw_A,【新作FPS】βテストの最前線配信！限界までやるよ！#4【WARDOGS】
1793,SIANちゃんねる【ディズニー大好きVtuber】,,12300,2026-08-28,0.6,1.0,RPG,残す,,https://www.youtube.com/channel/UCuyxQyBEjWglM7cbaCvbT2g,〖FF7リメイク〗ミッドガルの魔晄炉を爆破したのは僕です。キングダムハーツ勢の『 FINAL FANTASY VII R
1794,Anything Vtubers,,12300,2026-08-25,0.1,0.05,格闘,外す（日本語の配信ではない）,,https://www.youtube.com/channel/UCoF278SS7vIy1S08tmdFgEg,Sonny only buys clothes twice a year
1795,ジーユカータチャンネル🪽,,12300,2026-08-28,0.0,0.0,,要確認（長尺動画なし）,,https://www.youtube.com/channel/UCnKY-2o8nULGKwrdV5HfT2A,
1796,Nao(ナオ),,12300,2026-08-30,0.85,1.0,RPG,残す,,https://www.youtube.com/channel/UChwxwepJBUQzbOq6T_TIP0g,【初見実況】悟りの旅路(3周目)開始！鉾盾＆忍鉾盾で突き進みます！果たして落命せずにどこまで進むことが出来るのか・・・　
1797,Ria / リア,,12300,2026-09-02,1.0,1.0,シューター,残す,,https://www.youtube.com/channel/UCnfv2TrD21rR-nmupJZvAGA,【シージ】プロでも罠だけで3人飛ぶ運用法！？打ち合わない防衛最強オペはこいつです...！【ゆっくり実況】【シージゆっくり
1798,ごまっぷ_GameCh,,12300,2026-09-06,0.92,1.0,アドベンチャー,残す,,https://www.youtube.com/channel/UC9EaXH5crx1Fc6rhh6jdZkw,『2週目』ダクソ２の良さをつらつらと語りながら純魔で攻略！！！！　『ダクソ２』　#darksouls2
1799,よしもと将棋芸人 と金チャンネル,,12300,2026-10-03,0.0,1.0,,外す（ゲーム動画なし）,,https://www.youtube.com/channel/UClI0us96e28qt-cYhT1I05A,【四段昇段配信】ふみおの将棋ウォーズ実況【コンビ組みました】
1800,おまおじ,高田村,12300,2026-08-28,0.35,1.0,RPG,残す,,https://www.youtube.com/channel/UCb_rxGYkXMsEJ2ys-Mg-2rQ,タケルのジンローVol.51
1801,HRK無意識ゲーム録,,12200,2026-08-27,0.47,1.0,RPG,残す,,https://www.youtube.com/channel/UCZnEOKMuz2tXG-3wbHVkcKw,パキケファロサウルスによる頭突き骨折祭り開催!【The Isle/ザアイル】【ゆっくり実況】
1802,虹夢メゼフィル👑😈 -Mezefiru-,,12200,2026-09-23,0.2,1.0,,残す,,https://www.youtube.com/channel/UC75qPSvkGJWf_aliFFBJrPA,【初見さん歓迎】カンスト正社員によるシャケ討伐【#Splatoon3】
1803,しろこりGames / インディーゲーム専門Vtuber,,12200,2026-08-29,0.25,1.0,シミュレーション,残す,,https://www.youtube.com/channel/UCQhE9MWLYniFGDBkn6oI_Gg,【正式リリース、非常に好評】これはハマる！巨大ハサミで魔女を「説得」するローグライクアクション『魔女の庭』【Steam】
1804,月成るくす,,12100,2026-08-26,0.22,1.0,,残す,,https://www.youtube.com/channel/UCP9rcDSyTRtnu8EsG2CmLMg,【#とよとろカスタム】ギャル連合です。お笑いニューキャッスル卒業します。【月成るくす】
1805,ゆゆキチのレトロゲーム部屋,,12100,2026-09-22,0.1,1.0,シューター,残す,,https://www.youtube.com/channel/UCbQGC_0RbpLAt0srsHQzIQA,メガCDの変な犬ゲー「ワンダードッグ」などであそぼう！
1806,ちる太郎,,12100,2026-10-04,0.67,1.0,,残す,,https://www.youtube.com/channel/UCp_78MHvKomFiHwqhNI1pGg,【悲報】ハズレアカウントは剣域の誓約ダンジョンを完全攻略できない事が確定  #115階【雀魂】
1807,雨垂れ石を穿つ,,12000,2026-08-24,0.29,1.0,シューター,残す,,https://www.youtube.com/channel/UCWSyuxxQRqjvOpPpZuzanPg,【新作】様子のおかしい戦車がダ◯テ並みのコンボで敵を殴ってジャイアントスイングをキメるぶっ飛びゲー【タンク フー】プレイ
1808,やばねこ,,12000,2026-08-30,0.38,0.88,,残す,,https://www.youtube.com/channel/UCz6FBE-hY1PVU7KkuH8dYcw,需要がなんもねえPvP
1809,一色茶利,,12000,2026-09-08,0.25,1.0,,残す,,https://www.youtube.com/channel/UCkngd_kqFqOQtz8prOoADxQ,【ゼルダの伝説 時のオカリナ】 実況プレイ #8
1810,Solco&Solt.【ヒロアカUR】,,11900,2026-08-28,0.0,1.0,,外す（ゲーム動画なし）,,https://www.youtube.com/channel/UCDzzZRNJUeH-Y1Bij3ITYdQ,ヒロアカUR【全機種参加型カスタム☆初見さん大歓迎！】　#参加型　#ヒロアカur　#ウルトラランブル　#mhu
1811,もっく,,11900,2026-08-27,1.0,1.0,シューター,残す,,https://www.youtube.com/channel/UC70Y6Jm0J2Qxs4DJupROxUQ,【ピクミン2】ママに会えてよかったねぇ～ ＃4【PIKMIN2】VOICEVOX実況
1812,ヤウラ,,11900,2026-09-15,1.0,1.0,,残す,,https://www.youtube.com/channel/UCg4CTh_1zbY8xzssJmz-fVw,[スマブラSP] 新作のサムス楽しみだなーん
1813,裏切りマンキーコングの隠居するために頑張るCh,,11900,2026-10-05,0.05,1.0,アクション（横スクロール）,残す,,https://www.youtube.com/channel/UCGrHIdSKgk-Ol0vyhPukHTA,スーパーファミコンコレクターがスーパーファミコンの雑誌を読むだけの映像【レトロゲーム/THEスーパーファミコン】
1814,ぽこぱらわかめのゲーム実況,,11900,2026-10-09,0.0,1.0,,外す（ゲーム動画なし）,,https://www.youtube.com/channel/UCjamixIt77WmccHi8sdqo_A,【ハイボ4まで】草統一でシングルマスボ級目指す！！
1815,いなちゃんネル,,11800,2026-08-28,1.0,1.0,レース,残す,,https://www.youtube.com/channel/UCU07LY1Rw5AHxbjWavIcbMA,最終回【初見ドット絵RPG巡り】パパス→いなクス→レックス【４２作目：ドラゴンクエストV 天空の花嫁】
1816,将棋普及指導員北斗,,11800,2026-09-07,0.0,1.0,,外す（ゲーム動画なし）,,https://www.youtube.com/channel/UCXGzitBBACJuQB1Sxj-5uXQ,将棋ウォーズ配信者新星戦 将棋普及指導員北斗視点配信
1817,どんぐりゲーム,,11800,2026-09-24,0.0,1.0,,外す（ゲーム動画なし）,,https://www.youtube.com/channel/UC-o8Sk5B_O-EJ2iWQVx_-4A,【無課金微課金向け】点を取るよりも失点しない方が大事です。
1818,尾幡りあん / Obata Lian お絵描き,,11800,2026-09-24,0.23,1.0,パズル,残す,,https://www.youtube.com/channel/UCQss4XyRd3pJgtBP9GuTHIw,【コラボ】完全初見！二人で協力して爆弾解除！Keep Talking and Nobody Explodes！お子様Vの
1819,紅炎メルト / Kurenai Melt,,11700,2026-08-27,0.75,1.0,RPG,残す,,https://www.youtube.com/channel/UCmOqEBVEY-Yh0YVEUI3P5kg,【生放送】完全初見で『DQM』シリーズを制覇する #11【ドラゴンクエストモンスターズテリーのワンダーランド3D】
1820,ゲーム深掘り集団 / AUTOMATON,,11700,2026-08-28,0.0,1.0,,外す（ゲーム動画なし）,,https://www.youtube.com/channel/UCabvYnvuUUbbGUrxkaFRgSA,『ペルソナ４ リバイバル』先行プレイ映像。戦闘・探索に新たな手触り、イベントシーンはフルボイス化。八十稲羽での日々がより
1821,みやなんとかさん,,11700,2026-08-28,0.0,1.0,,外す（ゲーム動画なし）,,https://www.youtube.com/channel/UC7XRiJVqz7nGqmQyXMA4oug,【完全版】ルイージ無限下アピール即死コンボ
1822,- yun -  夢咲ゆん,,11700,2026-08-24,0.75,1.0,RPG,残す,,https://www.youtube.com/channel/UCjXTgj2f0pVxwvIZVlzQ6Jw,【雑談 / 筆談】 風邪で声がでないので寝る前に少しだけ筆談でお話したいです🌙.*  BGMと文字のみ！ 【#夢咲ゆん 
1823,いもまめゆっくり紹介,,11700,2026-08-29,0.05,1.0,レース,残す,,https://www.youtube.com/channel/UCW73gHgJJ3YtQSBLtJm7KxA,【チャンネル登録者限定！参加型】みんなで走ろう！マリオカート８DX【女性実況】
1824,あかりん伝説永久保存版【ぶいすぽ切り抜き】,,11700,2026-09-08,0.0,0.0,,外す（切り抜き）,,https://www.youtube.com/channel/UCl_H9O5f_uG-7tSgGKyqhKA,
1825,KKチャンネル,,11700,2026-09-13,0.0,1.0,,外す（ゲーム動画なし）,,https://www.youtube.com/channel/UCNuT_IcYCaILFnmXG4gr0aA,【ドラクエウォーク】こころ覚醒＋：プラ魂使っても絶対後悔しない心はコレ！！
1826,アル」,,11700,2026-09-21,0.95,1.0,RPG,残す,,https://www.youtube.com/channel/UCmm_-tFJYiBoKn3-xugX2xQ,【FGO】90++アズラ回りやすそうで熱い！神シナリオイベの最終日分を見ます。今後への伏線とかありそうか？？
1827,温々ねむみ / NukunukuNemumi,,11700,2026-09-22,0.9,1.0,RPG,残す,,https://www.youtube.com/channel/UCmLB7NCu7cmC7nhrN3fQE0g,【グランブルーファンタジー / 周回 /12周年 】光古戦場10万位目指して！耐久配信！【 温々ねむみ  / GRANB
1828,はすくch,,11700,2026-09-26,1.0,1.0,シューター,残す,,https://www.youtube.com/channel/UC4q4ralRS6UzvTo8p4guKOg,【コラボ配信】さといもchさんと協力プレイゲームします【It Takes Two】
1829,いなうるう / Uruu Channel【ななしいんく】,ななしいんく,11600,2023-04-17,0.0,1.0,,外す（1年以上更新なし）,,https://www.youtube.com/channel/UCxCdPRbi-s5J74A6KgkxnQg,いなうるう のライブ配信
1830,ささき(sasaki),,11600,2026-09-22,0.38,1.0,シューター,残す,,https://www.youtube.com/channel/UC9dR659D8umhpyZWr3xnE6A,電波ソング浴びに来た【ゆんゆん電波シンドローム】
1831,Altana Games  アルタナ,,11500,2026-08-28,0.0,1.0,,外す（ゲーム動画なし）,,https://www.youtube.com/channel/UC7RHet5W-BIMi9f0DkBYO9w,【幻想水滸伝スターリープ】第1弾ガチャ全員ハズレ説流れる!?最強キャラランキングがまさかの配布のレオナの方が評価が高い!
1832,にゅう部【公認】,,11500,2026-09-22,0.14,1.0,シューター,残す,,https://www.youtube.com/channel/UCzDL_y-YHy2DWzYdU3txgNA,【パルワールド】くさくて逃げられるにゅう【2026/9/20】
1833, きーろ,,11500,2026-08-30,1.0,1.0,ストラテジー,残す,,https://www.youtube.com/channel/UC6RAXMvGjmwZIpKTrNNiq5Q,【APEX】頑張ります！精一杯
1834,FIGHTER チャンネル【TEKKEN】,,11500,2026-09-22,0.88,0.88,,残す,,https://www.youtube.com/channel/UCXv7kr-GlMb3cPhANWHy79w,【TEKKEN8】金曜定期大会：第36回『フライ杯Season2』【鉄拳8】#鉄拳8#tekken8
1835,あいまる,,11500,2026-09-11,0.0,1.0,,外す（ゲーム動画なし）,,https://www.youtube.com/channel/UCiTNv3EsBN9ztS8f7qOtvFg,【前期最終チャンピオン級】メガルカリオZが3タテしまくり勝ちまくりランクマッチ【ポケチャン】
1836,にじかな【にじさんじ叶】,,11500,2026-09-24,0.0,0.0,,要確認（長尺動画なし）,,https://www.youtube.com/channel/UCHlf34CK1hP_OmwL5VIzopg,
1837,まるたにあやの,,11500,2026-10-03,0.63,1.0,RPG,残す,,https://www.youtube.com/channel/UCwVGDN2IaIt-41GpZ6XkWyw,【FF7】完全初見で楽しむ✨『FINAL FANTASY VII』PS5版 実況 Part4 ⚠️ネタバレ注意【VTub
1838,3熊,,11400,2026-08-27,1.0,1.0,RPG,残す,,https://www.youtube.com/channel/UCmPt8-nJ7ikRIKKIUzyVMNw,【LoL】adcでcsを丁寧に取った方がいい理由、分かりますか？【bot エズリアル vs ジンクス / ゆっくり実況】
1839,べるぎあゲームス,,11400,2026-08-01,0.21,1.0,ストラテジー,残す,,https://www.youtube.com/channel/UCWxD4wayl5np9nxYFebj5rg,【ドタバタ仕事生活】ゾンファミでお仕事やってみた/w 弟者 柊しきみ 篝蛇いおラー
1840,タッカルビのゆっくり実況サブチャンネル,,11400,2026-08-07,0.0,1.0,,外す（ゲーム動画なし）,,https://www.youtube.com/channel/UCvQbJ3au6ZgHi3Ay-O2DJtA,【ゆっくり実況】かまいたちの夜 総集編 スーパーファミコン【レトロゲーム 】【サスペンス】【ミステリー】
1841,ゆーやみ,,11400,2026-08-29,0.0,1.0,,外す（ゲーム動画なし）,,https://www.youtube.com/channel/UCkfdTAFg_NbILL6BJgHmMtQ,天気のほこら晴れ ゲレゲレファング入りフルオート攻略 【ドラクエウォーク】 シャイニング
1842,くますけ【ゆっくりユナイト解説】,,11400,2026-08-25,1.0,1.0,,残す,,https://www.youtube.com/channel/UCHzZKffSnJRk0MEuk1GAJEA,ソルガレオ『持ち物＆立ち回り』徹底検証【ポケモンユナイト】
1843,中野テリー,,11400,2026-09-24,0.64,1.0,,残す,,https://www.youtube.com/channel/UCi5WvAl03qj0Kgc9AlyRLFQ,【マイクラ】ブルアカがメンテなのでマイクラやる エンドラ倒したい　 #minecraft #マイクラ
1844,Minecrafter4326,,11400,2026-10-05,0.93,1.0,,残す,,https://www.youtube.com/channel/UCSusXNtfkASrEdCoc2cFBNg,2B2T ライブ配信 10/5（1）#マイクラ #2b2t
1845,べこぉちゃんねる,,11300,2026-08-26,1.0,1.0,シューター,残す,,https://www.youtube.com/channel/UCUkCbGwarKCG28vrH5EyZtQ,【タルコフ】シーズンタスクに必須のBD専用アイテム集めはグラウンドゼロがおすすめ！【EFT】
1846,ウマシカーズ,,11300,2026-08-26,0.0,1.0,,外す（ゲーム動画なし）,,https://www.youtube.com/channel/UCBQgrXjE63aSb0JUnBd4wWQ,【1万人耐久】誰でも参加OK！クソデッキ対戦回 #デュエマ #クソデッキ #ライブ配信
1847,どろっぷ,,11200,2026-08-11,0.11,1.0,アドベンチャー,残す,,https://www.youtube.com/channel/UCGcW-4FWnG-0cxgH0tVMe_g,快晴 ／Orangestar（cover）どろっぷ【歌ってみた】【オリジナルMV】
1848,らみょん,,11200,2026-09-13,0.0,0.0,,要確認（長尺動画なし）,,https://www.youtube.com/channel/UCKVk_edPgh6F142JE3JlmqA,
1849,トッティー ゲーム,,11200,2026-09-10,0.2,1.0,格闘,残す,,https://www.youtube.com/channel/UClZ9p1rxsNAFtSTslqdMq1g,【爆誕！】世界一長い地獄のロード！それでも俺たちが熱狂した伝説のハード ネオジオCD！あのサルを何分見つめた？
1850,さくさくよんた,,11200,2026-09-22,1.0,1.0,ストラテジー,残す,,https://www.youtube.com/channel/UCKza-srJXhZ_nspuN-KidfQ,【脱秒チェイス】マップ生成理解度と派生ルートの手持ちを増やすのが成長条件の1つ(DBD / DeadbyDaylight
1851,ろふまおリスナーのムジュラ【にじさんじ切り抜き】,,11200,2026-09-24,0.0,0.0,,外す（切り抜き）,,https://www.youtube.com/channel/UCLod_N_omhdM1FCwdbngDPQ,
1852,Dr.ぶる･V･ガトリング博士‐Bul's Wonder Labo,,11200,2026-10-03,0.71,1.0,,残す,,https://www.youtube.com/channel/UCBi79X31SJm_iJpxTZXYBsw,【 #耐久 】初見さん大歓迎◎!!初めてのリアクション10000耐久⁉⚡みんな協力してくれ～!!【Bul's Wonde
1853,サヤ・グレース Saya Ch.,,11100,2026-08-26,0.37,1.0,RPG,残す,,https://www.youtube.com/channel/UCHAtT0omcPi8yiPPy5-vVuQ,【亰都ザナドゥ-桜花幻舞-】#10(第5話-2)◆ついに物語は核心へ！？今度は京都を舞台に、完全新作アクションRPGを完
1854,Zonkun,,11100,2026-08-30,0.0,1.0,,外す（ゲーム動画なし）,,https://www.youtube.com/channel/UCiQ5q0UZOs2LcIRsllv2QGw,【参加型】少しだけでも配信する
1855,【公式】ドラゴンボールスーパーカードゲーム フュージョンワールド,,11100,2026-08-28,0.0,1.0,,外す（ゲーム動画なし）,,https://www.youtube.com/channel/UCzAt5cfQhCIDfJ-aJwxDhrQ,CHAMPIONSHIP 26-27 WAVE2 エリア予選 3on3 東京大会【ドラゴンボールスーパーカードゲーム フ
1856,夏目あかり,,11100,2026-09-28,0.36,0.91,,残す,,https://www.youtube.com/channel/UC8omX4Stq-36W390giAKMdg,選ぶ曲を間違えてしまった世界線の2026玄人
1857,まんぷくぽぽ,,11100,2026-09-30,0.0,1.0,,外す（ゲーム動画なし）,,https://www.youtube.com/channel/UCdEFSBd5azdDG_qx4IDhFbg,【ポケモン銀】人生縛りで初見プレイ！#12【クリアまで毎日配信】
1858,オバハン,,11000,2026-08-30,0.76,1.0,,残す,,https://www.youtube.com/channel/UC8iCnYBzZIK-hWUQt0TdyKQ,スト6リュウ　絶対に覚えたい入れ変えコンボ‼️
1859,かくきりこちゃんねる,,11000,2026-08-30,0.45,1.0,レース,残す,,https://www.youtube.com/channel/UCaKS8QY6B2V66gtFaoJxN2g,【Who Takes The Crown?】チェス×登山ゲー！？クリア耐久【Vtuber/かくきりこ】
1860,スーピー / Soopy【JP】,,10900,2026-08-28,0.7,1.0,アドベンチャー,残す,,https://www.youtube.com/channel/UCZDMkWu_CAUuJWJT7IHtmwA,【空の軌跡 the 2nd #3】第1章突入⚔️体験版！完全初見でナイトメア挑戦するぞ～！感動JRPGの続編プレイ✨【軌
1861,星園ゆい Hoshizono Yui,,10900,2026-08-29,0.75,1.0,,残す,,https://www.youtube.com/channel/UCK-Ijqv_rL0q4TDKPfZQz3A,【#ロードナイン】ギルドアリーナとギルドボス！ガルバナ地下水路も！「ヘレナ」完全初見！自分流MMORPG 「#LORDN
1862,リフレクションズ,,10900,2026-09-01,1.0,1.0,,残す,,https://www.youtube.com/channel/UCQkyey8pzFfmz0tbm2H0rzw,【雑談】臥牙丸1面間に合わなかった雑魚【モンスト】
1863,VHS Cityの日常,,10900,2026-09-09,0.0,1.0,,外す（ゲーム動画なし）,,https://www.youtube.com/channel/UCEXdD_eD7CWRkj387x_7PDA,【比較】あおぎり＆ゆうぎり、箱コラボの違い【 あおぎり高校 / ゆうぎり高校 / VHS City 】
1864,ダビスタ攻略＆実況チャンネル【優父ゲームズ】,,10900,2026-10-03,0.94,1.0,,残す,,https://www.youtube.com/channel/UCTeSIQUk3ZQ5ZDtjPowb7hw,【ダビスタ2序盤攻略】セリでスピコメ馬を見抜く方法！G1クラスの馬が見つかる目利きを教えます【任天堂Switch2版ダー
1865,ガ口ガ口リ,,10800,2026-08-26,0.55,1.0,アクション（横スクロール）,残す,,https://www.youtube.com/channel/UCRoRJ13AvvXKer2l9kpEJKQ,【ホグワーツ・レガシー】＃２ 魔法学校で派手髪だから目立つなぁ／ガロガロリ
1866,とある切り抜きch,,10800,2026-08-29,0.0,0.0,,外す（切り抜き）,,https://www.youtube.com/channel/UCfSdSv-hD9SX9FKSmtWfdeQ,
1867,羽仁 まぬか / Honey Manuka / 新人VTuber,,10800,2026-09-24,0.47,1.0,RPG,残す,,https://www.youtube.com/channel/UCXbJL4EWHe0y5fQL7ZEQxBA,【完全初見/FF9】忘れ去られた大陸へ！仲間を救うため奔走するぞ✨ #7【羽仁まぬか/ステララボ】#はにぃなう
1868,Kei Ch.白兎ケイ,,10800,2026-10-07,0.8,1.0,パズル,残す,,https://www.youtube.com/channel/UCBLG_f3KS3EsQyGogMyxsUA,【完全初見】圧倒的好評の街づくり。道路をつないで都市を育てるチルゲー「Mini Motorways」【ゲーム実況】 プレ
1869,ウラさんハタくんゲーム実況,,10700,2026-08-27,0.58,1.0,格闘,残す,,https://www.youtube.com/channel/UCdt1O-kNLwAkrrBXnbxtZ0w,【成功率0％】絶対飛ぶやん！激ムズ『立ちブレイクスパイラル』に挑んだら指がもげた！？【ガロスペ 】
1870,にんぶれ,,10700,2026-08-25,1.0,1.0,ストラテジー,残す,,https://www.youtube.com/channel/UCztFNqx12pouE4Tia8Wez4g,色んな場所で息を潜めて隠密シーン『デッドバイデイライト』
1871,かっつー,,10700,2026-09-04,0.05,1.0,,残す,,https://www.youtube.com/channel/UCnoLNmtw4ewIsFAOrSe5_pQ,ヒロアカ格ゲーにまさかの新モードが追加されたので遊んでみる　僕のヒーローアカデミア　All's Justice　ミニゲー
1872,くどう丸,高田村,10700,2026-08-28,0.0,0.95,,外す（ゲーム動画なし）,,https://www.youtube.com/channel/UCQlapFeHbCFogzZv34WlJrQ,【タケルのジンロー】ホイップどら焼き
1873,もんちゃんのゲーム実況チャンネル,,10600,2026-08-28,1.0,1.0,,残す,,https://www.youtube.com/channel/UC0kQ9dBA9UFS-QKlV4EXnaQ,【ドラゴンクエスト１１S】#30 CASINOで１点賭けして1000000ゴールドゲットした日💰初見プレイ☆過ぎ去りし時
1874,オタロード〜Vtuberまとめ〜,,10600,2026-09-29,0.0,0.0,,要確認（長尺動画なし）,,https://www.youtube.com/channel/UCQTqonDvmoGqECJp8kDdx0g,
1875,淡雪 花奏(かなで),,10600,2026-08-28,0.12,1.0,RPG,残す,,https://www.youtube.com/channel/UCPUi4e7wnbhFdjsm3KqD3KA,【#雀魂 #段位戦 】玉の間段位戦❄No.498🍓❄️(760日連続配信中✌)【Vtuber/淡雪花奏/麻雀】
1876,MaruJP,,10600,2026-08-22,1.0,1.0,RTS,残す,,https://www.youtube.com/channel/UCUV0qF4B3ACG66guG4M8LJw,もう登録者1万人？【参加型配信/マイクラ統合版/HIVEサーバー/Minecraft/縦型配信】
1877,ループデプトのレトロゲーム部屋 /LOOPDEPT,,10600,2026-08-29,0.25,1.0,アドベンチャー,残す,,https://www.youtube.com/channel/UCoBj2aV7hwiwBfcg87-l4Qw,"【Steamオススメ】Cozy Marbles ビー玉コロコロ大作戦【1,200円♪買って良かった！】"
1878,カエルくんの積みゲーに負けない!【レトロゲーム実況】,,10600,2026-08-30,0.0,1.0,,外す（ゲーム動画なし）,,https://www.youtube.com/channel/UCj44W26V0Q14o0Kz5e9qYGQ,【1時間で追体験】カエルの為に鐘は鳴る 丁寧解説に要約・快速攻略【レトロゲームゆっくり実況】
1879,サトヤマ「ゲーム」,,10600,2026-09-14,0.0,1.0,,外す（ゲーム動画なし）,,https://www.youtube.com/channel/UC-OfjBSEavwN59w6VQZqAHg,【コトダマン】#3470 8.5周年は二人目虹属性？コンチェルトがモードシフト急浮上な件 【イベント考察】
1880,ダナ,,10500,2026-10-01,0.65,0.95,,残す,,https://www.youtube.com/channel/UCR6652tIKYkra5XCvH13u0g,【#天下無双ARK】#12 地獄の塔【ARK/ASA】【ダナ】
1881,イレブン【レトロゲームゆっくり実況】,,10500,2026-09-01,0.0,1.0,,外す（ゲーム動画なし）,,https://www.youtube.com/channel/UC8aKnUi9VeRToniivawDqCw,【三国志4】  1都市耐久縛り統一編！30年以上経過後からクリアを目指す（第六回）！スーパーファミコン【レトロゲームゆっ
1882,ゆみちちゃんねる,,10400,2026-08-30,1.0,1.0,,残す,,https://www.youtube.com/channel/UC-hFtUua_1cvne6fQQ-a82A,ゆみちの太鼓配信！のんびりリクエスト配信です！ #179 #太鼓の達人
1883,絶叫世界ランカーかたぱん!!,,10400,2026-08-28,0.67,1.0,インディー,残す,,https://www.youtube.com/channel/UCJ0n0nrmCUJ54RZexY3mk8A,【顔出し】事故物件を監視する仕事で呪われました。【日本事故物件監視協会3 -Japan Stigmatized Prop
1884,peace,,10400,2026-09-11,0.4,1.0,パズル,残す,,https://www.youtube.com/channel/UC43Y0cMXGwv6-SliexOXk5g,【ドンキーコング3】ストレスマッハ
1885,ポコランキング,,10400,2026-08-22,0.0,0.0,,要確認（長尺動画なし）,,https://www.youtube.com/channel/UChXZpIK3A-819d9cZ_pQ-jw,
1886,Metashi Ch. めた氏,,10400,2026-09-13,0.67,1.0,RPG,残す,,https://www.youtube.com/channel/UCHE0FEUxGYBxubEVxIzxXaw,#1【鬼武者 way of the sword】シリーズ完全初見！本格剣戟アクションの新作鬼武者に挑む！【めた氏 │ V
1887,扇名いだ,,10400,2026-09-26,0.61,0.94,シューター,残す,,https://www.youtube.com/channel/UC7Ft50QAmUGWE6-ZfrHOG5Q,【 #天下無双ARK 】　釣り堀を完成させようぜ！　『ARK Survival Ascended』【扇名いだ / ゆにれ
1888,田中 一朗 / Ichiro Tanaka,,10400,2026-09-25,1.0,1.0,,残す,,https://www.youtube.com/channel/UCeYCLFjqdGuWqXWrKLB8Cew,【パワプロ】「栄冠ナイン5年縛り」で育成した2校で対決！！！〈ルールは概要欄〉
1889,つっつー,,10400,2026-09-29,1.0,1.0,,残す,,https://www.youtube.com/channel/UCKrvSrGFqsXJVsdGfVUReYg,【参加ok】XP27スプラッシュボム使いの雑談義務スプラ！生配信【スプラトゥーン3】【わかばシューター】
1890,ホロライブ切り抜きランド,,10300,2026-08-28,0.0,0.0,,外す（切り抜き）,,https://www.youtube.com/channel/UCMzkgoVEa2va352-OEQTMeQ,
1891,ぽこあタウン koa,,10300,2026-09-18,0.0,1.0,,外す（ゲーム動画なし）,,https://www.youtube.com/channel/UCE8quTaE-9uxif0JW4-5_Gg,【うみぞこの街】元の地形×建築キットで簡単リメイク！カラフルでかわいい住宅街づくり
1892,カンライ • 관뢰,,10300,2026-08-30,0.89,1.0,,残す,,https://www.youtube.com/channel/UCWXJgMlDWr_Wva00ri4IvLw,参加型配信!!【スプラ3】初見大歓迎の夕活配信‼︎X金バッチが欲しい！！
1893,うさぼく姉妹,,10300,2026-08-28,0.95,1.0,RPG,残す,,https://www.youtube.com/channel/UCBdp4YF75yiXZY9it0PLuLA,【ワケあり歌枠】夏企画！姉妹でカラオケ！！【女性実況】
1894,九九丸／KUKUMARU,,10300,2026-09-08,1.0,1.0,シューター,残す,,https://www.youtube.com/channel/UCkyYI172YVIl0DgCmilz0cA,【7 Days to Die】快適度300%UP！オシャレ地下拠点「秘密基地コンテナハウス」を拡張する【7DTD V3.
1895,限界こどおじch,,10300,2026-09-11,1.0,1.0,格闘,残す,,https://www.youtube.com/channel/UCwwBMNYHO2jL2r5Z2drN8Sw,【クソキャラ伝記】ストリートファイター4シリーズの全クソキャラ紹介 #streetfighter #スト6#格ゲー #豪
1896,タカヒー,,10300,2026-10-05,0.85,1.0,シミュレーション,残す,,https://www.youtube.com/channel/UCLgr7HAFt1iHSs4hjciL3fA,【Transport Fever 3】#5 もう少しでパーフェクトだったのに！｜キャンペーン実況
1897,にしうりのゆっくりちゃんねる,,10200,2026-09-19,1.0,1.0,,残す,,https://www.youtube.com/channel/UCeDh8co3WNDSVT4iVwnmoHg,【スト６】M豪鬼を救いたい【ゆっくり実況】
1898,きゆあーるの音ゲーch,,10200,2026-08-28,0.0,1.0,,外す（ゲーム動画なし）,,https://www.youtube.com/channel/UCSM98-BRQp0jSpeaFOOnaXA,【新曲】9月入ったぞ!!完全新曲ナムオリを最速プレイします!!【太鼓の達人ドンダフルフェスティバル】
1899,ゆっくり遊びBAR※レトロゲームメイン,,10200,2026-08-29,0.0,1.0,,外す（ゲーム動画なし）,,https://www.youtube.com/channel/UCtAiTaO-m5ceKzJN_BQ9R2A,究極の世紀末ロープレ「道～TAO～」第1話
1900,はじめ先生の将棋研究所,,10200,2026-09-10,0.0,1.0,,外す（ゲーム動画なし）,,https://www.youtube.com/channel/UC29EGo2JmszXaG6rfuCiOlA,負けたらやめます。
1901,チーク無双CH,,10200,2026-09-30,0.21,1.0,RPG,残す,,https://www.youtube.com/channel/UC23aAiIlphfLYfSXHZdjkGg,この3人と３秒以上目が合うとあなたは呪われます【無双OROCHI3 Ultimate】
1902,すっちーるーむ,,10100,2026-09-22,1.0,1.0,シミュレーション,残す,,https://www.youtube.com/channel/UC-QnczxMy1Kv_o_mtIJIl5g,【ぽこ あ ポケモン】#18  ～うきしま大冒険！！新技とコーデ習得！！～
1903,びょう,,10100,2026-09-01,0.0,0.0,,要確認（長尺動画なし）,,https://www.youtube.com/channel/UCtYqLaL64wlHq3PR4k2336w,
1904,サルドリ【efootball 】,,10100,2026-09-24,1.0,1.0,シミュレーション,残す,,https://www.youtube.com/channel/UCtMLiWA1sFO7nfB1P2GnumA,【最強フォメ•人選•プレー集•徹底解説】爆速でDiv1にいける最強フォメがやばすぎる【eFootballアプリ2027】
1905,りあぽう,,10000,2026-08-20,1.0,1.0,,残す,,https://www.youtube.com/channel/UC1WzbJqe8_l6ze2RM1gSDyg,【ホロドリ】魔改造された「ぽ」を攻略します。(無理)
1906,れとろげぇむ　Gのすぽっと,,10000,2026-08-22,0.5,1.0,RPG,残す,,https://www.youtube.com/channel/UCTFbF5wriuhcFadtCS6Gkiw,【プレイステーション】#2   F1グランプリ　チーム運営シミュレーション1996　～亜久里チャレンジ～【レトロゲーム・
1907,馬小屋ねる子レトロゲームCh.,,10000,2026-08-28,0.2,1.0,ストラテジー,残す,,https://www.youtube.com/channel/UCtEo8RBhvAekmGwPtvHyDXw,【ゲームニュース】レトロゲームニュース＋α #251 (2026.8.29)【レトロゲーム/VTuber】
1908,季沙 / Kisa,,10000,2026-09-09,0.68,1.0,アドベンチャー,残す,,https://www.youtube.com/channel/UCHusoUEYHEnvuj-KHWyJ7Kw,【ミラー配信】「Nintendo Direct 2026.9.9」を一緒に見る枠！ #季沙のお茶会 【ニンテンドーダイレ
1909,【忖度なし】シンの辛口ゲームレビューch,,9980,2026-09-28,0.8,1.0,RPG,残す,,https://www.youtube.com/channel/UCnCaAH2ELtxv4aLIoxHyARQ,【超辛口】期待外れのクソゲー！？完全に金と時間の無駄！？FE 万紫千紅を忖度なし本音で挫折レビューする 【ファイアーエム
1910,おしるこ忍者,,9970,2026-08-27,1.0,1.0,,残す,,https://www.youtube.com/channel/UCu3ez-MOXO_J3eo1zRmLv_g,【栄冠ナイン】最強捕手古田が3年間ホームランだけを狙う！合宿での優先度は？【パワプロ2026】
1911,清水勇輝 2ndチャンネル,,9950,2026-09-22,0.0,0.0,,要確認（長尺動画なし）,,https://www.youtube.com/channel/UCwkL9RFbX7RE2JFsT5gKxww,
1912,うるけいゲームチャンネル,,9940,2026-08-30,0.0,0.0,,要確認（長尺動画なし）,,https://www.youtube.com/channel/UCYgkqifdQ7qPBmP-N1mY6qg,
1913,オールコレクト酒井,,9910,2026-09-21,0.81,1.0,,残す,,https://www.youtube.com/channel/UC-MWY7ObnqlglfXVhrVH2ng,生きていました、ので、ストリートファイターをしようアレックス練習
1914,イボーン,亀戸組,9890,2026-08-26,0.4,1.0,アドベンチャー,残す,,https://www.youtube.com/channel/UCVIPahDPEhLnHcesp0LqW6g,田舎者の運転技術を舐めるな【妹に運転を教える Demo】
1915,ゆるいカメ / YuruiKame,,9830,2026-09-22,1.0,1.0,パズル,残す,,https://www.youtube.com/channel/UCWLziZ1vSKDaxRAEkR6FM0w,【アニモ】スマホ版リリース日！新作オープンワールド&モンスター収集・育成！PS5 XBOX PC Steam マルチプレ
1916,脱力の魔王わん ゲーム(mao-wan-game),,9820,2026-09-10,0.0,0.0,,要確認（長尺動画なし）,,https://www.youtube.com/channel/UCjXeNmQ9DvBIV87OlOzJ8vg,
1917,AIUEO1789👍,,9800,2026-08-20,0.83,1.0,,残す,,https://www.youtube.com/channel/UCdcLnOHQgJSPoHj52PzaqLg,ホラーゲームをしましょう
1918,眠瑠おみ,,9760,2026-08-28,0.3,1.0,アドベンチャー,残す,,https://www.youtube.com/channel/UC5vJ2BakG-yOhf4uzr83vhg,【雑談】ライブと太ももってやっぱりいいよね🐺💤【 新人Vtuber/眠瑠おみ】
1919,Kuu Ch. 朱舞くぅ,,9760,2026-09-26,0.29,1.0,RTS,残す,,https://www.youtube.com/channel/UCwzTVj8dZArC7MHLCsOU4Vg,#最終回【完全初見】ナナミを救う！トゥルーエンドへ！幻想水滸伝Ⅱ HDリマスター デュナン統一戦争 クリア攻略！リアクシ
1920,のにさん,,9700,2026-08-22,1.0,1.0,,残す,,https://www.youtube.com/channel/UC_rT_MbN2KEZ4Yljp7_iDDw,【参加型配信】最大50人参加可能！HIVEのカスタムサーバーで色んなゲームを遊ぼう！【Minecraft統合版】
1921,#CurryNiki カレーニキ (方舟のアルクティカ),,9660,2026-09-16,0.8,1.0,ストラテジー,残す,,https://www.youtube.com/channel/UCDhRvx-tWTqqRfIHeGhXEvg,#15【FNAF日本語翻訳・考察実況】全てを超越した神が贈る『Five Nights at Freddy's: Help
1922,ゆみめろCh. ゆみるメロン,,9650,2026-10-04,0.89,1.0,,残す,,https://www.youtube.com/channel/UCmBUMxVCsqY8XKxrQqiklTw,【完全初見】伝説の名作『英雄伝説III 白き魔女』がSwitch移植したので遊んでみる！＃６
1923,心配性のコウらGames,,9640,2026-08-22,0.95,1.0,,残す,,https://www.youtube.com/channel/UC25DXPO2t0TFQY2m3UVP_Gg,【マイクラ:HIVE】新記録狙い!ベッドウォーズ連続勝利配信やる！ルールは概要欄に記載。【統合版】【Bed wars】
1924,RENA-れな,,9640,2026-08-30,1.0,1.0,ストラテジー,残す,,https://www.youtube.com/channel/UCj3J11L0EjxvedOv6hmZHjg,【DBD】新キラージャッジメントとデススリンガーさん、逆だったかもしれねェ...【ゆっくり実況】
1925,Steven Thomas Gaming,,9620,2026-08-27,0.6,0.0,シミュレーション,外す（日本語の配信ではない）,,https://www.youtube.com/channel/UCkgtWFei1ds9niHkfKNbIow,Jinx Is Trying to STEAL Travis Kelce!!!! — Tomodachi Life: L
1926,ゆーりです。,,9620,2026-09-13,0.42,1.0,,残す,,https://www.youtube.com/channel/UCPbsyAqISnxPRf5jSya2E3g,深夜に白熱
1927,うにどん★バカゲー実況チャンネル,,9590,2026-08-31,0.36,1.0,アクション（横スクロール）,残す,,https://www.youtube.com/channel/UCgoUpYYWxF0vDnaawI99Zxw,【バカゲー】木にボコボコにされるゲームがシュールすぎたｗｗ【Trees Hate You】
1928,祢子丸きりや,,9570,2026-09-30,0.89,1.0,RPG,残す,,https://www.youtube.com/channel/UCgdcOV9exdPe4lsJ3LVmcAQ,【#AION2】アーリーきたー✨今日から新作MMOを遊び尽くす！まずはLv45目指して冒険だ🌸レギオン設立🌸
1929,あるまーにゲーム学校,,9570,2026-10-07,0.0,0.0,,要確認（長尺動画なし）,,https://www.youtube.com/channel/UCVyni7almqXEfwv5Z90FOcA,
1930,ゲームライターなんでもゆうこch,,9560,2026-09-12,0.95,1.0,RPG,残す,,https://www.youtube.com/channel/UCL7hTeGAemDeqbniXBrKF9g,【トルネコの大冒険 不思議のダンジョン】女性ゲームライターが名作RPGを攻略！ちょっとステキなリマスター
1931,史門 / Shimon ,,9530,2026-08-30,1.0,1.0,,残す,,https://www.youtube.com/channel/UCPceuZrm28gFBqBmmLjTooQ,【#おなつ休みARK 】初心者ARK ～ ボスに向けた最終準備 ～ Day9【ASA/ARK Survival Asce
1932,はねこ,,9500,2026-10-09,0.0,0.0,,要確認（長尺動画なし）,,https://www.youtube.com/channel/UC9teU6-GoNfLAP6_nSD6Lbw,
1933,ズンチャカワドミン,,9460,2026-09-08,0.65,1.0,,残す,,https://www.youtube.com/channel/UCHDoHe-55NcM9x-OHqOnlSQ,サーモンラン野良 でんせつ400～【すじこ】
1934,HatoMune,,9460,2026-09-08,0.86,1.0,,残す,,https://www.youtube.com/channel/UC6fjEq2MOaZOGRZ4PC6H8FA,【1枠1武器ﾙｰﾚｯﾄ】ラスボス：421デス中【ELDEN RING-Shadow of the Erdtree-】
1935,つむぎのフィギュア紹介ch,,9450,2026-09-22,0.0,1.0,,外す（ゲーム動画なし）,,https://www.youtube.com/channel/UC7m_0WpCmafwB2brVGG9bmw,レゼ S-FIRE エスファイア チェンソーマン reze フィギュア【開封レビュー】
1936,りいすとあそぼ【切り抜き】,,9440,2026-08-29,0.0,0.0,,外す（切り抜き）,,https://www.youtube.com/channel/UCswbyU9etSxbt087QU26knA,
1937,さぽてん / APEX解説,,9440,2026-09-06,1.0,1.0,シューター,残す,,https://www.youtube.com/channel/UCQnIxFF-_vMIzoCtv3GxSQw,地味だけど、この差が勝敗を分けます #ApexLegends #APEX #エーペックス #APEX解説
1938,ユウレイです,,9390,2026-09-22,1.0,1.0,,残す,,https://www.youtube.com/channel/UCH10qWQxBZbgh7kINzWNQrw,【ソロコンペ】内部レートを取り戻せ！※遅延あり【VALORANT】
1939,GGSeppuku,,9370,2026-08-24,0.0,0.0,,要確認（長尺動画なし）,,https://www.youtube.com/channel/UCJnlvZaVJB6CzqtBwlXgR_A,
1940,V宝庫,,9360,2026-09-28,0.0,0.0,,要確認（長尺動画なし）,,https://www.youtube.com/channel/UCSld_0sQQ8HG38yEaK_LqMA,
1941,HYDE Hakaioh,,9340,2026-08-27,0.95,1.0,,残す,,https://www.youtube.com/channel/UCHH9fKCeU3axdNwIljCBmcg,(TEKKEN8)12時くらいまでお鉄
1942,あかるん / Akarun Ch.,,9290,2026-08-28,0.0,0.94,,外す（ゲーム動画なし）,,https://www.youtube.com/channel/UCKKhVjuj4tg6cP5vacfkDsQ,〖 耐久/参加型 〗ch登録者数9000人耐久ッ！お誕生日365日集めます！〖あかるん/るみきゅー〗
1943,くどう,,9290,2026-09-05,0.5,0.9,,残す,,https://www.youtube.com/channel/UCepXRVeZKWO2Nd6az8ifRRw,有名ゲームのスパイダーマンを体験してみた
1944,鳩乃はろん / Hatono Haron / 新人VTuber,,9280,2026-09-27,0.22,1.0,シミュレーション,残す,,https://www.youtube.com/channel/UC9dgc_ghDbuikORhWRxCoYQ,【スプリンターズS2026】秋のG1開幕戦ガチ予想！鳩乃の本命はこいつだ！
1945,ぶいすぽ切り抜き,,9280,2026-08-30,0.0,0.0,,外す（切り抜き）,,https://www.youtube.com/channel/UCxxMQdUxMfCoH8L7zH4NVYA,
1946,アオイ,,9270,2026-08-29,1.0,1.0,,残す,,https://www.youtube.com/channel/UCY5uOhRWtuq84Xx4uWilxzw,【ブルーロックコラボ】お手軽ロマン砲！我牙丸吟使ってみた【モンスト】 #モンスターストライク #ゆっくり実況
1947,Yulis Game,,9200,2026-09-20,0.0,0.0,,要確認（長尺動画なし）,,https://www.youtube.com/channel/UCtR2P5CLuVfHOn0VWwksx7A,
1948,たけちゃん🧸🎀,,9180,2026-09-24,0.5,1.0,アクション（横スクロール）,残す,,https://www.youtube.com/channel/UCtzdVyEVrpGSwVHhyYJtWzg,は？こんなゲーム余裕でしょwww僕がビビるわけないじゃん⁉【ビビッター】
1949,VTuber切り抜き / FLOW GLOW 推し,,9160,2026-08-31,0.0,0.0,,外す（切り抜き）,,https://www.youtube.com/channel/UCYUkz8HrBarYzRjw3O2OtEQ,
1950,ちゃんゆめ,,9120,2026-09-27,0.1,1.0,,残す,,https://www.youtube.com/channel/UCYtGcthF5qEfa01Zj1dXJzA,段位初日 by りんくまの
1951,愛している【VTuber切り抜き】,,9080,2026-09-23,0.0,0.0,,外す（切り抜き）,,https://www.youtube.com/channel/UCL5a-LgFiN0v43r1JT_8_FA,
1952,昭和まさしの地味ゲー攻略チャンネル,,9060,2026-08-31,0.15,1.0,アドベンチャー,残す,,https://www.youtube.com/channel/UCY8oNKLo_fahTAkaamPwkPg,EP5 油断して仲間が死亡！水切れで聖母が逝く世紀末サバイバル｜Dustland Deliveryゆっくり実況
1953,世界平和CLIPS【MY切り抜き】,,9050,2026-09-22,0.0,1.0,,外す（切り抜き）,,https://www.youtube.com/channel/UCkH32pYnfShvh6z7hnkzp5A,常識が通用しないぶっ飛び企画10選【MYのYouTube】
1954,Kara,,9020,2026-09-22,0.17,0.94,,残す,,https://www.youtube.com/channel/UCyVTY8XnIe-rRM81ADy_Syw,【マイクラ】全ての神器を使って神威鯖を終わらせた【最終回】
1955,VBの間【バーチャルおばあちゃん / 五月雨空也切り抜き】,,9000,2026-08-26,0.0,0.0,,外す（切り抜き）,,https://www.youtube.com/channel/UC1X1fFRjmNVqwrww8myy-YQ,
1956,桃桜華はる -Momosaka Haru-,,9000,2026-09-01,0.95,1.0,RPG,残す,,https://www.youtube.com/channel/UCSAEWTE16xxPs1ZkEq6Zu4g,【配信/P5X初心者】有識者教えて！体育祭イベント進めていく！【ペルソナ5: The Phantom X】※ネタバレあり
1957,和太鼓・法螺貝奏者　野中耀博 (小鉄kotetsu),,9000,2026-09-22,0.0,0.0,,要確認（長尺動画なし）,,https://www.youtube.com/channel/UC_sZwkiw9gE1159mAcDG2eQ,
1958,まてぃ / M4texi,,8970,2026-08-28,1.0,1.0,,残す,,https://www.youtube.com/channel/UCgtH_bk7ehUCEJjOO7FIByg,アンチサイノウ APPEND Lv32 【プロセカ/ProjectSekai】【譜面メーカー】【プロセカ創作譜面】
1959,エンドラの休日,,8970,2026-09-25,1.0,1.0,,残す,,https://www.youtube.com/channel/UC2tUn6q3Ix75DcJsmzikr8A,【マイクラ実況】まだらな森では不用意にブロックを置くと序盤困ってしまいます💦【マイクラ統合版Ver.26.51】【マイク
1960,新山にーや　発売日順にファミコンクリアしていこう!!　新人Vtuber,,8950,2026-09-01,0.33,1.0,RPG,残す,,https://www.youtube.com/channel/UCLqpP87LC8e2VUVt7kWn_kw,【ウルティマ（Ultima） ～恐怖のエクソダス～】発売日順にファミコンクリアしていこう!!【#じゅんくり Part.3
1961,YOUDIEDちゃんねる,,8930,2026-09-06,1.0,1.0,,残す,,https://www.youtube.com/channel/UChNROwymlVmoxubw0O7C1vQ,【エルデンリング】新武器『レオティエルの大剣』ボスを瞬殺しまくる蹂躙ビルドのすべて！【ELDEN RING Tarnis
1962,くまのこぴぴこ Game Ch,,8910,2026-09-26,0.79,1.0,ストラテジー,残す,,https://www.youtube.com/channel/UCUlaq0CMHYNmp6oge2TqrNQ,【MTG】はじめてのカラーチャレンジ見守り配信するよ【ヴェノーム/くまのこぴぴこ】
1963,Reina Ch. 霜戌レイナ,,8910,2026-10-01,0.0,1.0,,外す（ゲーム動画なし）,,https://www.youtube.com/channel/UCQsuThhsBtHln3nCOcX-pfg,【#トリッカル 】シュパンのイベストを完全初見で実況プレイ！！※ネタバレ注意（#霜戌レイナ/Vtuber）
1964,たつろーゲームス,,8830,2026-08-28,0.0,0.0,,要確認（長尺動画なし）,,https://www.youtube.com/channel/UCJi9sa-7OIDOyZd0fs78k5g,
1965,しぶにぃチャンネル,,8820,2026-09-14,0.0,0.94,,外す（ゲーム動画なし）,,https://www.youtube.com/channel/UCRfg4mnLlCLLwXT3Etu-7ZQ,いよいよＭリーグ開幕！　感謝のＭリーグ段位戦　雀聖に上がるまで禁酒！　２７日目　雀豪①　【魂天の道　＃１１９】
1966,はるミーのゲーム部屋,,8820,2026-10-09,0.77,0.92,格闘,残す,,https://www.youtube.com/channel/UC3zdVvlOd5HwePjcaAHstAQ,【EVO France 2026】餓狼伝説CotW Top24～8
1967,jobo the hobo,,8810,2026-08-16,0.58,0.0,アクション（横スクロール）,外す（日本語の配信ではない）,,https://www.youtube.com/channel/UCzCwZF2TgCjw5qSoC6rIDUg,Big Moments in Big Walk pt.2 #bigwalk #indiegame #indie #coo
1968,西鍋ん家【にしなべんち】,,8810,2026-09-12,0.0,1.0,,外す（ゲーム動画なし）,,https://www.youtube.com/channel/UCQzcbh7skg8ESTXuofFoO5Q,SFC【ダビスタ９６】本日西鍋ん家！1周年記念配信です！
1969,すぐあきる,,8790,2026-09-10,0.0,0.0,,要確認（長尺動画なし）,,https://www.youtube.com/channel/UCFQsruktb_ag_ldIHZoALyw,
1970,あおばじゃぱん,,8760,2026-10-06,0.5,1.0,シューター,残す,,https://www.youtube.com/channel/UCur7LaX5ukiOXErFWHl-Y2Q,【CRカップ】第二幕、衝撃のチーム名決定【あおばじゃぱん/柊ツルギ/SPYGEA/まろん】
1971,えびもりチャンネル,,8710,2026-08-28,1.0,1.0,ストラテジー,残す,,https://www.youtube.com/channel/UCrqADVorBt3nxYTDu09Hrmg,【DBD】ジャッジメントを”審判”する配信　本当にできれば救いたい
1972,じゅうえん,,8690,2026-08-31,0.0,0.0,,要確認（長尺動画なし）,,https://www.youtube.com/channel/UCrd6FSKQorgpUXaBlsEicYQ,
1973,桜川モナミ / Monami's GAME Ch.🎮,,8670,2026-09-28,0.89,1.0,アドベンチャー,残す,,https://www.youtube.com/channel/UC8RPl9KN1UwND3lWA0mdSsg,【#アークナイツ】完全初見＆読み上げ📖『暗黒時代（下）』を読むぞ！【桜川モナミ】
1974,あかどらん,,8650,2026-09-02,0.6,1.0,,残す,,https://www.youtube.com/channel/UCqRI7kmIlNEm1XgohNcVbAw,【#エンドフィールド】絶対にすり抜けないティフォロスガチャ
1975,Impress eSports Club,,8630,2026-09-24,0.1,1.0,シミュレーション,残す,,https://www.youtube.com/channel/UCnK6O204gU-4Swtn2GgqYpw,天下分け目の学力バトル 三英傑 - ガチくんに！
1976,ぽりたんネオ,,8550,2026-08-30,0.0,0.0,,要確認（長尺動画なし）,,https://www.youtube.com/channel/UCBSHL4fVoXjcjcg7QeT8wuA,
1977,はいおくゆっくり実況,,8530,2026-08-23,0.11,1.0,RPG,残す,,https://www.youtube.com/channel/UCaU8OvkOs2sKsiw186n046A,【ゆっくり実況】BOF2絶対に覚えておきたい究極合体！【ブレス オブ ファイアII 使命の子】【スーパーファミコン】【攻
1978,氷川つきチャンネル,,8520,2026-09-04,0.92,1.0,アクション（横スクロール）,残す,,https://www.youtube.com/channel/UCVXhVrY3Qn4iCbpxwilUShw,【スマブラSP参加型】さあ今日もガチで戦うぞ！汗できたぞ燃えるぞ！男の娘VTuberが逆VIP帯の練度・技術・技で勝つ！
1979,南瓜ぐてぃ with 西瓜@RPG ch.,,8510,2026-08-23,0.0,1.0,,外す（ゲーム動画なし）,,https://www.youtube.com/channel/UChBQnbt4SHY9LXrkSW3FoAg,【ゆっくり実況】SFC版 ファイナルファンタジー5 初見 #19【南瓜ぐてぃ】
1980,こて太郎,,8500,2026-09-01,0.86,1.0,,残す,,https://www.youtube.com/channel/UC9D5pLR_dwe4fM7eRvKMsqg,【鬼畜】最終ステージまでマサムネに触れられない縛りをしたら想定外の結果になった件について【モンスト】
1981,TAIchannel,,8490,2026-08-31,1.0,1.0,シューター,残す,,https://www.youtube.com/channel/UCq9Bde_qzbXSX89YBH2Oq5Q,【APEX】参加型カジュアル／参加したい場合は固定コメント読んでね／主はウィングマン縛り『3809時間目』
1982,CUTMAN【カットマン】,,8470,2026-08-27,1.0,1.0,RPG,残す,,https://www.youtube.com/channel/UCYi7i6oLyMa79Vms2LbN6Uw,【lol】ダリウス対面でEを無効化する距離感がこちら
1983,おってぃチャンネル,,8420,2026-09-15,0.75,1.0,レース,残す,,https://www.youtube.com/channel/UCPqU89B9G0163uxUmlClJrA,【Gear Club Unlimited 3】神ゲー？微妙？評価レビュー！Switch/PS5の新作リアル系レースゲーム
1984,ロウひなんゲーミング,,8420,2026-10-06,0.8,1.0,アドベンチャー,残す,,https://www.youtube.com/channel/UCWWuaeHoiAq8BsfKefwCIgg,【トルネコリマスター】AIネネと一緒に『もっと不思議のダンジョン』をクリアします
1985,みゃー🐾【VRゲーム実況Vtuber】💫毎日3D配信,個人勢,8410,2026-08-24,1.0,1.0,シューター,残す,,https://www.youtube.com/channel/UCO82mqyfgAglfWWTcksZ7hw,VRゲーム実況【Wanderer】🕰️🌍VRタイムトラベル＃04
1986,りかしぃ切り抜きch,,8400,2026-08-13,0.0,0.0,,外す（切り抜き）,,https://www.youtube.com/channel/UCp5SwXnh7sf9ahqtmsF3Ncg,
1987,赫-アカ-,,8380,2026-09-22,0.8,1.0,アドベンチャー,残す,,https://www.youtube.com/channel/UCbSDhBbe8TZMEyM_Ew1VR6A,オセロに革命が起きたぞ！『Extreme Reversi』
1988,Hina Ch. 狼牙ヒナ,,8380,2026-09-24,0.73,1.0,RPG,残す,,https://www.youtube.com/channel/UClDk7PDLjoP29_JDvfwt-Ug,【#FGO】初見実況！黄金樹海紀行ナウイ・ミクトラン 惑星を統べるもの part5第6節～【おおかみVtuber/#狼牙
1989,にじさんじのClips【にじさんじ切り抜き】,,8380,2026-10-05,0.0,0.0,,外す（切り抜き）,,https://www.youtube.com/channel/UCg9CeykFGtRcpuUEpKUXxjQ,
1990,Game2realism,,8310,2026-09-28,0.0,0.0,,要確認（長尺動画なし）,,https://www.youtube.com/channel/UCgBImcOaoDEjtuAaFtOllpg,
1991,きょうき,,8310,2026-08-28,0.0,0.0,,要確認（長尺動画なし）,,https://www.youtube.com/channel/UC6Mf30bTZj2cXH9wmlcOCkw,
1992,即死ちゃん ,,8310,2026-10-05,1.0,1.0,シューター,残す,,https://www.youtube.com/channel/UCrfGoYhZXCARrGs3ZDSdXMw,【APEX】しばきます
1993,夏菜やまと-LoLカタリナ解説-,,8300,2026-08-28,0.0,0.0,,要確認（長尺動画なし）,,https://www.youtube.com/channel/UCINYAsNAhkwJItxjwbFoAWA,
1994,たじろん,,8300,2026-09-04,0.0,0.0,,要確認（長尺動画なし）,,https://www.youtube.com/channel/UCX7Kcs87cpXrD9Z190RD9ng,
1995,くろがねch,,8300,2026-09-22,0.0,1.0,,外す（ゲーム動画なし）,,https://www.youtube.com/channel/UCNpwqmTF5AZHHU4Ok0THDMw,【ドラクエウォーク】雨のヘルプラネット１ターン完封攻略！ケキ月輪ゲレゲレなし！ある属性を盛ったらできました！
1996,ぺいんと面白伝道師 / 切り抜き,,8280,2026-08-16,0.0,0.0,,外す（切り抜き）,,https://www.youtube.com/channel/UCa_2JWlpKHFlZS4qoZ3AOxQ,
1997,ぽみ / Pomi,,8280,2026-09-04,0.3,1.0,シューター,残す,,https://www.youtube.com/channel/UCBSwm6lkDOKmrZUo_D3WX-Q,🌈💙# 338【 グランツーリスモ 7 】国体タイムアタック❣️ 雑談ウィークリー　アフタートーク雑談　楽しんで走るよ～
1998,ぶいすぽ好きのひよこ,,8250,2026-09-12,0.33,1.0,,残す,,https://www.youtube.com/channel/UCY52ChlPzGWIF4CzI2SdF4Q,【スト6】関優太とランクマでマッチするエマたそｗｗｗ【藍沢エマ/ぶいすぽ】
1999,ぬこの無課金攻略【図解ガチ解説】,,8220,2026-09-09,0.33,1.0,,残す,,https://www.youtube.com/channel/UCYp-FIdB2jYGBoUZnsfIonw,【ブレソル】新機能ボックスガチャの仕様解説！曳舟桐生の性能はどう？
2000,朝比奈めいこ /  Asahina Meiko Ch,,8180,2026-09-10,0.4,1.0,RPG,残す,,https://www.youtube.com/channel/UCZrVFr-J9TtVB5F1-gnOvsw,【 ポケットモンスター赤 】初代ポケモン！へたっぴメイドがポケセン＆ショップ封鎖縛りでいくぞっ！# 9【 Vtuber 
2001,こうよう,,8170,2026-09-17,0.18,1.0,,残す,,https://www.youtube.com/channel/UCGMlzFH-DvG16jtrL9mYE0w,aokiさんと20先→参加型【ぷよぷよ】#ライブ
2002,ここっとスクエア【ここスク】,,8170,2026-09-10,0.62,1.0,,残す,,https://www.youtube.com/channel/UCr84UVEclmJAprFgT7ABMRQ,ホロライブ初心者！1カ月経ったので現状の推しは誰なのか決めに行く！【ホロライブ勉強会】
2003,すきやきぼし,,8160,2026-08-27,1.0,1.0,,残す,,https://www.youtube.com/channel/UCDQIjpfFgKkWkgCYRVFYoqw,調子が悪い時は掘りを頑張る【ぷよぷよテトリス２】
2004,エスケーサブ配信者,,8160,2026-09-06,0.5,1.0,,残す,,https://www.youtube.com/channel/UCxTRT8WN2QTtTIpFpfeIx9w,深夜にこっそり戦闘力あげてるエクスタシーから軒並み戦闘力をカツアゲしたら面白すぎたwww【スマブラSP】
2005,しょこらぁ。-chocolaa.ch-,,8150,2026-08-28,0.0,0.0,,要確認（長尺動画なし）,,https://www.youtube.com/channel/UCi0-M5AY22Y2-EL5-L6DO_Q,
2006,ニオコルちゃんねる【ヨネコト】,,8150,2026-09-09,0.0,1.0,,外す（ゲーム動画なし）,,https://www.youtube.com/channel/UCBn2ND-01xW6WCL5eVDR33A,【📻ゲーム雑談】ゲーム運営開発がリーク（情報漏洩）を受けると、どんな被害や対応をする羽目になるのかの話【ヨネコト】
2007,シムパパ,,8140,2026-08-28,0.95,1.0,シミュレーション,残す,,https://www.youtube.com/channel/UCAPOhQTxUeThTaKu81NStYw,＃06【Survival Log】Roop2回目 DAY2-5 死に戻った記憶を頼りに2回目に突入【ゲーム実況】
2008,ぱちれぐ,,8130,2026-09-22,1.0,1.0,,残す,,https://www.youtube.com/channel/UCDKgEHgHKEQ6fqTm_u2-ilg,【スマブラ】体力制でバレーしたら無限に続けれる説【大乱闘スマッシュブラザーズSP】
2009,レベルスチャンネル,,8090,2026-09-27,1.0,1.0,,残す,,https://www.youtube.com/channel/UCnazGjh_HPAG0sQ87K1l9WA,【スト6配信】視聴者参加型・縦型配信8746対戦会【ストリートファイター6・ STREET FIGHTER 6】
2010,最終兵器俺達切り抜きch,実況グループ,8050,2021-11-30,0.12,1.0,,外す（切り抜き）,,https://www.youtube.com/channel/UC75jvw9SIk7WWW5xUDoSTNg,【最終兵器俺達】こーすけのことが大好きなキヨ
2011,アニゲー部「ゲームアニメ反応集」,,8050,2026-09-28,0.6,1.0,アドベンチャー,残す,,https://www.youtube.com/channel/UC1rIqpQ_KaOm4AzCtqOCwcw,[エースコンバット８]ミハイ「シーヴの翼...君と戦いたかった...」#acecombat  #反応集
2012,ながれ,,7980,2026-08-24,0.0,0.0,,要確認（長尺動画なし）,,https://www.youtube.com/channel/UCruhOE4OyrtIZWNLHTv-sAQ,
2013,【公式】切り抜きレオ,,7970,2026-09-08,0.0,0.0,,外す（切り抜き）,,https://www.youtube.com/channel/UC_tqefplsnXoR7M6lP79hFQ,
2014,むー。／ MU-.,,7950,2026-10-05,0.0,1.0,,外す（ゲーム動画なし）,,https://www.youtube.com/channel/UCDflINGoqKCw9hUEEWNQcJg,Sランク行けそうだしやるぞ妖怪ウォッチ!!!
2015,ぽてとちゃん。,,7930,2026-08-21,0.5,1.0,ポイントクリック,残す,,https://www.youtube.com/channel/UC37WqMm_OKSFCRMDxULtjjw,【感動】私ぽてとちゃんの視聴者さんが作った推理ゲーム『霧原探偵事務所』
2016,つばちか!　ゲーム実況チャンネル,,7930,2026-09-06,1.0,1.0,RTS,残す,,https://www.youtube.com/channel/UCWPA354ftDi8uvfF7jG9pZQ,【PS】後発の格闘ゲームDOA・初回作のPS移植版をプレイするぞ【テクモ】
2017,フレとこCafe【にじさんじ切り抜き】,,7920,2026-10-05,0.0,0.0,,外す（切り抜き）,,https://www.youtube.com/channel/UCDre-DmokiK9r3sOHaUYg9A,
2018,ルート幻想水滸伝SP無課金初心者攻略,,7910,2026-10-04,1.0,1.0,,残す,,https://www.youtube.com/channel/UCBmPPVrJFISDzuCOWfuOSpQ,【SSRユアが強すぎた】新幻闘テンリュウ/ダイヤモンドフルオート攻略編成攻略！強いタンクの配置方法検証と低レアのジョルデ
2019,たろちんDB,亀戸組,7900,2026-08-27,0.63,1.0,アドベンチャー,残す,,https://www.youtube.com/channel/UCVo6Q3T0sNzqV_bdYDVkyaw,【黄泉に落ちても麻雀】地獄麻雀では何をやってもよい
2020,【三間飛車】モックンのモクモク将棋実況,,7890,2026-08-28,0.0,1.0,,外す（ゲーム動画なし）,,https://www.youtube.com/channel/UCwhkQSAInoWVFKSVoWJKDsg,ただ指します、将棋を指します【将棋ウォーズ】
2021,オソシ,,7880,2026-09-21,1.0,1.0,,残す,,https://www.youtube.com/channel/UCHyZwYVKklAfo-eIIzaugdw,電気玉ミミッキュという生き方【ポケモンチャンピオンズ】
2022,リア・アマリア,,7850,2026-09-27,0.9,1.0,RPG,残す,,https://www.youtube.com/channel/UCA-Y-PuEtcdkdj5KKaq4N8A,【Vtuber】🔰ソロでR.E.P.Oをやります【ゲーム配信】
2023,sozakura yunoa / 楚桜ゆのあ ch.,,7840,2026-08-28,0.45,1.0,シューター,残す,,https://www.youtube.com/channel/UCwkKu_ihRRMGdsexR0CuVvA,【飲酒雑談】8月末！すべり込む夏の晩酌！！【個人勢Vtuber/楚桜ゆのあ】
2024,近所の切り抜き屋,,7840,2026-09-08,0.0,0.0,,外す（切り抜き）,,https://www.youtube.com/channel/UCZ-g00QUPf2rCCeUQXsyXug,
2025,ゆーまらすchスプラおにいさん,,7810,2026-08-28,1.0,1.0,,残す,,https://www.youtube.com/channel/UC2XN28IUEDPpb23H7G3240w,【全力逃亡】ジェットブーメランから逃げ切ったらとんでもないことになったんだがwww【スプラトゥーンレイダース】【スプラレ
2026,らいふ,,7810,2026-09-03,1.0,0.65,アドベンチャー,残す,,https://www.youtube.com/channel/UC-9DCH-4cKm6g205JB8DuRw,【鬼武者 Way of the Sword / Onimusha: Way of the Sword 】初見実況配信！【
2027,甘果いちご,,7810,2026-09-06,1.0,1.0,シューター,残す,,https://www.youtube.com/channel/UCOIFzMB8R6ypLQZ3mb0RnIQ,【BF1】キャンペーンまとめ見！第一次世界大戦の物語に引き込まれる！【Battlefield1:甘果いちご】
2028,くらげ【ゆっくり実況】,,7770,2026-08-21,0.05,1.0,パズル,残す,,https://www.youtube.com/channel/UC7gCqXq070jCFeouNGc3YIA,【BOMBANANA!】おふざけ爆弾解除係
2029,三本狂火,,7750,2026-09-01,1.0,1.0,,残す,,https://www.youtube.com/channel/UCxs80NFwmoemsoC3OxNjvrQ,【エルデンSW2】考察プレイ生配信004　TarnishedEditionを新素性で最初からプレイ！新登場アイテムは新た
2030,ホビドワ,,7740,2026-09-06,0.67,1.0,アドベンチャー,残す,,https://www.youtube.com/channel/UCil0d39KU_H-R0kBTA_T4-w,【Divinum】実質2Dデビルメイクライ！空中で爽快コンボを叩きつけるアクションアドベンチャー【ボス戦まとめ 総集編】
2031,狐森ろべ / Komori Ch.,,7710,2026-09-22,0.74,1.0,パズル,残す,,https://www.youtube.com/channel/UC1H4wogIvYz7aVmaDpFA99Q,【雑談 / 手元カメラあり】お誕生日なので🍰ケーキ食べて血糖値【狐森ろべ／VTuber】
2032,Feles,,7700,2026-09-20,0.9,1.0,シューター,残す,,https://www.youtube.com/channel/UCzoWNMbwewNNZEbyHR2h4aw,【EFT】アリーナのすゝめ【タルコフ】
2033,Vtuber Showdown【Vtuber格ゲーch】,,7700,2026-09-30,0.77,1.0,,残す,,https://www.youtube.com/channel/UCLjhB_Lj04DbwGWCXyt9N6Q,【スト6】一番かっこいいキャラは誰？？格ゲー女子の白熱トーク【斜落せつな/ラクシャーナ/ろぜっくぴん/飛良ひかり/天宿な
2034,Raid Shadow Legends / BSえーこりん,,7660,2026-08-29,0.94,1.0,RPG,残す,,https://www.youtube.com/channel/UCdE9ao4b0_aRnuEfaz3TWvg,レイドシャドウレジェンド ストーリー完全把握 映画感覚で観るこの動画一本に全収録 日本語字幕版 ※ネタバレあり【ダークフ
2035,かに,,7660,2026-09-27,0.0,0.0,,要確認（長尺動画なし）,,https://www.youtube.com/channel/UCLIIKI6THlii_wOAII4hFug,
2036,なるる / naruru,,7650,2026-10-07,0.57,1.0,シューター,残す,,https://www.youtube.com/channel/UCaSrX9AvpvYhdjG3ypQyHyw,🔴【 コラボ 】常勝無敗ぐぬぬちゃんと協力ゲームするぞ！【 Logriders 】
2037,ピエールシャルル・葡萄,,7620,2026-10-04,0.92,1.0,,残す,,https://www.youtube.com/channel/UCGbXGgqthO3Nr-uPYDf3KiQ,【神ゲー最新作】海外制覇 熱血道【ダビスタ２#10】
2038,Spacey,,7600,2026-08-21,0.29,0.0,アドベンチャー,外す（日本語の配信ではない）,,https://www.youtube.com/channel/UCIsNFb7bTpiy92MzbVXK-RA,My FIRST TIME on Extinction!!!
2039,だいふく,,7580,2026-08-26,0.0,0.9,,外す（ゲーム動画なし）,,https://www.youtube.com/channel/UCDTs_GdsgcUGd7VkG8DAakQ,ヨネヤスオのクリティカルが最強になった件
2040,うにか,,7560,2026-09-04,0.32,1.0,アクション（横スクロール）,残す,,https://www.youtube.com/channel/UC98NzqvofaL638fEL9hu9eA,【鬼武者】Way of the Sword　初見プレイ 難易度剣戟に挑戦【マルチゲーム系Vtuber/うにか】【ネタバレ
2041,ぽんちゃん,,7550,2026-10-06,1.0,1.0,,残す,,https://www.youtube.com/channel/UCalvPfn3czl0dHu2y5ZVLLA,【参加型】統合版マインクラフト！現代都市づくり！！
2042,ホン・ユニのホラゲ実況,,7540,2026-09-21,1.0,1.0,RPG,残す,,https://www.youtube.com/channel/UCpQU-yQV1mSlHi9XSONsppA,【キムタクが如く２】完全初見！ロストジャッジメントやるぞ【LOST JUDGMENT 裁かれざる記憶 / 顔出し実況プレ
2043,つくねDE,,7540,2026-08-28,0.0,0.0,,要確認（長尺動画なし）,,https://www.youtube.com/channel/UCTQ-CdkW1aWhQDRHgLm4Z0g,
2044,のぶのゲーマー日記,,7520,2026-08-28,0.85,1.0,,残す,,https://www.youtube.com/channel/UC1lXp4j9uoq-_4SX9SggKdw,土曜の大会に向けて開眼スト6 #スト6
2045,プロスピ投球ラボ,,7520,2026-10-06,0.18,1.0,,残す,,https://www.youtube.com/channel/UC4rj9tBzuPn1F9tvwjjpyrA,福岡ソフトバンクvs青道高校【パワプロ2026】
2046,aruka_ch_,,7490,2026-08-27,0.64,1.0,,残す,,https://www.youtube.com/channel/UC01lZajiwtd1LDzUkbEqogA,【スト6】金曜日！大会前だけどのじゃりたい！！【 #あるか絶叫中 #同時配信 】
2047,みゅう@ぷにぷに,,7480,2026-08-29,0.0,1.0,,外す（ゲーム動画なし）,,https://www.youtube.com/channel/UCRI7JQxRYDedUK1lLXzQu8A,五等分の花嫁コラボ情報ざっくりまとめ！【ぷにぷに】【ぷにぷに百物語9弾/かのかりミニコラボイベント】
2048,くろのす,,7470,2026-09-21,1.0,1.0,シューター,残す,,https://www.youtube.com/channel/UC2_1IJsZlCbiY3Npn9RuCFg,【🔴参加型配信🔴】夏すぎさったと思ったら7か所蚊に刺されてブチ切れなので配信(？)/フォートナイト配信 #フォートナイト
2049,みみまる,,7450,2026-08-22,1.0,1.0,シミュレーション,残す,,https://www.youtube.com/channel/UC25fYAhVzFpQ5Rg4VOJ_Q9g,【ぽこポケ】🐋時計台を囲む青の海ぞこの街🫧｜ ブクブクうみぞこのまち｜ぽこあポケモンの街づくり・建築｜作り方・解説付き【
2050,みやPチャンネル,,7440,2026-08-24,0.0,1.0,,外す（ゲーム動画なし）,,https://www.youtube.com/channel/UCpbJYqcPopjrofh-mcKNAnw,【5連勝達成！】發王の見てるだけで上手くなる雀魂「雀聖2」雀王A１リーガー宮崎和樹プロ(みやP)の思考を全てを実況しなが
2051,カヤハナタ〈脱出系ゲーム実況者〉,,7440,2026-08-31,0.0,1.0,,外す（ゲーム動画なし）,,https://www.youtube.com/channel/UCKCeShWNwAyOu0iWyx1NBDg,【ネタバレ注意】出会ってしまった…【都市伝説解体センター Part21】#都市伝説解体センター #推理ゲーム #ゲーム実
2052,夏芽川アキ / Natsumegawa Aki,,7430,2026-08-27,0.2,1.0,,残す,,https://www.youtube.com/channel/UC8f0CKYBVo4enRKF00XIw1Q,【 18TRIP / エイトリ 】ついに読むぞ、ちぃ様フィチャ！！こんなに楽しげな名前なのに泣けるってガチですか…？？？
2053,何それ!? ゲーム速報,,7420,2026-09-29,0.43,1.0,アドベンチャー,残す,,https://www.youtube.com/channel/UCLfUYPjiihODeeBzlnpf7Fg,【FF7R】なぜFF7リバースのプラチナ率は2%に低迷したのか？浜口Dの「次回作緩和」発言とプレイヤーの不満の真相
2054,syakegohan (しゃけごはん),,7410,2026-08-20,1.0,1.0,パズル,残す,,https://www.youtube.com/channel/UCjaIDXm6AZz1fMkBT-OU8Ag,vs あちみつさん 3先3セット先取 Part5【ぷよぷよテトリス２】
2055,アーカネ財団,,7400,2026-08-07,0.1,1.0,RTS,残す,,https://www.youtube.com/channel/UCVV8sCxdCyh3Nj6ouiFsUIg,【ゲーム制作日記】ダンジョン経営ゲームを作るで！【ボイスロイド実況】１８話
2056,たまねぎけんしLv.87【ゆっくりレトロゲー実況】,,7360,2026-09-04,0.25,1.0,アドベンチャー,残す,,https://www.youtube.com/channel/UCj_llXmkRL4XVbQtwowXkyw,【ゆっくり実況】難易度銀河級!?スーパースターウォーズ 【レトロゲーム】 SFC スーパーファミコン SUPER STA
2057,天神シニア,,7340,2026-08-26,0.3,1.0,アドベンチャー,残す,,https://www.youtube.com/channel/UCIc_WCIurQuj3Maf2n-ozlg,【#日本事故物件監視協会3 】ガチの心霊現象が起きると噂の新作ホラゲやる【#JSP3 /#jsp /#vtuber/#ホ
2058,どえむげーまーらうる,,7320,2026-08-27,0.33,1.0,RPG,残す,,https://www.youtube.com/channel/UCSAPk26q_2xbnVVvAWGQ6vw,【極限縛り】FF6 メニュー開閉一切禁止でクリアを目指す配信 #レトロゲーム
2059,鳴潮らヴぁー,,7320,2026-09-10,1.0,1.0,,残す,,https://www.youtube.com/channel/UCi6AMKJwT3OMNloK32VsVWg,【 #鳴潮 】初心者必見！星声の集め方解説！ 【wuthering waves】
2060,かるみど【マイクラ】,,7320,2026-09-23,0.0,0.0,,要確認（長尺動画なし）,,https://www.youtube.com/channel/UCjfn1vHNSLBDwM3f0XVL98Q,
2061,272 【ぶいすぽ切り抜き】,,7310,2026-08-25,0.0,0.0,,外す（切り抜き）,,https://www.youtube.com/channel/UCLNI_djAPvsMFihOFblOhhg,
2062,ちょたぴゲームズ / Chotapi Games,,7300,2026-08-29,1.0,1.0,ストラテジー,残す,,https://www.youtube.com/channel/UCt7tmYyy-UOwHKQHLIKm8iw,"小学4年生9歳が世界9,927位！フォートナイト リロードランク3試合ダイジェスト【ハイライト有】"
2063,ラッキーハゲの麻雀LIVEチャンネル　,,7290,2026-08-28,0.8,1.0,RPG,残す,,https://www.youtube.com/channel/UC_1Zrw5MVS6yH1dOz7XNT0g,#魂天リーグ   敗者がいるから試合は成り立つのだ 　木原浩一視点
2064, なぎせいな / 凪世薙,,7290,2026-08-29,0.35,1.0,シミュレーション,残す,,https://www.youtube.com/channel/UCUMdDOXXGI2YYfL_gSHyIjg,【キニーと名状しがたいおでん屋】シーフード最終形態ギガロドン＆クラーケン大量生産...！？合体しまくって最強海鮮無双。「
2065,sa-nigo,,7280,2026-09-22,1.0,1.0,,残す,,https://www.youtube.com/channel/UCDg_aGFI69hc66z3s1ZNgwA,[Minecraft] 誰でも参加OK！マイクラ統合版アスレチック参加型配信！(予定時間:21時～考えてねぇ) #マイク
2066,ショコサリア,,7270,2026-09-28,0.0,1.0,,外す（ゲーム動画なし）,,https://www.youtube.com/channel/UCo7tNmBOhOu3TVNxZWPAwmg,【ラグナロクオンライン 】B鯖 インペリアルガードやってくよ #ゲーム配信 #初見 #RO
2067,【最強サメ使い】RyoTaゲーム配信,,7260,2026-09-22,0.0,1.0,,外す（ゲーム動画なし）,,https://www.youtube.com/channel/UCiILb774N-EDn-4SfQw9-JQ,ヤグラXマッチはサメライド有利です
2068,ミツマタ,,7260,2026-09-29,1.0,1.0,シューター,残す,,https://www.youtube.com/channel/UCIC4vH8LWrz7hAZRlCTDfVQ,世界大会ラスマが激アツすぎた【フォートナイト】
2069,せなくバトラーズ,,7230,2026-10-04,0.27,0.93,,残す,,https://www.youtube.com/channel/UC_DiPjNqVO_ACE4i7ZiBv6g,世界一愉快な金達人狙い(不合格)
2070,ごじゃるレトロゲームVtuber,,7220,2026-08-29,0.5,1.0,RPG,残す,,https://www.youtube.com/channel/UCrj3Muoy1mtYHh0VD7bsjXw,【アーケード】プリルラ 実況プレイ配信【レトロゲーム/vtuber】
2071,しあ,,7180,2026-08-27,0.71,1.0,RPG,残す,,https://www.youtube.com/channel/UClZG1A0zG-yewBAwgYMgiig,【LoL解説】初心者必見！メイジアイテム全部解説してみた
2072,iZ(いず),,7180,2026-09-28,1.0,1.0,シューター,残す,,https://www.youtube.com/channel/UCnosv6d1sO0GqIn92XzUAwA,【WARDOGS】1000m先から一方的に狙撃する。超遠距離狙撃が楽しすぎた【紲星あかり/ボイロ実況】
2073,ポメヒ将棋チャンネル,,7150,2026-08-26,0.0,1.0,,外す（ゲーム動画なし）,,https://www.youtube.com/channel/UCQa6XXEAeKjkcJ3JRo0m24g,でっかい将棋配信【男性個人Vtuber】#棋桜
2074,最強になりたい格ゲーマーささき,,7130,2026-09-01,0.29,0.71,,残す,,https://www.youtube.com/channel/UCId2RDKXmVuYpk9i98f3sQg,【SFL2026】王者ZETA戦！iXA応援会場【第二節】
2075,るー,,7130,2026-08-29,0.0,0.0,,要確認（長尺動画なし）,,https://www.youtube.com/channel/UCejlJ1JpJZRESqViniRrghA,
2076,空友ちあ / ゆるちあちゃんねる,,7120,2026-09-27,0.89,1.0,,残す,,https://www.youtube.com/channel/UCTrkWa1J5etjnVRqy4NKKuA,【見守り型】#7   今月は早めに！破界の星墓攻略パパっとして、アムマラしたい！！【#モンスト 】＃空友ちあ
2077,如月ノイズ / noise【よにんぐみ。】,,7100,2026-09-22,0.53,1.0,RPG,残す,,https://www.youtube.com/channel/UCnXuWcdXFM-4hmRZBVEZLJA,【 耐久 】初見さん来ないと２４時間終われません…たすけて ！
2078,貴様まさか🦈,,7080,2026-08-28,1.0,1.0,ストラテジー,残す,,https://www.youtube.com/channel/UCKJh9uZbCzo6ugU5utaWQjQ,【REPO】幼稚園児たちに見えてきますよ【貴様まさか / 新人Vtuber】
2079,にじ切り抜きCh,,7080,2026-09-30,0.0,0.0,,外す（切り抜き）,,https://www.youtube.com/channel/UCHHs_RMw0h-lly1x7m1fnGw,
2080,用心BΩY,,7060,2026-08-26,1.0,1.0,ストラテジー,残す,,https://www.youtube.com/channel/UCxcgldGxCwHJwIoYy-dFRHw,#鉄拳8　今週もチクリンカップで九州に行くために振替！21時から　2先誰でもアモーレラウンジ対戦会　希望者にはプチアドバ
2081,レオン・ピカロン,,7060,2026-09-22,0.95,1.0,シューター,残す,,https://www.youtube.com/channel/UCby37xmSyr6AoBDKW6OeMEw,GTA5でヴェノムソニックのバイクが最強に進化！レベル1から100万までの挑戦！
2082,Takumin Games,,7040,2026-08-27,1.0,1.0,,残す,,https://www.youtube.com/channel/UCRGPVlZYqMhcUO-EFVXl6BA,【みんｺﾞﾙ ｱﾌﾟﾘ】ﾗﾝﾄﾅ実況20260817～★４ 「嵐対策」始動！
2083,石井一馬のづまチャンネル,,7040,2026-10-04,0.0,1.0,,外す（ゲーム動画なし）,,https://www.youtube.com/channel/UCBgo4o87oAPmQqlsyqkrCYw,【石井一馬の雀魂段位戦配信#7】玉の間で段位戦を打ちます。
2084,やくるてぃ【スマブラネタ&解説】,,7030,2026-09-22,1.0,1.0,,残す,,https://www.youtube.com/channel/UCNwSUqBamcrTnABeyqJPgGQ,【スマブラSP配信】プロ級ロイクロムでVIP50連勝目指す【初見さん歓迎】
2085,【偏差値130】東大医学部卒麻雀プレイヤー杉村健太ちゃんねる,,7010,2026-09-22,0.8,1.0,,残す,,https://www.youtube.com/channel/UC_QUzGowwU0x06DuUi06r5Q,【雀魂】東大医学部卒麻雀プレイヤーが雀魂しながら雑談する
2086,太神 陽 / Hinata Ooga☀️🍓,,6960,2026-08-26,1.0,1.0,,残す,,https://www.youtube.com/channel/UCyXT_Wf4wiT1k9J01GH3QMA,【ドラクエ７リイマジンド】#33 【クリア後】裏ボスリベンジ編！※ネタバレあり【ドラゴンクエストVII Reimagin
2087,ゼロアビ【ゼロアビリティ】,,6960,2026-10-06,1.0,1.0,,残す,,https://www.youtube.com/channel/UCCm5Srp9C51zD3v3GWA3WGw,【モンスト】新環境！取りにいこうかかインゼムニア！！！
2088,あP3,,6910,2026-09-10,1.0,1.0,,残す,,https://www.youtube.com/channel/UCKZY4Mj7KlrmKD_cnH0HY7A,👿鬼武者 way of the sword👿 ボス狩りを始めよう！！  #2
2089,染谷レイナ,,6900,2026-09-22,0.62,1.0,,残す,,https://www.youtube.com/channel/UC8Y1-8FdJUXHkR0qhClwpOg,【スーパーマリオブラザーズ】タイムスタンプあり！初代マリオに挑戦だあああああああ！！【染谷レイナ】
2090,布団ちゃんリマスター,,6860,2026-10-06,0.85,1.0,RPG,残す,,https://www.youtube.com/channel/UCOZ1fkhSyn2wqmvqqNwOHuA,布団ちゃんのハードモードCore keeperダイジェスト#1 [2026/10/06]
2091,うりり,,6830,2026-08-28,0.05,1.0,シューター,残す,,https://www.youtube.com/channel/UCeWHdQIyhz1kbp85Ps0ORgw,【FF6 ピクセルリマスター】RPG音痴が完全初見で挑む、名作ファイナルファンタジーVI【 #vtuber うりり】
2092,音無えりな,,6810,2026-08-27,0.5,0.9,シューター,残す,,https://www.youtube.com/channel/UClJo0WyLEOI5j_pOYzuSnWA,【鉄拳8】ドラグノフを少し ※同時配信中
2093,どすこいもなー漢のチャネラ,,6810,2026-09-20,0.0,0.0,,外す（ゲーム動画なし）,,https://www.youtube.com/channel/UC8CGnFyHzHtgAFhK5yq9m6A,野良→視聴者対戦
2094,KORIN.鈴ノ音コリン,,6810,2026-10-02,0.82,1.0,ストラテジー,残す,,https://www.youtube.com/channel/UChumlH9pZaqTfDoSRApbB1Q,【#VBC2026  / #パワプロ 】泣いても笑っても最後の甲子園！！！全員で戦うぞーーー！！【#栄冠ナイン  #vt
2095,ゲンヤ Genya,,6800,2026-08-27,1.0,1.0,,残す,,https://www.youtube.com/channel/UCZbjt_lZLiGcGTDw2zzjrQQ,【初見・質問歓迎】結局気合と我慢 鉄拳8 シーズン3
2096,そこはかとなく,,6780,2026-09-22,0.08,1.0,,残す,,https://www.youtube.com/channel/UCFW-y5s9pS6Rx_F-FrVRWhQ,AIドット絵バトルで描いた絵をちゃんと描いてみた
2097,カクブロ,,6750,2026-08-27,0.33,1.0,,残す,,https://www.youtube.com/channel/UCiKL7X_ASaHxT59kCmKox6Q,オフ会ありがとう&お疲れ様でしたアフターパーティ会場
2098,チベスナ / TibeSuna,,6750,2026-08-28,0.92,1.0,ストラテジー,残す,,https://www.youtube.com/channel/UCLW2U4dURPu5oG-NYfcJ4tg,我々がDbDをやる理由 Pt.3【Deadbydaylight/デッドバイデイライト】 #チベスナ
2099,つむぎ,,6740,2026-10-01,0.0,0.0,,要確認（長尺動画なし）,,https://www.youtube.com/channel/UCBsaRrY0azx7x9j4TqrvIUg,
2100,けしごむ,,6730,2026-08-23,0.95,1.0,,残す,,https://www.youtube.com/channel/UCu6pm6RcPODzb73eOn9fuUg,【ドラクエ11s】初期ステータスで世界を救う縛りプレイ(MOD使用) 【ゆっくり実況】EX-4
2101,miyavi_ngos,,6730,2026-09-08,0.75,1.0,,残す,,https://www.youtube.com/channel/UCdiqIPVo1wvTgzDdIywa-jA,鉄拳8【ver.3.02.01】ボブ_コンボ動画(COMBOMOVIE)
2102,TOMATIN ch,,6710,2026-08-29,0.9,0.9,シューター,残す,,https://www.youtube.com/channel/UCuZukuCUNhiAbB5r7ZMmMUw,【COD Mobile】視聴者参加型配信‼️‼️
2103,夜紺 火花 / Yakon Hibana,,6710,2026-10-03,0.0,1.0,,外す（ゲーム動画なし）,,https://www.youtube.com/channel/UCgKjo_iSJpFmXQypArDztYA,【#歌枠￤#KARAOKE 】ごきげんよう。【#新人Vtuber #vsinger #夜は紺色】
2104,桃之もれん Momono Moren Ch,,6700,2026-08-28,0.19,1.0,アドベンチャー,残す,,https://www.youtube.com/channel/UCcuv9tBNHNNhprs-Xwt44QA,【ファンタジーライフi】完全初見🔰探索！バカデッカーナ大陸✨ストーリー攻略中！
2105,S.A.K.R　【サークル】,,6690,2026-08-09,0.5,1.0,パズル,残す,,https://www.youtube.com/channel/UCsKoQh06oMVOVk3BrCAhpdg,【One Shot】一度きりの冒険
2106,Neko240,,6670,2026-08-27,0.0,1.0,,外す（ゲーム動画なし）,,https://www.youtube.com/channel/UCvCWgabpZfHGb8koYMYQk2A,"【バイオRE4/ランダマイザーMOD】変更多数！難易度が爆上がりしたランダム世界でノーデスチャレンジ！No,19【BIO"
2107,たいじぇすと【たいじ切り抜き】,,6660,2026-08-20,0.75,1.0,シューター,外す（切り抜き）,,https://www.youtube.com/channel/UCSPv1e_WlmJgk7AKTByB0sQ,もこうのスカイダイビングを見るたいじ
2108,ああくGAMEチャンネル,,6660,2026-09-22,0.0,1.0,,外す（ゲーム動画なし）,,https://www.youtube.com/channel/UCftNWlxos1P1I9uFSX76v0A,【Steamセール】シルバーウィーク何遊んだ？ セール終了日 9/26～28日まで 25選
2109,まーぼの大剣一閃-乙式-,,6640,2026-09-22,1.0,1.0,,残す,,https://www.youtube.com/channel/UCEqs7mVf6iUkXxXrw0FSlXg,"【ほの暮しの庭｜ほの暮しモード】彼ヶ津村で""スローライフ""と""ほの暗さ""にどっぷりつかる配信 #36"
2110,白河水月 / Mitsuki Shirakawa,,6630,2026-09-04,0.89,1.0,レース,残す,,https://www.youtube.com/channel/UCgOGJOPEjfwALrVdCqRWwLg,🔴【妹に運転を教える】頼むからお姉ちゃんの言うことを聞いてくれ🌙ペーパードライバーの妹にアドバイスをして無事に目的地へた
2111,りゅうくま,,6570,2026-09-22,1.0,1.0,,残す,,https://www.youtube.com/channel/UCv9-TzDTHp_7l_K6l_c3JQg,スマブラ参加型配信【スマブラSP】
2112,アクアch.【ゆっくり実況】,,6570,2026-08-25,0.27,1.0,シューター,残す,,https://www.youtube.com/channel/UC-_lHglejPZTn02a1F6BamQ,【恐竜が邪魔！！】一般人が1時間本気でTA練習したらタイムはどれくらい速くなるの？#18「ディノディノジャングル」【ゆっ
2113,ヨシ-yoshi-のゲーム実況チャンネル,,6570,2026-08-30,1.0,1.0,,残す,,https://www.youtube.com/channel/UCOk6xKN1t6GKFhjXOG0gNyQ,ヒュルケンベルグと誓いの絆！真の騎士への覚醒と「盲信の塔」での地獄の特訓【メタファー：リファンタジオ】#27
2114,うっほい聖人,,6560,2026-09-02,0.78,1.0,,残す,,https://www.youtube.com/channel/UC0CFCqJPJGbihJqo_AQrO2w,【視聴者参加型】1時間楽しみます！スマブラ336回目の配信!主VS視聴者のエンジョイ専用部屋
2115,チェゴヤ,,6510,2026-08-28,0.67,1.0,RPG,残す,,https://www.youtube.com/channel/UCV4W1LbWyEq9VlRzKp2R4mw,【LOL】どちら様ですか？
2116,ONWAのゲームチャンネル,,6510,2026-08-28,0.0,1.0,,外す（ゲーム動画なし）,,https://www.youtube.com/channel/UCgZj9I84--PHQNIwsFhozZQ,"クッパ城3 1'13""91 スーパーマリオカート150cc NBT"
2117,浅葱なぎ,,6510,2026-09-02,0.86,1.0,RPG,残す,,https://www.youtube.com/channel/UCeQt_YY1AMfpUjEkhY7vrwQ,新バージョン来たぁ！再旅者ティフォロス引くぞッ！【 アークナイツ： #エンドフィールド｜公認クリエイター】#PR #ぶい
2118,椿 くおん -Tsubaki Kuon-,,6490,2026-08-30,0.4,1.0,RPG,残す,,https://www.youtube.com/channel/UC2do9S4mKf6HLrjNPOlsZ6g,【#ウマ娘 】完全初見🔰ウマ娘のモデルを知る🐎フジキセキ・ファレノプシス編 #vtuber #ウマ娘プリティーダービー 
2119,さと,,6490,2026-08-30,0.05,1.0,シューター,残す,,https://www.youtube.com/channel/UCnxjzXHUzCH68KzO1p0l06Q,【ゲームボーイ】ウィザードリィ外伝Ⅰ 女王の受難 初見実況 #15【Vtuber】
2120,かにみそ Kanimiso,,6490,2026-09-07,0.68,1.0,シューター,残す,,https://www.youtube.com/channel/UCRSod5OLSE0QvL3K3mmGZsg,【雀魂】秋服は何月から着るの？　#個人勢vtuber  #かにみそ #段位戦
2121,ねこビルドのきび,,6480,2026-09-21,0.47,1.0,シミュレーション,残す,,https://www.youtube.com/channel/UCKfY3Fsnl2olGxrGe6Y-mYQ,色違いだけでムシキングを目指します【カブトパーク】
2122,しゃもじ豆,,6470,2026-09-03,0.0,1.0,,外す（ゲーム動画なし）,,https://www.youtube.com/channel/UCreCmqGkjZof9lYhPovmq6w,隙間に何かがいる【隙間】フリーホラーゲーム実況
2123,おそば,,6450,2026-09-01,1.0,1.0,,残す,,https://www.youtube.com/channel/UCkOm4jRbCjQYyOzUoqsJvYg,【モンスト】モンストを振り返る～8月編～
2124,Hiromi Ch. 白河ひろみ,,6430,2026-08-28,0.05,1.0,,残す,,https://www.youtube.com/channel/UCQGbFNR_Zu80hpL1-cj6gYg,【スイカゲーム新モード】ミラクルサーカス☆ 実況プレイ配信
2125,ガンダムカードLABO,,6420,2026-09-19,0.0,1.0,,外す（ゲーム動画なし）,,https://www.youtube.com/channel/UCIuOtzuhF4T-v5irBl1SxcA,【GCG】LABO LIVE #6　EXPO前必見！？GCG世界２位と環境を語りつくす！
2126,ゲッコウのゲーム実況チャンネル🔥,,6420,2026-10-06,0.41,1.0,アクション（横スクロール）,残す,,https://www.youtube.com/channel/UCJc3NM7UNFxAwc-pg72Hf5g,偏向報道で『世論を操作』するゲームの衝撃的な結末がヤバすぎた【We Become What We Behold】
2127,マスコットTV,,6400,2026-09-23,0.0,1.0,,外す（ゲーム動画なし）,,https://www.youtube.com/channel/UCrLHsrlbacETU7sN6MmC4Lg,フリー対戦募集中の配信
2128,こたつワールド,,6380,2026-09-09,1.0,1.0,シミュレーション,残す,,https://www.youtube.com/channel/UCqfM06-o9y4R20iCrqu7v6g,#138【シミュレーション】こたつのFactorio: Space Age Season6（ファクトリオ）ゲーム実況【V
2129,負け組ゆーちゃんねる,,6360,2026-09-06,1.0,1.0,,残す,,https://www.youtube.com/channel/UCA3hdWC4h2_Co19nrElM69g,【コイツ激寒すぎてブチギレ沸騰して激熱なったわ】『鉄拳8』イライラ更年期障害ブライアンが『KING』の立ち回りが気持ち悪
2130,でみあ@マイナーポケモン使い,,6340,2026-09-09,0.89,1.0,,残す,,https://www.youtube.com/channel/UCYO6Gl4S1jaztaJssJ3GK_Q,【参加型】ガチもネタも初心者もスマホ勢も大歓迎！自由すぎるポケモンチャンピオンズ対戦会 #ポケモン #ポケモンチャンピオ
2131,かおりんごー,,6340,2026-09-10,1.0,1.0,シューター,残す,,https://www.youtube.com/channel/UCPTXLTEuNFXOZlC5UsR2b8A,🍎Live　43歳マスターへの道🍎ぬまぬまランク【43歳レイス専/APEX 】 No.135 #縦型配信
2132,よすが,,6340,2026-10-06,0.0,0.0,,要確認（長尺動画なし）,,https://www.youtube.com/channel/UCgfM5CPR9XyR4kziFfEabBQ,
2133,マイクラクリップス,,6330,2026-10-02,0.0,0.0,,要確認（長尺動画なし）,,https://www.youtube.com/channel/UCFlUJ-a2ZMsQJtWRGuMSGIQ,
2134,あらかなチャンネル,,6320,2026-08-29,1.0,1.0,アクション（横スクロール）,残す,,https://www.youtube.com/channel/UC73ogTYDKsh53pZWtQCZupQ,ヘキサリングさん大理石防衛戦！カスタム5勝！誰でも参加可能！【フォールガイズ】【Fall Guys】
2135,きんつば【ゆっくりパワスピ】,,6280,2026-08-27,0.74,1.0,,残す,,https://www.youtube.com/channel/UCbwVvy5f7dcAIIkKkyXaoPA,【8/20更新】第2回オンライン能力更新で能力変わった選手まとめ【パワプロ2026】
2136,しょくぱんげーむず【ボイロ実況】,,6280,2026-09-21,1.0,1.0,シューター,残す,,https://www.youtube.com/channel/UCyK0N-R8TnOw5jyeEWGblgQ,【7DaysToDie v3.2】救済措置で狙うは高品質の武器に機械部品！ #7 【ボイロ実況】
2137,ササモ,,6260,2026-08-27,1.0,1.0,,残す,,https://www.youtube.com/channel/UC8MacL8eFHLqpgU_OZb1DEQ,【さも配信#62】ランクマ→21時からちはたんcup顔合わせ！【スト6】
2138,ほろろん糖_ホロライブ切り抜き,,6260,2026-09-20,1.0,1.0,,外す（切り抜き）,,https://www.youtube.com/channel/UCq1iaVoSIfshxnabKjKlzOg,ゴール前で待つリスナーと裏切る花園アナ（ リスナー視点有り ）【 ホロライブドリームス-メガサーキット】
2139,鵺本ねむ / Nuemoto Nemu,,6260,2026-08-30,0.4,1.0,RPG,残す,,https://www.youtube.com/channel/UCwE-RdkK2db-m-ukMxcp_Hw,【ペルソナ3 リロード】#16 ゆかりちゃんと添い遂げたい（9/3～）/鵺本ねむ/ #セガアトラス配信中
2140,かえで,,6240,2026-10-02,0.89,1.0,,残す,,https://www.youtube.com/channel/UCNs6BlO0IyjD8rfvJ0kIfvQ,格ゲー初心者かえでのスト6配信です♪参加型です♪ゆるくしてますので宜しくお願いします♪（雑談配信）ストリートファイター6
2141,HFC hololive fun clips,,6190,2026-10-08,0.0,0.0,,外す（切り抜き）,,https://www.youtube.com/channel/UCjzgouXfA_pCdqQni3ZA_8g,
2142,ジェイユ⚔️Jeyou,,6180,2026-08-24,0.32,0.95,アドベンチャー,残す,,https://www.youtube.com/channel/UCD1TlgUKuD7gXtj99_AFJoA,【雪葬】考察：すべて解説します。雪を掘りながら…文字通り深掘り実況　チラズアート最新作ホラーゲーム
2143,doskonnbu,,6180,2026-09-07,1.0,1.0,,残す,,https://www.youtube.com/channel/UC5jD0tCP5IIfP4oBVU1kB-Q,【最新VER対応】レジェンドラシードが教える厳選セットプレイ10選【スト6】
2144,細かすぎて伝えたい梅原大吾,,6160,2026-08-25,1.0,1.0,,残す,,https://www.youtube.com/channel/UCG8o76mZtnRp2Os8UA5LEKA,チーター疑惑の豪鬼と遭遇！？速攻で見抜くウメハラ【スト6/梅原大吾】 #格ゲー #ストリートファイター6 #sf6
2145,サボテン,,6150,2026-08-25,0.0,1.0,,外す（ゲーム動画なし）,,https://www.youtube.com/channel/UC_iEfggD4GzWcpFykzSjaJw,朝から元気に将棋配信
2146,鳴潮スタジオ,,6140,2026-09-10,0.0,0.0,,要確認（長尺動画なし）,,https://www.youtube.com/channel/UCzIeu8c_w__YfPXfr-OZfYg,
2147,lola plays,,6130,2026-09-19,0.08,0.0,シミュレーション,外す（日本語の配信ではない）,,https://www.youtube.com/channel/UCOomlcXrjVu-Si7bU9W4F8Q,Livin' the Cream Simulator!  🥛🍓 I'M AMAZED! SOO SATISFYING 🍦
2148,朝陽ひろ,,6120,2026-08-29,1.0,0.95,シューター,残す,,https://www.youtube.com/channel/UCQh3BEK753hmL4k7ByFwqpw,【APEX 参加型】今日で３年9か月目！からの22：30から【ヴァロ 】今日で11日目！！
2149,emma / えま,,6120,2026-09-22,0.65,1.0,RPG,残す,,https://www.youtube.com/channel/UC9zE4RY0taQY2T7l2qs4bTQ,【エルデンリング】（顔出し）初フロム✨一筋縄ではいかない王都ローデイル　死にゲーをやらない私のELDENRING　初見【
2150,叶音にゃむ / Kanato Nyamu,,6110,2026-08-28,0.8,1.0,RPG,残す,,https://www.youtube.com/channel/UCVBV_ctIVW1ID6P19odsm5w,【 #FF14 】０から始めるFF14✨全部を守れるだけの力が欲しい 紅蓮編 #2【 #Vtuber / 叶音にゃむ 】
2151,クサヤ人2ndちゃんねる,,6110,2026-09-24,0.0,0.0,,要確認（長尺動画なし）,,https://www.youtube.com/channel/UCeDidH0lzCm06XEZX2pDNvg,
2152,虚無人-創作者Vtuber-,,6100,2026-08-28,0.6,1.0,RPG,残す,,https://www.youtube.com/channel/UC5cFg1ldTVR2DhFP-6fHQEQ,【初見プレイ】#90 HUNDRED LINE -最終防衛学園- ～推理編～【男性Vtuber実況】
2153,ニコ,,6100,2026-08-26,0.9,1.0,,残す,,https://www.youtube.com/channel/UC-sXL1sg961zE3i0MW8PJzg,色気タップリの「八尺様」と夏休みを過ごすホラーゲーム【八尺様がいた夏休み】#3
2154,ぶいすぽTV【切り抜き】,,6100,2026-10-08,1.0,1.0,,外す（切り抜き）,,https://www.youtube.com/channel/UCRn2W8HMyYNbMYXDOg611rg,音ゲーでコンボ練習 for YASMINE #スト６ #ヤスミン #モダン #コンボ #初心者 #音ゲー #リズムゲーム
2155,MimiCatLab,,6080,2026-08-27,0.0,1.0,,外す（ゲーム動画なし）,,https://www.youtube.com/channel/UC_O2SxbZ-mMZ_FBxKZG_Gxw,[参加型] #119 突破しろ！3段クルーン [運試し自作パチンコゲーム]
2156,ごまりちゃん,,6080,2026-08-16,0.89,1.0,,残す,,https://www.youtube.com/channel/UCNSHpmE7vMWTdlLmXG5NkJQ,【TEKKEN8】鉄拳神極にいけた！次はついに破壊神！がんばれわたし！！【初見・初心者大歓迎】【鉄拳8】#205
2157,神玻璃ぱいりん /ミラクルゲート,,6070,2026-08-27,0.1,1.0,ストラテジー,残す,,https://www.youtube.com/channel/UCy6Rkqk3S85gw_KQIIiuo2w,\魂の7500🔥/ e牙狼12黄金騎士極限\#パチスロ#パチンコ 生配信/
2158,あぶくまちゃんのゲームちゃれんじ,,6070,2026-08-19,0.0,0.0,,要確認（長尺動画なし）,,https://www.youtube.com/channel/UCgU-IlSM3VS3ldWHVaEhgKA,
2159,豚咲あおい_TomisakiAoi,,6070,2026-09-12,0.6,1.0,,残す,,https://www.youtube.com/channel/UC1_huUu2dGfQX-gjtXWQL8w,【Tekken8】ミアリズランクマ！破壊神目指す！　#ゲーム実況  #鉄拳8＃MIARYZO#미아리조＃철권8 ＃豚咲あ
2160,Gamerチャンネル【ゲーム・エンタメ情報】,,6040,2026-09-26,0.37,1.0,シューター,残す,,https://www.youtube.com/channel/UCbg51c5s2Z7UNUu1mj80MSg,【#TGS2026】ゲーマー声優・岩澤俊樹＆子安光樹が練り歩く東京ゲームショウ【中編】
2161,だのん / ゲーム配信,,6020,2026-09-06,0.09,1.0,シューター,残す,,https://www.youtube.com/channel/UCqMuvMBtnz0yJvgfiQxZITw,【Girls Camp!】美女6人でドタバタキャンプ配信♡
2162,桃川 らいち ch / RaiChannel,,5990,2026-08-28,0.08,1.0,アクション（横スクロール）,残す,,https://www.youtube.com/channel/UCFf0G7Ql6sZ7JNEDytTkD6w,【幻水SP】イベント異境その2＋末曜 108星+配布メインで育成。今日もスタミナに石が溶けていく。 質問お気軽に (・ω
2163,ゆうたろすのゲーム日記,,5990,2026-09-22,0.0,1.0,,外す（ゲーム動画なし）,,https://www.youtube.com/channel/UC74t056MEImvJ5zAeM3WuBA,【ドラクエウォーク】生放送！魔弾の剣士実戦投入！使える職業なのか？！【生放送】
2164,ぽちかの毎晩戦闘チャンネル,,5990,2026-10-04,1.0,1.0,RPG,残す,,https://www.youtube.com/channel/UCIs3tiLBQb79VlCQWKqiyZQ,【トルネコ3mod】魔物の心髄　ボス狙い冒険　毒人参＆ごんまじで60F～
2165,ジャムおやじのゲイミング建築工房,,5980,2026-08-08,0.78,1.0,シミュレーション,残す,,https://www.youtube.com/channel/UCmqJ_NDvi3gIieFU8MwrlgQ,【ASA BUILD】「牧場拠点 / Farm-Style Base speed build」 ゆっくり系パタコのARK
2166,ソルト伯爵@シオン王国,,5980,2026-08-28,0.0,1.0,,外す（ゲーム動画なし）,,https://www.youtube.com/channel/UCwj7k_uZGgb-Rw0CTMyf2ow,久々雑談　スパチャ雑談　キャリー配信　ペタペタペンギン団
2167,キムチキャット,,5970,2026-08-28,0.6,1.0,,残す,,https://www.youtube.com/channel/UCkHLJKR06a8umap0BFZWvQw,【ゼルダの伝説 ブレワイ】＃７ 人生初ゼルダ！神獣ヴァ･メドー攻略を目指す‼️【ゼルダの伝説 ブレス オブ ザ ワイルド
2168,恋因ロス KoinRosu,,5970,2026-09-20,0.55,1.0,パズル,残す,,https://www.youtube.com/channel/UC_ZpM614VR7QdVpC5j9sr7Q,【 ホロライブドリームス  】今日は最初から参加型であそぶ！！いろんなミニゲームたくさん遊びたい！！みんなであそぼ！【#
2169,薔薇石,,5940,2026-09-22,0.0,1.0,,外す（ゲーム動画なし）,,https://www.youtube.com/channel/UCisXHaGk6dqrB7RMs4tYS6g,心の強いやつはTOP向いてるって話
2170,こてつちゃんねる,,5940,2026-08-27,0.5,1.0,RPG,残す,,https://www.youtube.com/channel/UCJQTNIuyS_7TRgxDt84FkRQ,【FF14】新キャラで新生エオルゼアを最初から！カストルム・メリディアヌム後の物語へ🌱 #19【ストーリー実況】
2171,Nosuke,,5940,2026-09-21,0.74,1.0,シューター,残す,,https://www.youtube.com/channel/UCaDGNm1GNF0iUYYeJcjtZCA,【VALORANT】チャネル登録5000人突破！雑談メインのスイフト配信🐧
2172,ゆっくり独身少年レトロゲーム,,5940,2026-08-29,0.0,1.0,,外す（ゲーム動画なし）,,https://www.youtube.com/channel/UCPDQcV8HI9EvLQf-upyRG8g,【ドラゴンボール】超サイヤ伝説をクリアまで遊んでみた【ゆっくり実況/レトロゲーム】
2173,桜井ユイVTuber 【ゲーム実況】,,5930,2026-09-10,0.67,1.0,アドベンチャー,残す,,https://www.youtube.com/channel/UCPyZvOm2T8s5QGUrmak5Efw,【MONOWAVE】新作インディーゲーム！4つの「感情」を使って世界を救うパズルアクション【初見実況】
2174,ごりらっぱ,,5920,2026-09-05,0.75,1.0,,残す,,https://www.youtube.com/channel/UCHURDI8U30QtgcvwCchI2cg,初対面の大物実況者に高額スパチャ凸してタイマン挑んでみた【スマブラSP/ゆっくり実況】
2175,勝立香 KATSU RiTSUKA,,5910,2026-08-26,0.95,1.0,アクション（横スクロール）,残す,,https://www.youtube.com/channel/UCoMoIz7aB0RCZT_rEpALknQ,【#雀魂】玉の間段位戦生配信#686【雀聖3/Vtuber/勝立香】
2176,今日ホロ【ホロライブショート切り抜きch】,,5900,2026-10-02,0.0,0.0,,外す（切り抜き）,,https://www.youtube.com/channel/UCjhnue-4Gxkh5P7Y5OyeTZQ,
2177,けんたたZ【熱血ゲーム界隈代表】,,5900,2026-10-09,0.32,1.0,アドベンチャー,残す,,https://www.youtube.com/channel/UCvTACe0tfwda-nJA_W-f8JA,いい加減にしろ！ディスク廃止の件について
2178,るーく【ホラゲー絶叫ツッコミ】,,5880,2026-08-19,0.2,1.0,,残す,,https://www.youtube.com/channel/UCaiLXqMJvlk_xUOu4SkDjzQ,【公開収録】初見3倍 青鬼２ クリアできるかなぁ～
2179,寒糸ゆあむ - Samuito Yuam -,,5880,2026-09-14,0.06,1.0,アクション（横スクロール）,残す,,https://www.youtube.com/channel/UCPmBrY3P4iZijcrsu_QCsKQ,【PICO PARK 2】OTOCHI家コラボ！家族で協力プレイです！【寒糸ゆあむ/カピバラVtuber】
2180,ひだまりの間,,5880,2026-09-18,0.0,0.0,,要確認（長尺動画なし）,,https://www.youtube.com/channel/UCAnlHa8r5N6j5SPeH9fs1-A,
2181,アロくん企画 / Arokun,,5870,2026-09-07,1.0,0.95,RPG,残す,,https://www.youtube.com/channel/UCQylZhm-7OKQisuCSYvYBFA,【遂に日本語対応】新作中世ダンジョン探検アクション！異形の群れが彷徨う闇に仲間と共に潜入する注目の新作！デモ版を遊んじゃ
2182,apo ppo,,5860,2026-08-16,0.1,1.0,,残す,,https://www.youtube.com/channel/UCg9VuZ3-ZNN1o6jWqJVq_pQ,【ランダムダイス2】協力でモンスター5000体撃破を狙え！　陰陽電気×電気整列デッキ紹介！【ゆっくり実況】ランダムダイス
2183,切り抜きだもの,,5850,2026-08-28,0.0,0.0,,外す（切り抜き）,,https://www.youtube.com/channel/UCXeBhxKbjgoHBk3FIpAZc1Q,
2184,​はくえい【FPS最新情報・ガジェット】,,5840,2026-09-28,1.0,1.0,,残す,,https://www.youtube.com/channel/UCnWQ1vglerd8RB6RnP7g0Lg,【100万再生突破記念】これさえ見ればわかる！2026年上半期のヴァロラントニュースまとめ！#valorant #ヴァロ
2185,文旦,,5800,2026-09-27,0.0,0.0,,要確認（長尺動画なし）,,https://www.youtube.com/channel/UCEeDHmKkDmg7EHrIg9Tbwug,
2186,こいおばけ,,5780,2026-09-01,0.33,1.0,シューター,残す,,https://www.youtube.com/channel/UCbkcUVM6pSIocX0aBNC-nHA,【イーフトアプリ】緊急生放送。ディビジョン1まであと50！？5トップでディビジョン1へ行けるのか？【イーフト2027】【
2187,てんてこ,,5770,2026-08-27,1.0,1.0,,残す,,https://www.youtube.com/channel/UC7Zb08CFqNWNsrl-9bNs7Jw,【スト6】SFLを楽しんだDJ使いのMR1600で安定させたいランクマ👊MR1500~【ディージェイ】
2188,ゲムパch,,5710,2026-09-22,0.0,0.0,,要確認（長尺動画なし）,,https://www.youtube.com/channel/UCc_aJZcvKQdxw805fdRHbAw,
2189,やさぐれちゃん / Yasagurechann,,5690,2026-09-22,0.8,1.0,,残す,,https://www.youtube.com/channel/UCPE0-d_10PIDVLw-C4aAvEQ,【ARK ASA】アストレボスの準備🚢ソロ勢でも、いけますか⁉【ARK Survival Ascended Astrae
2190,凛堂すずか / Suzuka Rindo,,5660,2026-09-03,0.0,1.0,,外す（ゲーム動画なし）,,https://www.youtube.com/channel/UCtuPOMMvDpzShaatPNncLWg,【ユナイト/初見歓迎】新シーズン⭐︎ソロランでてっぺんいくぞ！！えきすぱ1〜【ランクマ】
2191,うささのゲーム実況ch-ノベルゲームetc.-,,5650,2026-09-01,0.5,1.0,アドベンチャー,残す,,https://www.youtube.com/channel/UC84NMVcTIIglR8iquRcO6cw,【生配信】ちょっと遅めの誕生日生配信でケーキを落とさずに運べ！！あ、22歳になりました【Don't Drop The C
2192,スイッチ通【ゲームニュース深掘り】,,5640,2026-08-27,0.4,1.0,ストラテジー,残す,,https://www.youtube.com/channel/UCZ9xD2LIw1WrFBVV-EUvG3w,任天堂が『エルデンリング』を異例の後押し！約8分の入門映像から見えるSwitch2戦略とは  #ゆっくり解説
2193,水川きなてん【Ki7TEN】,,5620,2026-09-01,0.0,0.0,,要確認（長尺動画なし）,,https://www.youtube.com/channel/UCJjlQGdO1IBI7hdcTX9YRWw,
2194,大空ナギサ,,5610,2026-09-21,1.0,1.0,,残す,,https://www.youtube.com/channel/UCCdL4SuBKaW8Y2KkPbSgdUg,【飛び級】デスマで集めたフルパで2連続エースを決めて飛び級するナギサ【デスマで集めたフルパでイモータルへの道 #4 VA
2195,あきな / akina,,5610,2026-08-27,0.95,1.0,シミュレーション,残す,,https://www.youtube.com/channel/UC8StqUOUw2XULA-X9a-T0ZQ,【ポラリスコード】夢色ワンダー / INFLUENCE ALL PERFECT 手元 譜面確認 / Polaris Ch
2196,こーた,,5610,2026-09-21,0.33,1.0,,残す,,https://www.youtube.com/channel/UCs1Q-4t7lYBQNxSY3QIz36A,【運営大暴走】達人が全て新曲！？大波乱だらけの初見配信の1日をまとめてみた。【段位道場2026】
2197,サラダバー,,5570,2026-10-07,1.0,1.0,格闘,残す,,https://www.youtube.com/channel/UCBBE1OZRZqgn5Pz8X_fQNJw,【ヒロアカUR】週末カスタムやっていこう！！
2198,パワプロプロ野球名鑑,,5560,2026-08-28,0.0,0.0,,要確認（長尺動画なし）,,https://www.youtube.com/channel/UCoGfq-5HY4VfUIKF78jO2OA,
2199,れも / LemoCh.,,5550,2026-08-29,0.93,1.0,,残す,,https://www.youtube.com/channel/UCQhQD0rx0UDC8KPIrN5SlYQ,【ウマ娘】マイルチャンミの作戦会議＋いろいろ衣装も見てこうか生配信！【れも】
2200,スウィと上田の隠れ家,,5550,2026-10-04,0.0,0.0,,要確認（長尺動画なし）,,https://www.youtube.com/channel/UCUkGGNlxlYdExqpgp7FbNvQ,
2201,Yuzari,,5530,2026-09-19,0.67,1.0,シミュレーション,残す,,https://www.youtube.com/channel/UCE-j7KWqlsS8V25pub5sABQ,【Go-Go Town!】新施設・新キャラ続々登場！ついに宇宙にまで街の噂が届いてしまったようです
2202,黒糖_℃🪡,,5520,2026-09-19,0.0,0.0,,要確認（長尺動画なし）,,https://www.youtube.com/channel/UCHAsEVh7D9hpvvyQVmjMwWg,
2203,A-Tube【柊ツルギ切り抜きch】,,5510,2026-09-12,0.0,0.0,,外す（切り抜き）,,https://www.youtube.com/channel/UC5rMeuMCobZt34122uzbBSQ,
2204,ホロ箱推しライフ【ホロライブ切り抜き】,,5500,2026-08-28,0.0,0.0,,外す（切り抜き）,,https://www.youtube.com/channel/UC1WL-Z0bhFLK5DlOC88XGtw,
2205,つばさま(ゲーム実況),,5500,2026-10-07,0.5,1.0,RPG,残す,,https://www.youtube.com/channel/UCDpCe62VpSrVkBU6mZbQlxA,【玉リン】新作のデッキ構築型3マッチパズルゲームが高難易度過ぎて泣いたw
2206,胡桃 イト【味醂組】,ストリーマー,5480,2026-08-31,0.0,0.0,,要確認（長尺動画なし）,,https://www.youtube.com/channel/UCfyKMMwAZ7JXb46cy31R16Q,
2207,とくch,,5480,2026-09-19,0.1,1.0,アクション（横スクロール）,残す,,https://www.youtube.com/channel/UC7x-VOBTwumDXDLgHgqAv5w,【ブレインロットファイト】Roblox盗むとクロスします！引退するから格安で売る
2208,ドパにじ【にじさんじ切り抜き】,,5480,2026-09-14,0.0,0.0,,外す（切り抜き）,,https://www.youtube.com/channel/UCsqTKQDNPIBLLljx8uBKBZA,
2209,Nishimuraaaaa,,5450,2026-08-19,0.06,1.0,シューター,残す,,https://www.youtube.com/channel/UCVihHDLvp2E_NwzUjsTicyw,【ARK PVP】6人のニートがアルファに鉄槌を下す【スモールトライブPart22】
2210,ぱいん副長 【草狩系VTuber】,,5450,2026-08-31,0.33,1.0,,残す,,https://www.youtube.com/channel/UCMan-q2T4wg4Rd8rhfyyvnw,【#雀魂】【役満大会】果汁杯 -Juicy Cup-26.8.30【#じゃんたま】
2211,天降二一兎【お紳士】,,5440,2026-08-31,1.0,1.0,シミュレーション,残す,,https://www.youtube.com/channel/UCv_Y-4MRNs0fAVNdBusNVCg,【人生ゲーム】得意なんだよね、人の人生壊すの。【CrazyLife】#公開収録
2212,大狼けぃ /  Vtuber,,5420,2026-10-01,1.0,1.0,RPG,残す,,https://www.youtube.com/channel/UCjCnlUTeX5b0GtuXJCY0rqA,【13】アニモ 生配信（大狼けぃ個人勢Vtuber）ANIIMO【プレイステ５】#大狼けぃ #アニモ #aniimo #
2213,ゆっくり短足猫,,5390,2026-09-22,1.0,1.0,アドベンチャー,残す,,https://www.youtube.com/channel/UCeDSyYlIqtR81YHVwGZ7tww,霊夢はいっぱい貰えた質問に答えるようです【エンドフィールドゆっくり実況 #100】
2214,心寄せいな / Seina Koyori,,5370,2026-09-28,0.47,1.0,シミュレーション,残す,,https://www.youtube.com/channel/UCwi2a2NOXWr6M5Sk_5L1tyA,【 #ホロドリ 】完全初見！今日はたくさんストーリーを進める回！【心寄せいな / #新人vtuber  】
2215,まりも,,5350,2026-09-08,0.65,1.0,,残す,,https://www.youtube.com/channel/UCZPK_2JPxUJ19ZCi93Wy_4g,【レイダース参加型】今日も今日とて堀り進めます　#スプラトゥーン3 #サモラン #サーモンラン #スプラ3 #splat
2216,【レトロ・検証】ゆいとさんち,,5330,2026-08-23,0.37,1.0,アドベンチャー,残す,,https://www.youtube.com/channel/UCntCCW53e-HFCBHxkmP6gPA,【第4次スパロボ】大技林に載ってた裏技、全部試してみた結果がヤバすぎた【第4次スーパーロボット大戦】
2217,フリー素材おじさん段田【カプサイシンマン】,,5330,2026-08-22,0.16,1.0,アクション（横スクロール）,残す,,https://www.youtube.com/channel/UCh9wa4Inb_SgFjsRynBEa3g,[レトロゲーム 福袋]ワイワイステーションさんの1万円福袋開封、駿河屋で買ったゲームなど購入品紹介配信！
2218,ネネチニャン,,5330,2026-09-28,0.79,0.79,,残す,,https://www.youtube.com/channel/UC5dpEwXCjlvayjMOv8b4COg,DELTARUNE　3　【Chapter2】
2219,コタローくんちゃんねる,,5310,2026-08-30,0.38,1.0,アドベンチャー,残す,,https://www.youtube.com/channel/UCP5JWvSgNw6lXDqQTpfG7lA,【 シャンティと7人のセイレーン 】#1  Shantaeシリーズ最新作 スタジオトリガーが作った神OP！🙉【 #Vtu
2220,ホラーゲーム専門配信┊Vtuber Akino,,5300,2026-08-29,0.9,1.0,アドベンチャー,残す,,https://www.youtube.com/channel/UC4qIOAKTIm3tfamAqdPtrVg,【ホラー】全END(3種)回収＆全実績回収出来ました嬉しい！！！ 「奥ヶ淵商店街」【Akino】
2221,くまねこチャンネルFCサガン鳥栖応援,,5300,2026-09-13,0.25,1.0,シミュレーション,残す,,https://www.youtube.com/channel/UCM1CuTA41n2WmDJwySg6Lmg,くまねこゲーム　イーフト5日目　対人戦のあとサガン鳥栖　他｜efootball game PS4
2222,にーとちゃん,,5260,2026-08-28,0.57,1.0,シューター,残す,,https://www.youtube.com/channel/UCxlS7atqGl1J9dZcM5wyH1A,Day 124  千咲 にと  終始珍道中なブースティング旅の幸福度指数が高すぎた件
2223,らおやむやむハイハイ謝謝,,5190,2026-09-01,0.89,1.0,,残す,,https://www.youtube.com/channel/UCNW4TmgEuzJAjfzrdpkWuuA,【スト6】SFL初戦お疲れ様でした！初陣勝てて嬉しいベガ レジェンドベガ 魂のランクマ　【配信】
2224,黒咲あおい,,5190,2026-10-07,0.08,1.0,シミュレーション,残す,,https://www.youtube.com/channel/UCTdMudrofvueJmsO4LegBng,【#雑談】ラジオ感覚で聞けるダウナーイケボママによる朝活雑談 2026/10/7【#vtuber #Vtuber準備中】
2225,夜勤明けのなかちゃん🌙,,5180,2026-08-28,0.17,1.0,アクション（横スクロール）,残す,,https://www.youtube.com/channel/UCmnmbdTXU0dwB0BNlhd0gJQ,～エピソード:グスタフ～なかちゃんが【メグとばけもの】を初見でプレイしていく🔰PART13
2226,なかちょん。げーむず,,5170,2026-10-09,0.0,1.0,,外す（ゲーム動画なし）,,https://www.youtube.com/channel/UCw63vu7_uFz_WIq6_tm7z-w,【SOBOSUBA】ドーパミン大放出！！！【なかちょん。げーむず】
2227,ゆんころのゲーム部屋,,5170,2026-09-22,0.08,1.0,アクション（横スクロール）,残す,,https://www.youtube.com/channel/UCB4jP5Gr0oQpkOoD-dQtrrQ,【シミュグラ4】そろそろ貯金が尽きそうだ...。【♯19】
2228,ひろのあの屋敷 #ホラーゲームなのに大はしゃぎする人たち,,5170,2026-09-22,0.5,1.0,アドベンチャー,残す,,https://www.youtube.com/channel/UC_icENKg1SL9xembpD7GHzw,【 SILENT HILL: Townfall 】先行アクセス！孤島「セントアメリア」を舞台に始まる物語 ※ネタバレ注意
2229,のどか,,5160,2026-09-14,0.4,1.0,RPG,残す,,https://www.youtube.com/channel/UCIjkVEPhygDzGdTd-8PeAXA,時速100キロでるスピードランをまさかのズルしてクリア【マリオメーカー2】
2230,HERO MOVIE,,5160,2026-09-20,1.0,1.0,格闘,残す,,https://www.youtube.com/channel/UCC9Gx95rXVWNV6sSXBkTyDg,え？弱体化いる！？まさかの弱体化、、、試合に影響は！？「オバホ(サポート)」プレイ動画　【僕のヒーローアカデミア ULT
2231,マイクラサーバー【サブ鯖】,,5150,2026-10-02,1.0,1.0,,残す,,https://www.youtube.com/channel/UCAxT98n2z3qvY1bldFlhvTQ,【マイクラ】同接100人くらいのサーバーでサバイバルする【ゆっくり実況】
2232,シュン・オポチュニティの部屋 - Shun Opportunity‘s Room -,,5140,2026-09-26,0.0,1.0,,外す（ゲーム動画なし）,,https://www.youtube.com/channel/UCsXqKG8PtjPfAylMTpj1ZVg,【#ツイステ 初見】※音読注意※【個人勢Vtuber】
2233,七星,,5140,2026-09-28,0.0,0.0,,要確認（長尺動画なし）,,https://www.youtube.com/channel/UCjx1vL_3VwK7yzA_uHzR-Lg,
2234,モモツナ,,5130,2026-10-03,0.8,1.0,パズル,残す,,https://www.youtube.com/channel/UCT3wJGsoRRCpeo96NuPO5IA,【ソニックアドベンチャーDX】超音速アクションを初見クリア耐久！エンディングまで走り抜ける！【レトロゲーム / SEGA
2235,さにてぃチャンネル,,5120,2026-09-22,0.92,1.0,カード・ボード,残す,,https://www.youtube.com/channel/UCnMpHLplQFvhFKRs4yb78qg,【#スト6】ハイマスを目指しながら全ジャスパ
2236,カーキのゲーム実況,,5120,2026-08-28,0.55,1.0,,残す,,https://www.youtube.com/channel/UCBuuUFNogaW4TAvHxP7jM5g,【最強ドドゲザン】タイレーツが最強です！急所に当たらない。急所に当てていく。ソロ攻略。【ポケモンSV】
2237,藍坂れも🍋,,5120,2026-09-04,0.9,1.0,,残す,,https://www.youtube.com/channel/UCefBdfP-tDizIw_oyo5lIVg,【雀魂】6:30開始！毎日朝活🍋おはよう段位戦【藍坂れも】
2238,朝ノ夜,,5120,2026-09-15,0.33,1.0,パズル,残す,,https://www.youtube.com/channel/UC7OAbAsxcjItDLUWjLVEKNw,【#BOMBANANA!】見ざる、聞かざる、言わざる、協力せざる？【コラボ配信】
2239,Usagi Ch. 因幡兎,,5110,2026-08-29,1.0,1.0,RPG,残す,,https://www.youtube.com/channel/UCjgffuOrwT1_NSTxlUsEZeA,【ドラクエ7リイマジンド】#4 [フォーリッシュ]リメイク版を初見プレイ【因幡兎/Vtuber】 #女性実況 #ゲーム実
2240,めておのホラーゲームは異様に怖くない件について,,5090,2026-08-27,0.73,1.0,アドベンチャー,残す,,https://www.youtube.com/channel/UCv9b9ZXaHWwBCMNYSPt5v-w,※万が一、テレビに『これ』が映った時は・・・【The Locust】【 Roblox】
2241,みざりぃ,,5090,2026-09-10,0.88,1.0,シューター,残す,,https://www.youtube.com/channel/UCgvknO8btjQ8zf_xGUjuggg,【MHXX】アセンダンスのライトボウガンが｢ブシドー｣と｢エリアル」の動きをしているらしいから、ダブルクロスで先に触って
2242,ゆにぬき【ゆにれいど切り抜き】,,5080,2026-09-22,1.0,1.0,シューター,外す（切り抜き）,,https://www.youtube.com/channel/UCnOQ069PgfIb3dv-QMPjJkA,【VCR RUST振り返り】ほぐほぐが語るVCR RUST
2243,りーたろ,,5070,2026-09-29,0.0,0.0,,要確認（長尺動画なし）,,https://www.youtube.com/channel/UCk8jRELwPNTiB94wXoAkBng,
2244,えふお Games,,5070,2026-10-02,1.0,1.0,,残す,,https://www.youtube.com/channel/UC1DvWj3QK-deowvFyYHeLqA,【空の軌跡 the 2nd】ネタバレ注意：圧倒的神ゲー爆誕！クリア後感想 良かったところ10選【Trails in th
2245,【嬉野流本家】力戦将棋チャンネル,,5040,2026-08-28,0.0,1.0,,外す（ゲーム動画なし）,,https://www.youtube.com/channel/UCxf4EI7_TphHuCO_vbmO1Pw,26/8/28　【将棋ウォーズ】嬉野流創始者による将棋ウォーズ！今日も３局やります！
2246,課長ゲーマーKD,,5040,2026-08-30,1.0,1.0,RPG,残す,,https://www.youtube.com/channel/UC-TIDKpZ3eQ5QW_LYoEq3MQ,【キャプテン翼2】翼vsサンターナ！南米頂上決戦が熱すぎる！【サンパウロvsリオ】
2247,酒ピクミンのレトロゲーム　リベンジch【ゆっくり実況】,,5040,2026-09-25,0.1,1.0,レース,残す,,https://www.youtube.com/channel/UC6EqGDIdNgeSQvWEHL5mGNQ,スーパーマリオRPG　前編　【レトロゲーム ゆっくり実況】
2248,ちゃんそーら,,5030,2026-08-27,1.0,1.0,シューター,残す,,https://www.youtube.com/channel/UCBkOTjKuuWkzLh1uF6ezoeQ,【タルコフ配信】ストタル初心者がマークドを開けに行く (まずはアリーナデイリー)
2249,ジュラのサガちゃんねる,,5030,2026-09-11,0.7,1.0,RPG,残す,,https://www.youtube.com/channel/UCttGAXHA-hoLEVqsXoMVqXQ,【ロマサガRS】2026年9月上旬ガチャ総まとめ！全12スタイル引くべきスタイルランキング！【ロマンシング サガ リユニ
2250,たくちゃんねるず,,5030,2026-09-21,0.75,1.0,シューター,残す,,https://www.youtube.com/channel/UCJ7GxR7U0kWLaKAJ-828b0Q,大作が次々と押し寄せる！2026年10月発売の超期待作5選【ゴースト・オブ・ヨウテイ/エースコンバット/ギアーズ/FF/
2251,Fお_アピり手,,5020,2026-08-29,0.77,1.0,,残す,,https://www.youtube.com/channel/UCNd5RvoXDTTB3yvi5nliSZw,【スマブラSP】参加型スピリット「スプリングマン」限定のアイテムありエンジョイ乱闘【専用部屋】
2252,キャサ夫のどんな感じ？,,5020,2026-10-06,1.0,0.95,レース,残す,,https://www.youtube.com/channel/UCpX5idvZqv1wxa7LFjr_4tA,【GRAN TURISMO 7】昨夜の続きをやろうじゃねーか！ｗ
2253,Game8 | 新作ゲームレビュー・攻略速報 @はっち速報,,5020,2026-10-07,0.75,1.0,シューター,残す,,https://www.youtube.com/channel/UCsOmoqiw_E50QWC_fEvdCrg,【エースコンバット8】MRP稼ぎのやり方解説｜10分半で24万稼げるミッション2選  ※ネタバレ注意
2254,ケナ氏,,5010,2026-08-28,1.0,1.0,アクション（横スクロール）,残す,,https://www.youtube.com/channel/UCFsFHTus_S6J8jaqMwOOFzg,【エンドラRTA】#29 朝から夕方までエンドラRTA走りまくるのだ！！ - MINECRAFT ハードコア 【無所属個
2255,ヤンガス兄貴のゲーム実況チャンネル,,5010,2026-09-28,0.0,0.0,,要確認（長尺動画なし）,,https://www.youtube.com/channel/UCQdn2Zl1brRPi0WZHjgno4A,
2256,翡翠はくあ【すごい自己肯定感高い奴】,,5010,2026-08-30,1.0,1.0,,残す,,https://www.youtube.com/channel/UCqTr6oYNEuZTlPigk8zoxAg,【#プロセカ】1ヶ月以上ぶりのプロセカ配信！やってなかった新曲のAP埋めたり視聴者参加型配信でリハビリします！【#翡翠は
2257,しゃちくん。のゲーム実況,,5010,2026-09-24,0.15,1.0,,残す,,https://www.youtube.com/channel/UCGPhif1Ip1BabxeBMH3wQDg,進化したコイキングがカントー地方を大暴れした!!ルーレットで決まった『運命の3匹』だけで殿堂入りする旅！！【初代ポケモン
2258,ぴかそ【ポケモン】,,5000,2026-09-22,0.0,0.0,,要確認（長尺動画なし）,,https://www.youtube.com/channel/UCrL_zteQf8698jdKP9ubILA,
2259,Rai10.090,,4990,2026-09-21,0.75,1.0,,残す,,https://www.youtube.com/channel/UCXzerFLMijyN5sfxQS_RioQ,また仲間の中に殺人ピエロが紛れてました。【マインクラフト】
2260,ナポレボGames,,4990,2026-09-14,1.0,1.0,RPG,残す,,https://www.youtube.com/channel/UCidWoNTPncAJGVxVCNN0zKA,【LOL】やることなすこと全部裏目！敵にも味方にも煽られる大地獄LOL！【MasterヴィエゴOTP】
2261,寝るぞみかん | 手書き切り抜き,,4960,2026-09-04,1.0,1.0,ストラテジー,外す（切り抜き）,,https://www.youtube.com/channel/UCbHKnvxVkzSGjyRmrsVomVQ,【手書き】ウマ娘アモアス実況 好きなシーンまとめ【全視点】#ウマ娘 #AmongUS3D #EngSub #前編
2262,アナケナのゲーム実況,,4950,2026-09-23,0.05,1.0,,残す,,https://www.youtube.com/channel/UCAXGrOwUWqda_6O1JpTjQeA,【4Kマリオ】初のボス戦に慌てる兄弟は初のブラザーアタックでテンション上げていくマリオとルイージのゲーム実況Part10
2263,星埜きぃ -Key Hoshino-,,4950,2026-09-14,0.56,1.0,RPG,残す,,https://www.youtube.com/channel/UCJ1EMFguUyR2Ug2LYJb54hA,【#PrincessoftheWaterLilies】#２｜かわいい × 高難度！２Ｄパズルアクションを攻略！！ネコちゃ
2264,とまこのゲーム実況,,4940,2026-09-03,0.7,1.0,シューター,残す,,https://www.youtube.com/channel/UCXx9Tzzkgc9Wgr9HV9QtFMw,【睡眠導入】🌙眠れない夜、一緒に。｜経験値トラップを作りたい！ #6【 #Minecraft 】【【#新人Vtuber/
2265,たいしんぬ【ファミコン野球動画チャンネル】,,4870,2026-08-28,0.0,1.0,,外す（ゲーム動画なし）,,https://www.youtube.com/channel/UCJ459LvSXKgLZsrcv1nmL8Q,【スタミナ切れ狙いで！】ファミスタ87 W で優勝を目指してプレイ！　R 戦～
2266,ヒカック王国【公認切り抜きチャンネル】,,4870,2026-08-27,1.0,1.0,シミュレーション,外す（切り抜き）,,https://www.youtube.com/channel/UCDb5MrRKHVlScm09Hn3lQPA,ヒカックゲームズがイーフト2026の待機配信でガチャを引いた回数と推定課金額を集計してみたらヤバすぎた【イーフト/eFo
2267,やからせんぱい。ノンフィクションちゃんねる。,,4870,2026-08-29,0.0,1.0,,外す（ゲーム動画なし）,,https://www.youtube.com/channel/UCdSnz3KaqNdG8QV2m1I9ScA,サタデーナイトフィーバー土曜の夜のたまり場！誰でも気軽にコメントして下さい！
2268,まっきーの麻雀Ch.,,4860,2026-08-27,0.75,0.95,,残す,,https://www.youtube.com/channel/UCQfi45HxCY7mme-azG8Is9A,【#雀魂 】見るだけ上達.玉の間段位戦その258
2269,どぅんどぅくどぅんどぅんどぅん,,4860,2026-09-29,1.0,1.0,,残す,,https://www.youtube.com/channel/UCrEFnIBxJgEI2dnywDwgeJw,【#VALORANT】60db(デシベル)で終了
2270,#Ryo_ta部屋「Mash Up!!」ブレーカー落ちた系実況者⚡️,,4850,2026-09-28,0.14,1.0,レース,残す,,https://www.youtube.com/channel/UCrL7oTjGp2Ru-2oLvl8J9dg,【GT7参加型】初見歓迎｜30分交代で必ず走れる／23時〜MIRありがとう企画
2271,ひまみなの部屋,,4830,2026-09-12,0.92,1.0,,残す,,https://www.youtube.com/channel/UCZxd34-bQEkZF3XyFqgyrwA,【攻略】神MOD！マップに困っている人導入必須の便利MODをご紹介「Ark Survival Ascended 』
2272,SAKURA-GAMES ,,4820,2026-08-31,0.75,1.0,シューター,残す,,https://www.youtube.com/channel/UCN7lZNvVbulnG_4P5N_H21Q,【BIOHAZARD5】エクセラで集落と古代遺跡のSSランクの取るコツはこれ【THE MERCENARIES UNITE
2273,鈴ノ時みぃ@新人Vtuber,,4810,2026-09-06,0.71,1.0,パズル,残す,,https://www.youtube.com/channel/UC2PGyOL-2u2NUIoe6slTGmw,【ポケモンSV】人生縛り🎀エリアゼロへ！【#8】#vtuber #新人vtuber #ポケモンsv #ポケモンスカーレッ
2274,シオン【スマブラSP】,,4810,2026-10-01,1.0,1.0,,残す,,https://www.youtube.com/channel/UCo7A6dMWKvsKP4R-edIVd3g,【100連勝中!!】ぶっ通し200連勝目指す!!負けたら即終了の世界最強勇者連勝VIP!!【スマブラSP】
2275,VerChannel,,4800,2026-08-31,1.0,1.0,RTS,残す,,https://www.youtube.com/channel/UCrwARyroS0NOf_49p7V-8mw,【ドゥームズデイ】ナノ触媒入手方法続々追加！武装突破は買うべき？おすすめ入手方法解説！ ベルの生配信 #381 Doom
2276,理解り手,,4790,2026-09-21,0.0,0.0,,要確認（長尺動画なし）,,https://www.youtube.com/channel/UCHc4aZfStPWEiSEsGGA0ktA,
2277,アギちゃんねる / AGITO,,4770,2026-09-02,1.0,1.0,RTS,残す,,https://www.youtube.com/channel/UC8owZH7JHqRAP2lHxIirYHw,【アークナイツ】5時間かけた癖Tierリストが欲望の塊すぎたｗｗ 尋常じゃないキャラ数を誇るアクナイでおっほ///しまく
2278,マツコング元帥,,4770,2026-09-14,0.69,1.0,シミュレーション,残す,,https://www.youtube.com/channel/UC0EAcLhJ3qlvmeiDMRCB2zg,【参加型】めっちゃカメレオン/クロスプレイ【配信中】
2279,三月 / Mituki,,4760,2026-08-27,1.0,1.0,アドベンチャー,残す,,https://www.youtube.com/channel/UCcY4bvnwuY9cDJVbXqdosVA,【ARK】凶悪MODで神獣マンティコアのテイムへ挑む！【Primal Chaos】
2280,蛇目 欠番@Vtuber,,4760,2026-08-30,0.4,1.0,,残す,,https://www.youtube.com/channel/UCHz_ixXk3HMq5MKla42ZjVA,【#ポケモンチャンピオンズ】～ダブルバトル～【#ポケモン 】
2281,バジルだべさ,,4750,2026-08-22,0.6,1.0,シューター,残す,,https://www.youtube.com/channel/UCW_gH_7_xjpAgg8_WeBq1LQ,アメリカ西サバでソロ大会やります【フォートナイト/Fortnite】
2282,Komame Ch.小熊こまめ,,4740,2026-09-22,0.62,1.0,アドベンチャー,残す,,https://www.youtube.com/channel/UCKGbkkPGR9wENnpjtZB6rpA,【ライブアライブ】西部編！伝説のRPGも後半戦！？LIVE A LIVE #6【小熊こまめ/ゆめかいろ】
2283,マネーアーン,,4740,2026-08-28,0.38,1.0,ストラテジー,残す,,https://www.youtube.com/channel/UCfRA-5GBjhwN4wd28F_7O-Q,サムネを考える（リベンジ）
2284,hydspvl,,4730,2026-08-23,1.0,1.0,,残す,,https://www.youtube.com/channel/UC0eeyY73IoL-cUrlG1w3TMw,全員買うべき神スキン、リコンファントムの季節がやってきました。【VALORANT】【ゆっくり実況】
2285,月夜猟介 -Ryosuke Tsukiyo-,,4710,2026-09-19,0.11,1.0,シューター,残す,,https://www.youtube.com/channel/UCYyLFBc_y8Ze1qe4z8_ROXg,本日20時から！【イケ勘/単発ゲーム】(正直もう喰える…が、)更に食べごろになるまで待ってから、、、狩るッ♡【イケメンに
2286,ホロライブきりぬき便,,4690,2026-08-27,0.15,1.0,シューター,外す（切り抜き）,,https://www.youtube.com/channel/UCq3YeLVAszPA9ZU9K_kgQUw,謎の虫の学名は本当にねねちが好きそうだった#狐族密会
2287,オトモ最高の相棒【モンハン反応集】,,4690,2026-09-19,0.0,0.0,,要確認（長尺動画なし）,,https://www.youtube.com/channel/UCIRQ235Ho2xPffDEu7tGMbw,
2288,夢見ルビィ / YUMEMI RUBY,,4670,2026-08-27,0.35,1.0,,残す,,https://www.youtube.com/channel/UC_nveAFi7OC1NU1WTaQEEXg,【 #キングダムハーツ 】はじめてのキングダムハーツⅡやるぞ！！その8【 #新人vtuber ￤#夢見ルビィ 】
2289,野良猫のにゃんこ大戦争,,4660,2026-08-24,0.5,1.0,ストラテジー,残す,,https://www.youtube.com/channel/UCoPxuU37ZYPPwpKFO4A4BVw,ガマトト神社で27秒待機すると、、！？ワザップのにゃんこ裏技、試してみた！！
2290,天海あくと-Amagai akuto- ch,,4660,2026-09-29,1.0,1.0,,残す,,https://www.youtube.com/channel/UCz7Cw_nVe4mrwl9-u486Rxg,第一弾追加コンテンツを遊びつくす#14【ほの暮しの庭】
2291,アイリナ・ゼファリオ【StellArt.】,,4650,2026-09-22,0.55,1.0,アドベンチャー,残す,,https://www.youtube.com/channel/UCKB9sNaOhnkx4jtsYeWEd4g,【 Minecraft 】マイクラビンゴ🎉アイテムを早く見つけるビンゴ対決だ！頑張るぞぉ～✨【アイリナ・ゼファリオ  /
2292,camikami,,4650,2026-10-02,1.0,0.26,シミュレーション,外す（日本語の配信ではない）,,https://www.youtube.com/channel/UCO3ITI9z2BYFArT4foAAJuQ,【Transport Fever 3】ゆっくり交通経営簿 Part3
2293,だいすけ,,4640,2026-09-27,0.0,1.0,,外す（ゲーム動画なし）,,https://www.youtube.com/channel/UCHrOhxLqifjYCcPHYKaWzWw,【ブロスタ】参加型配信🌈初心者🔰〜上級者😎大歓迎！ダリルレース&タイマン&ダグ鬼ごっこ&マンディかくれんぼ&リコゲーム&
2294,にじホロV【格ゲー切り抜き】,,4630,2026-09-02,0.0,0.0,,外す（切り抜き）,,https://www.youtube.com/channel/UCGWD6Zr-WeeXd6Hql-qy5hw,
2295,レトロめゲーマー コウ KoRetro,,4610,2026-08-28,0.62,1.0,アドベンチャー,残す,,https://www.youtube.com/channel/UC6R-eIxFyXuEeBB3UUsYqCQ,ウルトラセブンになって地球を守る格ゲー「ウルトラセブン」（SFC）クリアに挑戦！その１
2296,もっちゃん【ぶいすぽっ!切り抜き】,,4600,2026-08-24,0.0,0.0,,外す（切り抜き）,,https://www.youtube.com/channel/UC271g4wPYn8TTgSuU2NXV_Q,
2297,悠月ユウ / Yuduki Yu,,4590,2026-08-24,0.0,0.0,,要確認（長尺動画なし）,,https://www.youtube.com/channel/UCPK0y1RjngR3M22Nabohlmw,
2298,緋若 ニギ,,4580,2026-08-18,0.0,1.0,,外す（ゲーム動画なし）,,https://www.youtube.com/channel/UC6pMq80rosTY33QHArahKtQ,#1 スパンキング除霊師【#新人vtuber ／緋若ニギ】
2299,パン耳姉妹 / Panmimi Sisters,,4580,2026-09-08,1.0,1.0,,残す,,https://www.youtube.com/channel/UCr8zCLus28Qfxtrdtly7JTQ,【鬼武者WS】初見プレイ✨他流試合から！+ CCJP一閃杯【鬼武者Way of the Sword/パン耳らいぶ/vtu
2300,めたんのめためたゲームch,,4580,2026-09-22,0.55,1.0,シミュレーション,残す,,https://www.youtube.com/channel/UCNag-Pn66ARVjaICkN5InuQ,【Arctic Eggs】シェフになって美味しい目玉焼きを沢山作る
2301,紺月らぎ -Koduki ragi-,,4570,2026-09-15,0.2,1.0,インディー,残す,,https://www.youtube.com/channel/UCjO4WKLKlUQUg-pwa5cxdyA,【  #記念配信  】お披露目あり💙2回目の生誕祭だ～💐！いつも応援本当にありがとう～💐！初見さん大歓迎です☾⋆【  #
2302,狐狛ぎん@新人Vtuberゲーム実況 ch / Gin Kohaku,,4550,2026-09-04,0.63,1.0,シミュレーション,残す,,https://www.youtube.com/channel/UCpzHDnMS67OUSppK_zfIVxg,🔴【Forza Horizon 6】まだ見ぬ絶景を探して、日本を気ままにドライブ！
2303,ムテガイル,,4550,2026-09-07,0.7,1.0,シューター,残す,,https://www.youtube.com/channel/UCbO5sn2391NJ2PbcVcvIikQ,第332回 【MR1893～】むてガイルのまぐれでもいいからActレジェンド称号をゲットしたいランクマ配信　Act.13
2304,柊蓮,,4540,2026-09-30,0.0,0.0,,要確認（長尺動画なし）,,https://www.youtube.com/channel/UCCsbqG58UCd9LT1fP4Hbr8w,
2305,Mimoza Ch. 華咲みもざ,,4530,2026-08-27,0.33,1.0,シミュレーション,残す,,https://www.youtube.com/channel/UCn8KqO0eujog_GsnkoilQgQ,【#日替わりランチ歌枠リレー】かわいい担当トップバッターです♡【 #華咲みもざ / #karaoke 】
2306,きょん,,4530,2026-08-15,0.0,1.0,,外す（ゲーム動画なし）,,https://www.youtube.com/channel/UCv2F2sTDwPTdPMMxSWPlMPg,よっち&くまに嫌なことしてみたドッキリ
2307,おもにぃちゃんネル,,4510,2026-09-01,0.12,1.0,,残す,,https://www.youtube.com/channel/UCwXWISAguCRrpJN5ucwpHJw,【ポケちゃんピ】エルフーンメタ調整型エルフーン
2308,レジャーランドすえつな,,4510,2026-10-01,0.0,1.0,,外す（ゲーム動画なし）,,https://www.youtube.com/channel/UCtj4vk1d9UWMF5SFd8o0cDA,【昭和５３年男】初めてのロックマン３ その６
2309,キングch,,4460,2026-08-27,0.0,1.0,,外す（ゲーム動画なし）,,https://www.youtube.com/channel/UCPWHMQS3vfUqzezoeE0vu7g,【ARK ASA】アストレオス大型アプデ｜新ボス最速ソロ攻略【公式PvE】
2310,らいぎょのデジファーム,,4440,2026-10-02,0.0,1.0,,外す（ゲーム動画なし）,,https://www.youtube.com/channel/UCTvwkX07QmVgrLkVkKpE5KA,【縛りプレイ】サイバースルゥースを人生縛りでプレイする
2311,ルウ【ロブロックス】,,4420,2026-09-27,1.0,1.0,アクション（横スクロール）,残す,,https://www.youtube.com/channel/UC6MKZVBkBNMr0pzMOEVyiuA,【初配信】はじめまして！新人ゲーム実況者のルウです！【ロブロックス/自己紹介】
2312,てりこ。,,4420,2026-10-09,1.0,1.0,,残す,,https://www.youtube.com/channel/UCD9E3ZZjcadtLElejiVUbHw,【栄冠ナイン】超名門なので全国大会優勝中学生しかスカウトしません！Part2【パワプロ2026】
2313,KeepGamingOn,,4370,2026-08-23,0.0,1.0,,外す（ゲーム動画なし）,,https://www.youtube.com/channel/UCqTdELoUxemsFb1r0ZM1XgA,2026年後半【アクションアドベンチャー】今年の目玉ゲームが集まる人気ジャンル新作ゲーム10本
2314,ぽるんが,,4370,2026-09-01,0.0,1.0,,外す（ゲーム動画なし）,,https://www.youtube.com/channel/UC7t8evorv-Xh59CWnXG3kSw,【将棋ウォーズ】秒読み適性が付いた後の3切れ配信
2315,Yosuga【よすが】,,4370,2026-09-11,0.58,1.0,シューター,残す,,https://www.youtube.com/channel/UCMpy5Wj99rA09P18utlzSig,久しぶりのあいつとリロードデュオ！【ライブ配信】
2316,太刀ひろし　【Uncle gamer】 ,,4350,2026-08-28,1.0,1.0,シューター,残す,,https://www.youtube.com/channel/UC62epoLRd4-3-sUzkle6OzQ,早朝系のFPS初心者おじさんの#APEX!
2317,せいりゅー【将棋実況】,,4340,2026-09-15,0.0,1.0,,外す（ゲーム動画なし）,,https://www.youtube.com/channel/UCWHN8JGL4Df3A98mXY6Noyg,【将棋耐久LIVE】(今後の配信頻度について話したい)六段の将棋ウォーズ3切れ10勝するまで終われません！part215
2318,るどん製作所,,4340,2026-10-03,0.33,1.0,RPG,残す,,https://www.youtube.com/channel/UC3ci4J7ey0x_KY3VJms1dXA,【初見実況】いい加減キミも参戦しなさいよ！【ＦＥ聖戦の系譜＃149】
2319,SkullPirate,,4330,2026-08-30,0.0,0.0,,要確認（長尺動画なし）,,https://www.youtube.com/channel/UC5Q7X1Tauw-jaQjtHlT8k0g,
2320,ゆうとちゃんねる,,4320,2026-09-13,0.23,0.85,,残す,,https://www.youtube.com/channel/UCrMaRrAWeW6zwyDHQ7X-51A,【太鼓の達人】段位道場2026金達人への挑戦！
2321,サメビーバーりょう,,4300,2026-08-28,1.0,1.0,アドベンチャー,残す,,https://www.youtube.com/channel/UC53DHULRBxL8EYUO8M1rnCw,【新DLC到来】追加された新装備を探す旅！！【エルデンリング / ELDEN RING】実況
2322,しまゆま,,4290,2026-09-19,0.4,1.0,,残す,,https://www.youtube.com/channel/UCgewtxO9ZQzgk7xqkpMbCyA,ただ「山ジン」を飲んでるだけの動画
2323,ちじみ,,4280,2026-08-28,0.3,1.0,アドベンチャー,残す,,https://www.youtube.com/channel/UCOa3bWfEnFWllj5vhFhufKg,陰に潜む悪魔の鬼『KAGE ONI』が怖すぎた
2324,いかぽぽ,,4280,2026-08-29,0.5,1.0,RPG,残す,,https://www.youtube.com/channel/UCZ5zboQkUXbCUAvEErC2eAA,【コラボ配信】初心者が死んだら連帯責任！女子供キャリーPEAK【ベテラン：いぬまみや、うんば　初心者：いかぽぽ、やり丸水
2325,おれんじ,,4270,2026-08-29,1.0,1.0,,残す,,https://www.youtube.com/channel/UCxXNPOSO5RQJoWGf9wJj4BQ,【モンスト】リンネで超楽に！！超究極糸師凛立ち回り解説(ゆっくり実況）(ブルーロックコラボ)(糸師凛)
2326,ノタル,,4270,2026-09-22,1.0,1.0,,残す,,https://www.youtube.com/channel/UC5Sbfo5LfDBHPHAULDeGkVQ,【#鳴潮】視聴者とマルチイベントやる！【#24】
2327,ねーむ【原神ゆっくり実況】,,4270,2026-10-07,1.0,1.0,,残す,,https://www.youtube.com/channel/UCGsYLDyJxvCkq2Y_aFs7PlA,【原神】雷電将軍で幽境アルティメット180秒クリアできるのか！？Part2 【ゆっくり実況】
2328,しょーとちゃん寝る,,4260,2026-09-02,1.0,1.0,,残す,,https://www.youtube.com/channel/UCeTFimu7eoFp_SK5Qwe11ZA,【#モンスト 】ラブライブコラボ第二弾！4アカウントでコラボガチャ引きます！【#vtuber 】
2329,dbd ichika Festival　DIF１,,4240,2026-10-03,0.05,0.8,パズル,残す,,https://www.youtube.com/channel/UC4MTc_s4r_U4AJUqS4xqphw,DIF Eternal Fog Festival vol.1 　実況：百雲みや・解説：果無セツナ
2330,ゆんちゅる@宝石彫留職人・VPL5期生麻雀新人VTuber,,4210,2026-08-28,0.67,1.0,RPG,残す,,https://www.youtube.com/channel/UCwB-qeplyIBQ5McR2V-XG-A,【#ロードモバイル 】ロードモバイル対抗戦！！同盟募集中！！【VPL5期生/ゆんちゅる】 #初見歓迎 #PR
2331,だれとく動画 Daretoku Douga（TURBO）,,4210,2026-09-15,0.05,1.0,インディー,残す,,https://www.youtube.com/channel/UCmZTo5wpaUvxbbJIGEe_CJg,【ファミコン】６つのゲームが一つになれば、一つのゲームは〇ックマン「ポリガールズ アドベンチャー」【ハックロム】
2332,ikku AQUA 低音女子訛りゲーム実況(いっく あくあ),,4200,2026-08-30,0.75,1.0,RPG,残す,,https://www.youtube.com/channel/UCyJLNOLJGHFTL4bHZ8nu3xw,【ドキドキ文芸部プラス！】恋愛ゲーム？ホラーまだ？ #5【中性声女性実況】朗読初見プレイ！詩の翻訳がお見事、本当に海外産
2333,草蔦みかん / Kusatsuta Mikan,,4200,2026-08-28,0.2,1.0,RPG,残す,,https://www.youtube.com/channel/UCBzbWsb8KYT1LTOoeDSGTBA,【メタルマックス2】＃05 シリーズ初見プレイ！【ゲーム実況／草蔦みかん（Vtuber）】#レトロゲーム
2334,エンドラ,,4190,2026-10-03,0.75,1.0,シューター,残す,,https://www.youtube.com/channel/UCU-QWpqcDbFpPjCsMFVLdMw,[ネタバレ注意:エスコン8マルチ]爆風で追い込む！高性能機でもグリペンE＋SASMからは逃れられない・・・はず[ゆっくり
2335,NAGOMI☆GAMES,,4190,2026-09-26,0.0,1.0,,外す（ゲーム動画なし）,,https://www.youtube.com/channel/UClGB3T03TM5JRhDNljwc6Og,ポンコツソロレイダーがゆく!!#5「激闘の３日間夜更かしレイドは死ぬほどウマかった件」【ark asa pvp】
2336,もちきんちゃくのゲーム実況,,4180,2026-09-04,1.0,1.0,RPG,残す,,https://www.youtube.com/channel/UClIKcBWMSdg-PuXf-mlSciQ,【スーパーファミコン】ドラゴンクエストⅥ　幻の大地　通常プレイ＃2【ゆっくり実況】【レトロゲーム】
2337,姫々あんよ,,4150,2026-10-05,0.29,1.0,,残す,,https://www.youtube.com/channel/UCOR1hnmJ6H4g_dpG0LgsJgw,【#ゼンゼロ / #ゼンレスゾーンゼロ 】完全初見🔰シーズン1第一章「猫の落とし物」　いったいどんな話なのか気になります
2338,レトロゲーマー真,,4150,2026-09-13,0.0,0.0,,要確認（長尺動画なし）,,https://www.youtube.com/channel/UCYIUSOudnxQ7f9pZRAnfV-A,
2339,team BWK,,4130,2026-08-28,0.06,0.94,アドベンチャー,残す,,https://www.youtube.com/channel/UCKIDAcR5n8-E-vwejdbt7Hg,太鼓の達人ニジイロver Vrykolakas / 「Nosferatu」 Remixed by Laur 全良
2340,明日葉よもぎの「よもぎ通信」,,4130,2026-09-28,0.29,1.0,パズル,残す,,https://www.youtube.com/channel/UCgzzlWAK-7NLWRWlTaOxWvA,【週刊 よもぎ通信】第433回🌱グッズやイベントのことなど今日も森森《お知らせ/お便り/台詞リクエスト/雑談》#よも通
2341,抹茶のゲーム実況チャンネル,,4110,2026-09-02,0.35,1.0,RPG,残す,,https://www.youtube.com/channel/UCJxyFMuK-BKgwqGVNM9fR4w,【Doloc Town#6】ガラクタだらけの廃墟を楽園に！終末世界ではじまる癒しのスローライフ農業シミュレーション🌳 ド
2342,苺埜よより - Ichino Yoyori -,,4100,2026-08-29,0.35,1.0,アドベンチャー,残す,,https://www.youtube.com/channel/UCINaxr-msyO7C7Kf1dpnuGQ,【1周年記念】お披露目あり♡よよーり活動1周年記念配信開始🍓【苺埜よより #新人vtuber】
2343,えのころゲームちゃんねるはダジャレと無駄がすき,,4090,2026-08-28,0.0,1.0,,外す（ゲーム動画なし）,,https://www.youtube.com/channel/UCCbV9_5ocwFZJFn1sVH1QxQ,【ゴエモン3】#4　初見！今度は…みんなでタイムトリップ！？【レトロゲーム】
2344,ピコピコさん | ゲームまとめ,,4090,2026-09-20,1.0,1.0,タクティカル,残す,,https://www.youtube.com/channel/UC_pPgVHBGCOCEhoOvPa0Jnw,【ファイアーエムブレム 万紫千紅】真ラスボス戦・真エンディング（４人の主人公集合）【ストーリー プレイ動画】【switc
2345,【MOG】ジャッカル・ヨッシー,,4090,2026-09-09,0.0,1.0,,外す（ゲーム動画なし）,,https://www.youtube.com/channel/UC5u6kJwuWtkQmzcGzWBCmzQ,速報Jリーグ！　J1第6節 J2第５節　J3第５節（9/5.6開催分）　を振り返ります！
2346,現役社畜Vtuber カイ_SHINE 【個人勢】,,4080,2026-10-06,0.9,1.0,シューター,残す,,https://www.youtube.com/channel/UCu0g7ELcYn2UE_56CLmrujQ,【エースコンバット8 ウイングス・オブ・シーヴ】２週目!!難易度エリートに挑戦!!【個人勢Vtuber　カイ_SHINE
2347,めろてん / MeloTen,,4070,2026-08-31,0.7,1.0,,残す,,https://www.youtube.com/channel/UCKeUc8LaReoaCte2sqTxWEQ,【サンブレイク2026年最新版】新無限回復弓の到達点更新：もう身躱しなんてしなくていい（ワイルズからの新規勢、サンブレ復
2348,ねぎ,,4060,2026-09-26,0.0,1.0,,外す（ゲーム動画なし）,,https://www.youtube.com/channel/UC4Szi_cPv-F7O42jzM45UOg,【初代スプラ】とりあえずウデマエB目指す！！
2349,ゆうすいの合唱道,,4050,2026-09-23,0.0,1.0,,外す（ゲーム動画なし）,,https://www.youtube.com/channel/UCQscJ8IyoqubLS0LEIZfDPw,毎日ピアノ名探偵コナン397日目、ほらね、287日目
2350,おかまつゲーム実況,,4040,2026-08-28,0.86,1.0,アドベンチャー,残す,,https://www.youtube.com/channel/UC1YNkFKoKDsHjGXboEyzGlA,#2【PS5PRO】STAR WARS ゼロ・カンパニー 初見実況【スター・ウォーズの新作ターン制戦術ゲーム】
2351,ほうがちゃん,,4040,2026-08-26,0.0,1.0,,外す（ゲーム動画なし）,,https://www.youtube.com/channel/UCPXDSPmWFuDz38atwfp8FtQ,【ポケカ対戦凸待ち】リモート対戦参加型！ 誰でもいつでも参加可能の対戦会！WCS2026中でも遊ぼ！【ポケモンカード/凸
2352,星森みなみ,,4040,2026-08-29,0.93,1.0,RPG,残す,,https://www.youtube.com/channel/UCOybAjKI5nbv8oF3OV6dFcA,【ドラゴンボールZ：カカロット】♯14 ドラゴンボールミリしら女の初見プレイ DAIMA 魔界の大冒険PART2【DRA
2353,赤枕　【ホラーゲームチャンネル】,,4030,2026-08-21,0.22,1.0,,残す,,https://www.youtube.com/channel/UC54jLrWs9q9w9jQIHOcJzVg,8番出口タイルマンガチャ
2354,ほねお,,4030,2026-08-30,0.0,0.0,,要確認（長尺動画なし）,,https://www.youtube.com/channel/UClbboYpJubJ_v4hMlipBPaA,
2355,エピログch【ホロライブ切り抜きエピソードログ】,,4010,2026-10-08,0.0,0.0,,外す（切り抜き）,,https://www.youtube.com/channel/UCyoS3VHW-AROmE6UZXvuZCg,
2356,らんぽ clearlamp_o,,4010,2026-08-27,0.2,1.0,RPG,残す,,https://www.youtube.com/channel/UC-XtnExKlzwNX81dlFlZvbw,【Tokon】マベトコ→21時からFF14漆黒ネタバレ注意。HA10試すかも（n回目
2357,零幻道士,,4010,2026-09-22,0.0,1.0,,外す（ゲーム動画なし）,,https://www.youtube.com/channel/UCmXoaZIOuGUHYE105ngEC0A,【学園祭の王子様】母親の推しを攻略してみた【ネタバレあり】
2358,クラウド,,4010,2026-08-31,0.05,1.0,,残す,,https://www.youtube.com/channel/UCQD_GWKrr4R9fpFTqGgsIkg,発売当時の子供にはクリア不可能でクソゲー理不尽ゲーと名高いサンソフトの謎解きゲーム　名作レトロゲームで遊ぶぞ【水戸黄門】
2359,ルウ【ゲーム情報局】,,4000,2026-09-24,1.0,1.0,,残す,,https://www.youtube.com/channel/UC822LYfIZ-5bjMXwDqvcm-Q,再び所持率が爆伸びしたオデットがXで話題となっている模様【原神】
2360,Seiya /おわえちゃん,,3980,2026-09-11,0.92,1.0,,残す,,https://www.youtube.com/channel/UCjUwadyK0k4jS5Ps12gKYFQ,スト６ 練習 夕食まで　9/11
2361,ケンジャー,,3970,2026-09-07,0.6,1.0,,残す,,https://www.youtube.com/channel/UCvBkS6ZA22mH83mokQk5Qhw,【スト6】豪鬼の情報求む！トレモ・キャラ対雑談！最高MR2250豪鬼による配信　#スト6
2362,半島 キタ / nakajima kita,,3960,2026-08-23,0.47,1.0,,残す,,https://www.youtube.com/channel/UCRJ34u-W13-DqW2NR8baQ4Q,【 #MerrySummerFest2026 】夏、終わるんか！？終わらんのか！？【#半島キタ 】
2363,てゆりぱ【モンスト】,,3960,2026-10-04,0.0,0.0,,要確認（長尺動画なし）,,https://www.youtube.com/channel/UCNR47li4cCv-eXJGitQ1uUw,
2364,チャンネルとわる,,3950,2026-08-27,0.0,1.0,,外す（ゲーム動画なし）,,https://www.youtube.com/channel/UCeT9nzRj2cqA6fOZfU9xzlw,《帰ろうと思った》ワンマンライブ後にワンマンライブを振り返る
2365,グッドマン / グッディ,,3950,2026-10-06,0.85,1.0,,残す,,https://www.youtube.com/channel/UC02u2KVuPFrMEOnEYhB1Ivg,【ドッキリ】アールさんの言うことなら格ゲーマーなんでも信じる説【アール / イバラ・デビルローズ / まりゅめろ】
2366,かりぎゅら,,3930,2026-09-22,0.69,1.0,シューター,残す,,https://www.youtube.com/channel/UCFKGRHorABGI_TSt4GQjOkw,VALOランク上げるぞ！【縦型】
2367,名作ゲームのすゝめ,,3930,2026-09-11,0.85,1.0,RPG,残す,,https://www.youtube.com/channel/UC_h6ZpRhn2NO6xuwLmS41Lw,【アナザーエデン ビギンズ】知っておくべき衝撃の最新情報8選【ゆっくり解説】
2368,NiShiKeN,,3920,2026-08-26,0.32,0.95,レース,残す,,https://www.youtube.com/channel/UCsr1jMYF-5reeYxPyy26UtA,【MGS マスターコレクションVol.2】#1 祝リリース MGS4 が最新ハードで遊べる！MGS4を開幕ダッシュで遊ん
2369,いせ,,3890,2026-09-11,0.43,0.79,,残す,,https://www.youtube.com/channel/UC-G81BZHumkVCsSHjyKkb5A,段位道場2026やるぞーーーー！！！！
2370,てぃーたむ,,3880,2026-08-21,0.83,1.0,,残す,,https://www.youtube.com/channel/UC5OsjrFT0WXZNaSCJPGq4sg,【VALORANT超総集編】ブロンズからアセンダントまでの軌跡 3年分のヴァロ振り返りSP!!【ゆっくり実況】
2371,Romi ch. 月窓ろみ,,3860,2026-08-27,0.33,1.0,アドベンチャー,残す,,https://www.youtube.com/channel/UCiLazLcPpxSCLoo30OVEOyw,【たった今考えたプロポーズの言葉を君に捧ぐよ。-ストーカーブラック】初コラボで愛、ぶつける…💝牙音ぎゃお様【ゆめかいろ/
2372,華白ユピア / Yupia Ch.,,3860,2026-08-27,0.15,1.0,RTS,残す,,https://www.youtube.com/channel/UCwj1At2LXSeyzPQUSJiRiQQ,【機動戦士ガンダムZZ/完全初見🔰】プルちゃんを見捨てたグレミーは敵認定な令和のジェリド・ユピアの第24～28話同時視聴
2373,げこりんちゃん🐸Gekorinchan Ch,,3860,2026-09-06,1.0,1.0,,残す,,https://www.youtube.com/channel/UCYx5g4kQ3-Y9rYIN_rSBQ_w,【スト6/モダンキャミィ】#347 睡眠導入Mキャミィランクマ　　10最終レジェンド【げこりんちゃん】
2374,える (エースコンバット紹介ch),,3850,2026-10-04,0.95,1.0,シューター,残す,,https://www.youtube.com/channel/UCDkFUcGN3MsUjyQSw4LXLrA,【PS5】キャンペーンモード攻略 #4【エースコンバット8／ACE COMBAT 8 Game Play】
2375,ドズル社切り抜きドロップス,,3830,2026-09-02,0.0,0.0,,外す（切り抜き）,,https://www.youtube.com/channel/UCT_m34QT7_4VjTnoA_f4pUA,
2376,ゆっくりアルトニウム,,3830,2026-09-20,1.0,1.0,RPG,残す,,https://www.youtube.com/channel/UC34Qj6ZgNqbRuNBMH9OAulw,難しい事無し編成コスト安いマジでセンちゃんでいい！いやマジで【エンドフィールド/ゆっくり】
2377,ロビットソン,,3820,2026-08-27,0.29,1.0,,残す,,https://www.youtube.com/channel/UCi5HDWObp8DomI3m40cK4Sw,【夜勤事件】深夜のコンビニバイトで起きる恐怖体験
2378,雨野 あめこ,,3810,2026-08-27,0.2,1.0,シミュレーション,残す,,https://www.youtube.com/channel/UCmxPLOZkDZ3IXLwD_UIsRbA,【ドラゴンクエストVII Reimagined】#2 海を越え、時を超える冒険!!【初見プレイ】※ネタバレが含まれます
2379,ゴンザレス山田丸,,3810,2026-08-28,1.0,1.0,,残す,,https://www.youtube.com/channel/UCSMmglP3glL5gs4o21JWogA,【スプラ３】撮影会＆参加型プラべ
2380,れふれん,,3800,2026-08-24,0.95,1.0,シミュレーション,残す,,https://www.youtube.com/channel/UCaohy5n5EP3iQD-Awt8J7TA,できることがとにかく多い！【Dinkum】【ゆっくり実況】#02
2381,ゆうのレトロゲーム,,3790,2026-08-29,0.0,1.0,,外す（ゲーム動画なし）,,https://www.youtube.com/channel/UCCnyLTRKqm9xd01T8n_YWTA,【クロノトリガー】激闘！超強化された最強外殻ラヴォスを攻略！
2382,Alvin / アルビン,,3790,2026-09-11,1.0,1.0,,残す,,https://www.youtube.com/channel/UCQ-fsTmo44BE6FPCr6h7VEw,【原神】初期旅人がスネージナヤを見たら……　【コメあり】
2383,なつめやみや / Natsume Yamiya,,3780,2026-09-27,0.82,1.0,,残す,,https://www.youtube.com/channel/UCSjWSvwMfanoa8CgJHkIpVw,#01 【 P5R 】初見プレイ￤ペルソナってなんか聞いたことあるかもくらいの知識【 ゲーム実況 】
2384,こうめとゆるり。,,3770,2026-09-27,0.25,1.0,,残す,,https://www.youtube.com/channel/UC539EUZgL1CJ_CRnBWIua4w,【8番出口】次々と起こる異変に絶叫！？（こうめとゆるり。#5）
2385,白狛のえ,,3770,2026-08-31,0.36,1.0,シミュレーション,残す,,https://www.youtube.com/channel/UC873QfpFV3-GqzMvGAB5Ypg,【ドラクエ2リメイク】＃21 無限の回廊攻略！真エンディングまで辿り着けるか…！？ #白狛のえ 【完全初見プレイ】
2386,えどぐるみ,,3770,2026-10-05,0.53,1.0,RPG,残す,,https://www.youtube.com/channel/UCOpXX55mpiB8OOIxbyb1IAQ,【完全初見/ ゼノブレイド2】《DLC》#24　メツ待ってろ…！！ヒトノワレベル4上げたよ！【 Xenoblade2 s
2387,レトロゲーマーRPG系【レトロゲームゆっくり実況】,,3760,2026-08-30,0.0,1.0,,外す（ゲーム動画なし）,,https://www.youtube.com/channel/UCLlzzFacY0O2QL-oyX9LQag,今作も活躍する姉妹【ファイアーエムブレム外伝】#7【ゆっくり実況】【レトロゲーム】【ファミコン】
2388,サリー姉さんのゲーム,,3760,2026-09-04,0.11,1.0,,残す,,https://www.youtube.com/channel/UC0VkEX0lPKkzT1XLTkhOcvw,本日発売　早くも好評 ！ザブラッドオブドーンウォーカー
2389,朱羽美寧 / Akabane Minei ch,,3760,2026-09-22,0.64,1.0,アドベンチャー,残す,,https://www.youtube.com/channel/UCzEW1LP-uMB3KFgowzJUlVQ,【IGTAP】ど こ 見 て も 足【 #バ美肉 / Vtuber / 朱羽美寧 】
2390,天下に轟くあくび,,3750,2026-09-27,0.2,1.0,シミュレーション,残す,,https://www.youtube.com/channel/UCbO4wiSelQm9DnP0t7QV3EQ,【Don't Drop The Cake】なにがあってもケーキを落としてはいけない!!
2391,きなこちろる,,3750,2026-10-09,0.0,0.0,,要確認（長尺動画なし）,,https://www.youtube.com/channel/UCrVVo0PezSVG2_2PTNE-wsw,
2392,【サモエド亭】ミネイ,,3740,2026-09-23,0.71,1.0,アドベンチャー,残す,,https://www.youtube.com/channel/UCLVZMakocnv9q7cjYzOKQXQ,はじめての「流行り神2」 #117【流行り神2  実況プレイ】
2393,ホロライブおもかわ切り抜き,,3730,2026-09-30,0.0,0.0,,外す（切り抜き）,,https://www.youtube.com/channel/UCRAzrbyrD9Db7ixEU_mDgXA,
2394,あーぺけ,,3720,2026-09-13,0.0,1.0,,外す（ゲーム動画なし）,,https://www.youtube.com/channel/UC0J0S1vSFZcKhnf4YpQ3ekg,【鬼畜】ワープ禁止縛りで原神クリアを目指す #48
2395,平成ヒッピーGAMEチャンネル,,3710,2026-08-29,1.0,1.0,RPG,残す,,https://www.youtube.com/channel/UCpj8s-E3qYV-9FXA28YApcA,【広告なし】夏フェス！歌枠カラオケ配信 ～ForzaHorizon6/ヤニねこ/邦ロック/リクエストも歓迎～
2396,ホロの栞【ホロライブ切り抜き】,,3710,2026-09-27,0.0,0.0,,外す（切り抜き）,,https://www.youtube.com/channel/UCpSOJXo9R9YLyaDBV8kI3XQ,
2397,花白もか,,3710,2026-10-09,0.4,1.0,シューター,残す,,https://www.youtube.com/channel/UCnlsofcP_kv2Y5o_Upnyyfg,【Sub Rosa Tournament】DEMO版リリース！チーム対抗わちゃわちゃパーティーゲーム！【花白もか PR】
2398,シレトル【RTAゲーム実況】トルネコの大冒険&風来のシレン&ドラゴンクエスト(DQ、ドラクエ),,3700,2026-09-27,1.0,1.0,RPG,残す,,https://www.youtube.com/channel/UCl3uyAkk-KwJPHVrC75sGIw,【RTA】トルネコの大冒険 証明の巻物 50階TA【SFC DQ4 ドラゴンクエスト4 ドラクエ4 ちょっとステキなリマ
2399,ねこウォッシュchannel,,3690,2026-09-04,0.0,0.0,,要確認（長尺動画なし）,,https://www.youtube.com/channel/UCPSIxxdL1i3PsiEqZSMvTDw,
2400,フェイカー先輩,,3670,2026-09-22,0.0,0.0,,要確認（長尺動画なし）,,https://www.youtube.com/channel/UCRnDKjfQaC-ZudNMZXHpndg,
2401,ろこもこチャンネル💛💚麻雀Vtuber,,3670,2026-08-28,1.0,1.0,,残す,,https://www.youtube.com/channel/UCX8ntLpwL1da7PpwHCLiGCg,【雀魂】段位戦チャレンジ！麻雀Vtuberろこもこ雀豪への道！【VTuber/ろこもこチャンネル】276回目 #Vtub
2402,月音ゆき - つくねゆき,,3660,2026-08-26,0.3,1.0,RPG,残す,,https://www.youtube.com/channel/UC5pj6uUlqA5Mo2_YGGyBbRg,【Harmony League／プレーオフ1節】ファイナルへ‼️好発進だっ🔥 #うさぎ座クレッシェンド #harmony
2403,CHECHE GAME【顔出し初見ゲーム実況】,,3650,2026-08-26,0.55,1.0,RPG,残す,,https://www.youtube.com/channel/UCktiWsQPC_tJC5fCYwRiWBQ,【激闘】強すぎたマダラに再挑戦…！マダラ&九尾VSナルト 完全初見で挑むナルティメットストーム3⑦
2404,知性派天使ちゃんねる【神眼みや / KamigaMiya】,,3620,2026-10-07,1.0,1.0,ストラテジー,残す,,https://www.youtube.com/channel/UCtE7H40z7YH5qsk6rr43g1Q,【アイマスコラボ】最終日!？デレマスコラボガチャで出ないキャラは確定ガチャでコンプ！？【パズドラ/龍楽士】
2405,やゆよwithチャイナメイドちゃん,,3610,2026-08-29,0.7,1.0,アドベンチャー,残す,,https://www.youtube.com/channel/UC2gFt0ETkES1tcEaK9gGZZQ,【Lies of P】うさぎがぴょん。ピノキオの物語が反転した世界で、ダークファンタジーなソウルライク！【ゲーム実況/初
2406,空天（あてん）の時間,,3600,2026-08-26,0.65,1.0,RPG,残す,,https://www.youtube.com/channel/UCVpiAke8To1KeHCOWt0FLvw,【ウマ娘】エピファネイア欲しい！最大200連ガチャ【Vtuber】 #ウマ娘プリティーダービー
2407,Kameta@SCZ,,3590,2026-09-19,0.72,0.94,シューター,残す,,https://www.youtube.com/channel/UCb6iip921RsKonBFckppCFQ,24時間太鼓の達人耐久配信　リクエストOK！！楽しくおうち太鼓配信🔥【太鼓の達人】
2408,鉄拳攻略ノア,,3580,2026-09-26,1.0,1.0,,残す,,https://www.youtube.com/channel/UC1FsoaVp-SGl20XSw5OE5xA,背が高いキャラ、低いキャラとコンボへの影響 | #鉄拳8 / The Impact of Tall and Short 
2409,キングカスマ,,3570,2026-09-22,1.0,1.0,,残す,,https://www.youtube.com/channel/UCeGqKd4mbBHuRhqxlpr9d9g,リアルジェイミー化計画151日目！【飲酒スト6】
2410,Kenのゲーム実況,,3570,2026-09-23,0.2,1.0,RPG,残す,,https://www.youtube.com/channel/UCB7Lkws0RSx2gxidt4YFmUQ,【RPG】るぅみマスター #1 初見 【ゲーム実況】LUMIMASTER
2411,ホロドリ切り抜きch 【ホロライブ】,,3550,2026-10-06,1.0,1.0,,外す（切り抜き）,,https://www.youtube.com/channel/UC6r8IN_p0Nw4gr2jKjFZRig,【ホロドリ】無課金必見！無料でゲットできる？！ヒトデアクセサリー場所を完全解説！新エリアソーダポップラグーン【holol
2412,こぺんた\Kopenta,,3530,2026-08-21,0.69,0.94,RPG,残す,,https://www.youtube.com/channel/UC-p10CeQqOBYGHbeYPuMS7Q,【青鬼2-AOONI-】10倍速最終回！！！！！（多分...）
2413,児玉碧衣,,3520,2026-09-02,0.6,1.0,ストラテジー,残す,,https://www.youtube.com/channel/UCHQfwHx3hJDSkXOdAeFRR2A,【2人実況】やっぱこれしか勝たん『DBD』
2414,ser【さー】,,3520,2026-09-30,0.65,1.0,RPG,残す,,https://www.youtube.com/channel/UCODjkneqMTXACYUazE_rzEA,【鉄拳8】本日20:00~StreamerTimes CUP！！ぶちあげていこー！
2415,いのちくん,,3510,2026-09-22,1.0,1.0,,残す,,https://www.youtube.com/channel/UCHw4THyOzagqi3uMFsPYrEw,統合版参加型 #マイクラ参加型配信  #マイクラ #マインクラフト
2416,黒依コーキ君,,3510,2026-08-22,0.0,1.0,,外す（ゲーム動画なし）,,https://www.youtube.com/channel/UCRhe2wWVIn9MeozzSerofiA,念願の推し 【ガチャ配信】 クラブ・ウェア リリア・ヴァンルージュ ガチャ　〜軽音部〜
2417,ようこ,,3510,2026-09-22,0.2,1.0,,残す,,https://www.youtube.com/channel/UC9hZQPgtO233jskFeE2fHpA,【大乱闘スマッシュブラザーズ】快楽指数高すぎ注意！！打ち上げられた魚（猫）による絶頂プレイ【ゆっくり実況】
2418,花陽すず。HanabiSuzu,,3500,2026-09-14,0.0,0.0,,要確認（長尺動画なし）,,https://www.youtube.com/channel/UCLuXqmFT2VGwz0Op3parVyQ,
2419,音ハメ大好き米,,3480,2026-08-29,0.0,0.0,,要確認（長尺動画なし）,,https://www.youtube.com/channel/UC1vAF5RCMxou6-jLDYhyHsQ,
2420,ゲームラボ | ゲーム紹介,,3480,2026-09-25,0.0,1.0,,外す（ゲーム動画なし）,,https://www.youtube.com/channel/UC1eAQeu2lK6tRPt9PkUDH9A,【10月発売】期待の最新作ゲーム13選を紹介｜ゲームラボ【PS5/Switch2/Steam/XBOX】
2421,かふぇもか.,,3470,2026-08-27,0.11,1.0,シューター,残す,,https://www.youtube.com/channel/UC_UiEcgnk2CXN7_q_bEKKqw,【太鼓の達人】HOT LIMIT(裏譜面) 全良 【ドンフェスsteam版】
2422,ブリエル Ch.,,3470,2026-09-03,0.1,1.0,RPG,残す,,https://www.youtube.com/channel/UCaVenJnJAHhOWTJJdzHdZbA,【バハムートラグーン SFC版 #初回】サラマンダーって誰？ みんなのトラウマが知りたい完全初見プレイ ドラゴン退治はも
2423,甘屑あまえ - Amakuzu Amae -,,3470,2026-09-07,0.68,1.0,アドベンチャー,残す,,https://www.youtube.com/channel/UCdmSu3Epico9xP85Nyydb5w,【FF7】 #5 〜人生初めてのFF🔰ティファ嫁かわいい〜【甘屑あまえ】 #関西vtuber #FF7 #オリジナル版 
2424,みあch,,3460,2026-09-12,1.0,1.0,,残す,,https://www.youtube.com/channel/UCM7MZTzrFq0fsEPgCI9vUjw,【検証】すべての探索度を100%したらどのぐらいガチャ石集まるの？【鳴潮】【ゆっくり実況】【総集編】
2425,アモルファスの遊び部屋,,3450,2026-08-28,0.25,1.0,シューター,残す,,https://www.youtube.com/channel/UCqsz3TrxCiujtUWX7-Txueg,【パルワールド】仲間たちとモンスターと楽しく生活！part3【vtuberコラボ配】
2426,なのは,,3440,2026-09-01,0.43,1.0,アドベンチャー,残す,,https://www.youtube.com/channel/UCqe38pmBmTKdSqKH4tusMsg,【The Headliners】ディーンと命を賭けて一大スクープ狙うぞおおお📸
2427,よひらぱん@女子大生Vtuber,,3430,2026-10-04,0.31,1.0,格闘,残す,,https://www.youtube.com/channel/UCz-jnCNrNxPzOgTTQkf2uPA,【スパロボF】#11／エースはキース✨エルガイム大好き💛／初見🔰／女子大生vtuberのスパロボ配信！【セガサターン実機
2428,M_mollyゲーム実況ch,,3420,2026-08-28,0.67,1.0,シューター,残す,,https://www.youtube.com/channel/UCPs1qIH18R-Gb6VnpMTGeHw,【生配信】東方風神録完全初見でやるぞおおおおおお‼【1日目】初見さん大歓迎！
2429,切り抜きを煎じめて飲めch,,3420,2026-10-08,0.0,0.0,,外す（切り抜き）,,https://www.youtube.com/channel/UCXioCZpbtMxumNhAQsdJaZQ,
2430,えういん ∕ euin Ch.,,3420,2026-09-22,0.68,1.0,,残す,,https://www.youtube.com/channel/UCmgLnpKxSaPBmG7xfd1bhaQ,#1【ロマサガ２リメイク】完全初見！ はじめてのロマサガですっ！※ネタバレ注意【えういん/ 個人VTuber】
2431,グラデ先輩,,3410,2026-08-15,0.05,1.0,アドベンチャー,残す,,https://www.youtube.com/channel/UC0J6eJoopnD0kUUCC3XiLdQ,もし2025達人を2024ドンだーが初めて見たら【コメ付き】
2432,夢花なず,,3410,2026-09-02,0.2,1.0,,残す,,https://www.youtube.com/channel/UC4tnSOIj_Xa7wNnKvQyEywA,【初見歓迎/朝活雑談】朝の1時間で何人人来てくれるかなぁ…？挨拶待っているなずちゃんがいるよ！！#なずってんなぁ【個人勢
2433,たまおチャンネル,,3410,2026-09-24,0.0,0.0,,要確認（長尺動画なし）,,https://www.youtube.com/channel/UCky26OD8wEkBQ7hDZ4svJfA,
2434,ホロうさぎ【ホロライブ切り抜き】,,3400,2026-10-09,0.0,0.0,,外す（切り抜き）,,https://www.youtube.com/channel/UCqpJID7f55-f-QozZ6EXrxg,
2435,SUZUNE,,3390,2026-08-28,0.91,1.0,RPG,残す,,https://www.youtube.com/channel/UCyT0KCGRlZ-1fm4dXYer7EA,【スマブラSP】たいかいに出ます
2436,ホイミんの部屋,,3390,2026-08-28,0.75,1.0,RPG,残す,,https://www.youtube.com/channel/UCCSuj9ncrhr8kWZPtDtk_EQ,【※クソすぎて滅】P5X新キャラ「ブリッツ」ひいていく。良い子はマネするな！！【ペルソナ5：ThePhantomX / 
2437,エビオ切り抜きch,,3390,2026-08-31,0.0,0.0,,外す（切り抜き）,,https://www.youtube.com/channel/UC0tLuf6B07FQ0A3rpS-97Mw,
2438,ツバのあしあと,,3380,2026-08-29,0.44,1.0,RPG,残す,,https://www.youtube.com/channel/UC3wXNKjfbGx6eef5Iunw6Pw,体力の上限が半分になる鬼畜ソウルライク#ソラテリア#solateria #ソウルライク #4k #hdr #4khdr 
2439,結月 ちや ch / Yuzuki Chiya ch,,3380,2026-09-01,0.65,1.0,アドベンチャー,残す,,https://www.youtube.com/channel/UCsQdx6ufStNVgFghd9xHRdA,【崩壊：スターレイル】Fateコラボ第二弾！凛＆ギルガメッシュ登場！「幻造：聖杯戦争」を完全初見プレイ【前編】
2440,Hải Nguyenthi,,3380,2026-09-28,0.0,0.0,,要確認（長尺動画なし）,,https://www.youtube.com/channel/UCMdrQCOX9AjOTOFor0K3ofw,
2441,からあげ【にじさんじ切り抜き】,,3360,2026-08-18,0.0,0.0,,外す（切り抜き）,,https://www.youtube.com/channel/UC9x7oj8TYEXIxkr4DYi02fA,
2442,リリーパッドLilypad,,3350,2026-08-27,0.2,1.0,RPG,残す,,https://www.youtube.com/channel/UCM7lOsyI3-MIlEiG6UPYinQ,【バイオハザードRE:3】# 3 完全初見実況【Vtuber/リリーパッド】#バイオハザード #バイオハザードre3
2443,RYSTA GamingPC,,3350,2026-09-27,0.78,1.0,,残す,,https://www.youtube.com/channel/UC5A102NYVTLe_RfWekfRa_g,【モンハンワイルズ】RYSTAGamingPC代表による7800x3D RTX5070実機にて実践‼️PCに関するご質問
2444,GCBの忘れもの,,3340,2026-08-28,0.0,1.0,,外す（ゲーム動画なし）,,https://www.youtube.com/channel/UCj5KAGYGn9ITlRurLDm2j6g,【696】ガンダム 0083 カードビルダー 店内対戦 配信もれ ジオン3機 vs ジオン4機
2445,ナツの中身*72 《ナツ×ラム》,,3340,2026-08-23,0.89,1.0,シミュレーション,残す,,https://www.youtube.com/channel/UCcQGTV5oOtRi-gjdXOApYEQ,【初見実況】こんなに出来る系女子の管理下なのに、海賊の結束力がとにかく低い  #04【Corsair Cove/コルセア
2446,M家の休日マサ,,3340,2026-09-29,1.0,1.0,,残す,,https://www.youtube.com/channel/UCLkg9-LnHHYU3VZ7p43UQiQ,第５４回　視聴者と一緒に全国制覇ツアー【パワプロ２０２６　栄冠ナイン】
2447,えびめがね,,3330,2026-09-28,1.0,1.0,シューター,残す,,https://www.youtube.com/channel/UCLVAryQkoSfs7JXMakxnlFQ,【APEXソロランク/撃ち合い強化編】ガチでプロ目指してランク練習！【ワットソン最強への道】
2448,Tekken8 Kiwami,,3320,2026-08-28,1.0,1.0,,残す,,https://www.youtube.com/channel/UC6Nkympbk5S3UTw7sVSMuzg,【鉄拳8】 世界ランク1位クニミツ 間合い管理ウマい 🔥 破壊神伍 ドラグノフ vs 破壊神Ⅶ クニミツ  🔥 ver3
2449,めのら,,3320,2026-10-09,0.0,0.0,,要確認（長尺動画なし）,,https://www.youtube.com/channel/UCvlXIWdq4DpGo4clNYcvgpg,
2450,海伽はく Mitogi_Haku,,3310,2026-08-28,0.59,1.0,アドベンチャー,残す,,https://www.youtube.com/channel/UCN8EZxZcuPZjtFGyoEs1r0A,🐬【#Pokémon LEGENDS Z-A 】ﾎﾞｯｺﾎﾞｺでワロタ #2【#Vtuber / #海伽はく 】
2451,ホロ切り抜き,,3300,2026-09-02,0.0,0.0,,外す（切り抜き）,,https://www.youtube.com/channel/UCnVtWnn5EUk9IYtHMh0yeEQ,
2452,床の間 れとろゲームズ【ゆっくり実況】,,3300,2026-10-07,0.15,1.0,アクション（横スクロール）,残す,,https://www.youtube.com/channel/UCLjcZ1-GxkWVpHCSjllqPzQ,【レトロゲーム】FC ドラえもん　子供向けだと思っていたドラえもんが鬼畜すぎ【ゆっくり実況】
2453,ゆきリラ,,3290,2026-08-25,0.0,0.0,,要確認（長尺動画なし）,,https://www.youtube.com/channel/UCF_tO39_xXLxC8f87xcHaLA,
2454,メイちゃんとレトロゲーム,,3290,2026-08-28,0.17,1.0,アクション（横スクロール）,残す,,https://www.youtube.com/channel/UCStJHq27ouS6PaW2f2iof-A,【SFC】ドラゴンクエスト3 スペックに期待してレアキャラを格闘場で闘わせてみた
2455,オウジのお遊びチャンネル,,3280,2026-08-29,0.89,1.0,シューター,残す,,https://www.youtube.com/channel/UCVraLMi65ck_j_5-YplBagQ,神作復活！メタルギアソリッド4実況プレイ！ METAL GEAR SOLID4 Part3
2456,どり〜む,,3280,2026-09-24,0.0,0.0,,要確認（長尺動画なし）,,https://www.youtube.com/channel/UC5sQlQZlIukPeZ4KxwQG_aA,
2457,水凪沙れいなCh -Minagisa Reina-,,3270,2026-08-30,0.0,1.0,,外す（ゲーム動画なし）,,https://www.youtube.com/channel/UCBdDLsoijGomup0drdzv9LA,#実写 【棋桜】水着どうだった！！可愛い将棋ライブ！！
2458,AD-ch,,3260,2026-08-28,0.0,1.0,,外す（ゲーム動画なし）,,https://www.youtube.com/channel/UCQF_Bnwedcky_CgQkRVeFWw,コツコツ強化が入り続けてるデスティニー！赤紫ならセイバー釣れて無法者ムーブだ！！【GCG対戦+解説】【ガンダムカードゲー
2459,タナカノナカ,,3260,2026-08-28,0.14,1.0,シミュレーション,残す,,https://www.youtube.com/channel/UC7cy46JW-DPz1BNb7n5Vjjg,人間か化け物かを見分けるの難しくない？７日間店を守るホラーゲーム part.2【ゆっくり実況】
2460,わっふる,,3250,2026-08-03,0.9,1.0,シューター,残す,,https://www.youtube.com/channel/UCojY7l7-glR2ucoaX7RvhvQ,【バイオRE:4】敵の動きが倍速の鬼畜すぎる高難易度MOD「Inferno」にアシュリーが挑戦！ #総集編後編【最高難易
2461,だいちゃん,,3250,2026-09-12,0.0,0.0,,要確認（長尺動画なし）,,https://www.youtube.com/channel/UCISK9MfQzKnfsp1oYMlYB3g,
2462,雛乃ぴぴ / Hinano pipi,,3250,2026-09-23,0.72,1.0,RPG,残す,,https://www.youtube.com/channel/UCwUPuRFiJ6_S9A7dfemCrHA,【ゼルダの伝説ティアーズオブザキングダム】完全初見！ 空島探索して古びた地図と賢者の遺志集め！ #ティアキン #ゲーム実
2463,ビッケGames,,3240,2026-08-26,0.95,1.0,RPG,残す,,https://www.youtube.com/channel/UCq0mT8BHox6-6DlYDYmp73w,モーターボートへの道のりが長過ぎた…ｗ ルーレット縛り編 ９【 ARK: Survival Ascended  / AS
2464,さかい村,,3240,2026-08-27,0.05,1.0,,残す,,https://www.youtube.com/channel/UCxj_O6pBXlfnCHgV0glzxJQ,【ゆっくり実況】好調な魔王城、二つ星獲得へ懐かしのモンスター率いる試験官チームと戦う！＃4【魔王城ものがたり】
2465,ゆっくりさばく,,3240,2026-08-29,1.0,1.0,,残す,,https://www.youtube.com/channel/UCAX2lZCuT3dnIAldC7Ri4rA,【VALORANT】次のメタはこいつ以外ありえません。【ゆっくり実況】 #valorant #ヴァロラント
2466,【ゲーム実況】皇王 閻魔(こうおうえんま)Ch,,3240,2026-09-22,0.83,1.0,,残す,,https://www.youtube.com/channel/UCGgBFykHqi0IsLxrFMhdEhw,【鬼武者 Way of the Sword】最後の戦いも一閃で決める！ラスト一閃に挑む【LIVE】
2467,えりんぎ Games,,3240,2026-09-28,0.88,1.0,RPG,残す,,https://www.youtube.com/channel/UCtt9aSGpFjB9dsAKs0I2s6A,【パラノマサイト】5：明かされたもう一人の人魚の存在後から…【FILE38伊勢人魚物語】#配信 #ゲーム実況
2468,つぼちゃんねる🍅,,3220,2026-08-28,0.17,0.92,RPG,残す,,https://www.youtube.com/channel/UCRzjOhbdCOB5BK6SX6MklNw,【初見】何なんすかねこれ？｜WINGを読【アイドルマスター シャイニーカラーズ】
2469,せな【スタレの人】,,3220,2026-09-28,1.0,1.0,RPG,残す,,https://www.youtube.com/channel/UCyD5gTCCNwliXKL6MTCxgsA,【スタレ】パールで遊ぶ
2470,のぺるにくす「青のぺちゃんの配信小部屋」,,3220,2026-10-02,0.61,1.0,RPG,残す,,https://www.youtube.com/channel/UC_uXXOfDSZRCVcXX89IrMmw,【FF4】#11 倒せバブイルの巨人！初見で挑む名作RPG【ピクセルリマスター/ネタバレあり/レトロゲーム実況】
2471,さくそら【天然女子のゲーム実況ch】,,3210,2026-09-05,0.9,1.0,シューター,残す,,https://www.youtube.com/channel/UCKYm89amu1DmL5bXIuMjYQw,【バイオハザード RE:3女性実況vol.01】初見プレイ★ゾンビで絶叫！謎解きで大迷子をご覧下さい【バイオ3リメイク/
2472,あると,,3200,2026-09-25,0.0,1.0,,外す（ゲーム動画なし）,,https://www.youtube.com/channel/UC6I3ig1o2li_Kpolbpv7JYg,最近サムネ作りが楽しい
2473,ぱるぱーも,,3200,2026-09-22,1.0,1.0,シミュレーション,残す,,https://www.youtube.com/channel/UCv6Urg_zM6vwUWJDz5c-URA,【ぽこあポケモン】壊れたお家を畑たくさん農家に再建✨〜地形を活かしたブクブクうみぞこの街づくり〜
2474,kanbatch,,3180,2026-08-31,1.0,1.0,,残す,,https://www.youtube.com/channel/UCXna_c2iny4WqRVwPcyl3mA,【スタレゾ】S3レイドP1「悖逆の機骸・始」ハード攻略！月曜日朝限定配信者のタータを使わないクリア方法
2475,メタストきりぬき,,3180,2026-09-30,0.0,0.0,,外す（切り抜き）,,https://www.youtube.com/channel/UCmCuLl0JbTxOXRGVnDe9YjA,
2476,キュリオの下手でもゲームをたのしみたい,,3170,2026-08-29,1.0,1.0,RPG,残す,,https://www.youtube.com/channel/UCEG5L1WwpIZ3JoZggVwZw3A,【初見プレイ】Pokémon LEGENDS Z-A M次元ラッシュやる！#8【ポケモン30周年】
2477,里城はな,,3170,2026-09-27,0.12,1.0,シューター,残す,,https://www.youtube.com/channel/UC9bSbH7t4CxCNt_OI7pcNpg,【作業用BGM】キューブラッシュ全避けチャレンジ！ ＃1［VTuber/里城はな］#レトロゲーム #vtuber #ゲー
2478,こーしろー,,3160,2026-08-28,1.0,1.0,,残す,,https://www.youtube.com/channel/UCAqWX895q_ORnoK1lJTqA-A,【糸師凛】号外で来た！2体潰しで糸師凛攻略【モンスト】【超究極】
2479,ぽていとゲームス,,3150,2026-08-21,0.95,1.0,ノベル,残す,,https://www.youtube.com/channel/UCPNmJRyBVO5Juk4aVrQtZyg,【ARK/ASA】新シリーズ突入！灼熱の「スコーチドアース」でサバイバル開始！～ゆっくりまったりサバイヴ＃０１～【スコー
2480,あかねのゲーム実況,,3150,2026-09-07,1.0,1.0,レース,残す,,https://www.youtube.com/channel/UCCks2mgsIy1jOBNav6y0oIA,【GT7】デイリー更新したから一緒に練習しませんか？🥰【T300RS】#雑談 #livestream #gt7 #rac
2481,龍宮るり / Ryugu Ruri Ch.,,3150,2026-09-23,0.44,1.0,,残す,,https://www.youtube.com/channel/UC4eukk97gT4oZBiY-GMkxSg,【 #アズールレーン 】新米指揮官🔰セイレーン作戦が解放された！！あ、ニュージャージー引きました【#新人vtuber /
2482,にうふぁ【StellArt.】,,3140,2026-10-01,0.85,1.0,レース,残す,,https://www.youtube.com/channel/UCQp7x7j2luIdUscWmJ3nTNg,【GT7 耐久配信】チャンネル登録3000人が先か、オールゴールドが先かの戦い🔥🏆初見さん大歓迎✨【にうふぁ/Stell
2483,たかたす@ホロドリトモコレ芸人,,3140,2026-09-10,1.0,1.0,,残す,,https://www.youtube.com/channel/UC-aQwjpOiXaXEQVNdQyaJWg,みんなでホロドリの音ゲー遊びつつ石貯めましょうぞ！【hololive Dreams】
2484,はてはてゲーム,,3130,2026-08-28,0.1,1.0,シューター,残す,,https://www.youtube.com/channel/UCSF-1H_-qw5VX2P3FGoNqjQ,【ダブルドラゴン（FC）】ノーデスクリア【東北きりたん・ずんだもん実況】
2485,あかほのゲームチャンネル,,3130,2026-09-26,0.83,0.83,シミュレーション,残す,,https://www.youtube.com/channel/UCtCuTKfB2b0u0dMYQOsrFYQ,連休明けましてefootball練習やりましょう
2486,きとシロ / KitoShiro,,3110,2026-08-28,0.67,1.0,シューター,残す,,https://www.youtube.com/channel/UC2yl3hGk4Jvv7YUyn_VPQ-g,この世界過酷すぎるって！！【MOD300個のリアルすぎるマイクラ】#25
2487,ゼウガル【Zeugal】,,3100,2026-09-22,1.0,1.0,シューター,残す,,https://www.youtube.com/channel/UCyNZcKB2k0D7Qf0fm1UNQYA,【鉄拳熱烈語り部】武の境地って何がそんなにヤバいの！？【#テツガタリTV powered by いいじゃん #1】【鉄拳
2488,かみぴよ【ゲーム・企画遊び】,,3090,2026-09-17,0.75,1.0,アドベンチャー,残す,,https://www.youtube.com/channel/UCftfIZZ7fPVg6MQc9oaZkeQ,スト6を逆魚眼レンズ画面でやってみようかな
2489,AKKII ch.,,3090,2026-08-31,0.93,1.0,シューター,残す,,https://www.youtube.com/channel/UCdoHwDHZM5bYLWlKW-BVJRw,【APEX】突発エペランク！！/w 久遠龍(低音イケボ兄ちゃん)〈縦型配信〉
2490,遊び処西田屋,,3090,2026-09-05,0.0,0.0,,要確認（長尺動画なし）,,https://www.youtube.com/channel/UCwnLFvuCAAziSZqp8Gy6bLQ,
2491,こしゃじ,,3080,2026-08-27,0.6,1.0,アクション（横スクロール）,残す,,https://www.youtube.com/channel/UCPpuVbEP7ttu6BeTlLSWSTg,【万紫千紅が出る前に】ファイアーエムブレム 風花雪月をクリアを目指して初見攻略！ #9 【Switch】
2492,むんチャンネル,,3080,2026-09-19,1.0,1.0,シミュレーション,残す,,https://www.youtube.com/channel/UCnO2UkoxAzk72H_iVybk3Jg,【ぽこあポケモン】地形を活かした街づくり│RPG風な町並みを作るよ！【Pokémonpokopia】
2493,気づいたところてん,,3060,2026-09-27,0.18,0.94,RTS,残す,,https://www.youtube.com/channel/UCiT2cE1yP6U48C5Vwf4NuxA,【ゾンボイド】もはやぴた声だけでボイロ実況作れるから【スーパーフリモたん実況プレイ】
2494,しょーおぶざでっど 【声のプロによるゲーム実況】,,3050,2026-08-05,0.7,1.0,RPG,残す,,https://www.youtube.com/channel/UCOmfo5pun41sCgP6-gAix0A,完全新作！青鬼 - 臨海学校 - を声のプロが最速プレイ！
2495,かぼしみひる🌸👀,,3040,2026-08-27,0.6,1.0,,残す,,https://www.youtube.com/channel/UCNgx5N7x2BX6bKyFNbGH0kA,#12【ドラゴンクエストVII Reimagined】DQ7完全初見⚔⚓コスタールのあとから！　ネタバレあり【かぼしみひ
2496,パノラマゲームス　Panorama Games ,,3040,2026-08-28,0.93,1.0,シミュレーション,残す,,https://www.youtube.com/channel/UCB3eij-OWz53-Lrg5OCGXNA,【EA SPORT FC26】初見さん大歓迎のパブリッククラブ　#94
2497,トリス10,,3040,2026-08-26,0.3,1.0,RPG,残す,,https://www.youtube.com/channel/UC6VYqMzPyNUHzCZ2cfqXd4A,【麻雀/小牌マイティ】まだ13枚で麻雀してるの？
2498,ぶっちーのゲーム部屋,,3020,2026-08-27,0.43,1.0,,残す,,https://www.youtube.com/channel/UCVRZ8Czh15EjrqaYbVOqZIw,なんかやる漢の配信
2499,それいゆ&つな【それつな】,,3020,2026-09-22,1.0,1.0,シューター,残す,,https://www.youtube.com/channel/UC7pLgPv4-clpzVlcfL6apuw,【APEX】私たちのエペ活始まります！
2500,カステラ@アーニャ•メルフィッサ切り抜き,,3000,2026-09-30,0.0,0.0,,外す（切り抜き）,,https://www.youtube.com/channel/UCgf_6Neve5NoyOxkUJeQ9iA,
2501,肉うどん【にじさんじ切り抜き】,,3000,2026-10-06,0.0,0.0,,外す（切り抜き）,,https://www.youtube.com/channel/UCm12qaqV253CS3jvGMIwMiQ,
2502,ゆーかのお部屋,,2980,2026-08-29,0.47,1.0,,残す,,https://www.youtube.com/channel/UCJlkrlNdL6wtBXnxmw3DlZA,【#ウマ娘｜#同時視聴】㊗️5.5周年‼️アニバストーリー「Beyond Memories」を完全初見で楽しむ会にようこ
2503,海の深海ごっこ,,2970,2026-10-09,1.0,1.0,パズル,残す,,https://www.youtube.com/channel/UCJqiKzxZI3vlmpOqfZSC3tQ,縄跳びで遊んでいただけで7時間経ってた話！【Scarlet Skips】
2504,とある居候,,2960,2026-10-05,0.83,1.0,アドベンチャー,残す,,https://www.youtube.com/channel/UC_tXF9yva77xZ45IPIJ4MfQ,死ぬたびに爆破され続けるデスゲーム【ゆっくり実況】【Machine Party】
2505,出雲モニカ / MoNIcA Official,,2950,2026-09-06,0.36,1.0,ストラテジー,残す,,https://www.youtube.com/channel/UCgoFGhSaoHbQBf77dN09ZeQ,【めっちゃカメレオン】かめれおんするの🦊💕
2506,シカカ,,2940,2026-08-28,0.57,1.0,アドベンチャー,残す,,https://www.youtube.com/channel/UC1KK6HWJGIuYsX7jmhth3OA,自分が描いた絵を戦わせるゲームが面白すぎる【AIドット絵バトル】
2507,狭間時雨,,2940,2026-09-07,0.0,1.0,,外す（ゲーム動画なし）,,https://www.youtube.com/channel/UCWCyHMWxdMlF3diJnXy8aPQ,【ゆっくりジョジョSS】イベガシャDUE
2508,おいもパイちゃん / OimoPie ch.,,2920,2026-08-29,0.78,1.0,RPG,残す,,https://www.youtube.com/channel/UChh15G81EWdTyGw_hvkfLog,【#オールナイトインディ 2枠目】24時間リレーでバトンを繋げ！気になるインディーゲームを時間の限り一挙紹介🥂【#インデ
2509,ざぶとん / zabutonn,,2910,2026-08-28,1.0,1.0,,残す,,https://www.youtube.com/channel/UCfAG1JwmBi5-279YvJUxk2g,１か月のオフ練習・海外大会を経て久しぶりのがっつりランクマ【スト6/STREET FIGHTER 6】【DJ】【SF6_
2510,なか爺【NAKAJI】channel,,2910,2026-08-30,1.0,1.0,,残す,,https://www.youtube.com/channel/UCtx_Gsw_tggHBX_if9P2X0g,【パワプロ2026-2027】8/20アプデ後：パ・リーグ全選手能力をゆっくり紹介!!（比較用データ）【ソフトバンク】【
2511,Uzuki Haruka channel / 兎月はるかch,,2900,2026-09-08,0.95,1.0,パズル,残す,,https://www.youtube.com/channel/UCFv_eTdBCo0CDzaScyyrUvg,【ナイトレイン】ザコザコ兎でもDLC楽しみます♡🐇⚔【ELDEN RING NIGHTREIGN】
2512,しょん,,2890,2026-09-24,0.75,1.0,,残す,,https://www.youtube.com/channel/UC1O1uXQpG_jSyWG9CVjWcYQ,【木曜定期】 今後の活動について＆マジで久しぶり配信
2513,のぶおじ【ゲーム攻略&紹介・レビュー】,,2890,2026-10-06,0.91,1.0,アドベンチャー,残す,,https://www.youtube.com/channel/UC37FepwykAf8AKoGYrW9ELg,【エースコンバット8レビュー】興奮で涙が出た神ゲー！クリア後に襲う『最高の喪失感』と唯一の不満点※ネタバレ注意【ACE 
2514,スプラ好きのうさぎ,,2870,2026-09-19,0.0,0.0,,要確認（長尺動画なし）,,https://www.youtube.com/channel/UCuUdyRUneKfjwL-X5gowlhA,
2515,【レトロゲーム】RPGストーリーズ,,2840,2026-08-26,0.9,1.0,RPG,残す,,https://www.youtube.com/channel/UCkLCqmY5aM_F8QoGvpIqtvQ,【レトロゲーム/実況】スーファミ実機で「ロマンシング サ・ガ2（Romancing Sa・Ga2）」ストーリーをじっくり
2516,フログロ推し【ホロライブ切り抜き 】,,2840,2026-08-25,1.0,1.0,シミュレーション,外す（切り抜き）,,https://www.youtube.com/channel/UCTjcLTqHVgb-KyiuCsifpAg,ナチュナルにみこ先輩をいじってしまう千速ww【輪堂 千速/FLOW GLOW/ホロライブ】
2517,アモーレひらこ,,2840,2026-08-27,1.0,1.0,,残す,,https://www.youtube.com/channel/UCxGtgWAh47HE-dyu4_6cXVQ,【ノーダスフォール】試遊プレイなど現時点でわかってる全て｜対応機種・事前登録・PS5 Steamは出るのかな？【Nodu
2518,みっつーちゃんねる,,2830,2026-08-28,0.5,1.0,格闘,残す,,https://www.youtube.com/channel/UCzcwM6WYcUgasXOYczHHNUQ,#38【龍が如く極3】神室町で中華統一しようとするのやめれる？
2519,どきどきんちゃんねる,,2820,2026-08-30,0.0,1.0,,外す（ゲーム動画なし）,,https://www.youtube.com/channel/UCnkKDiuMkvG_ckJ8sHqR9RA,【信長の野望online】僧兵のみでどこまでいける⁉「悪夢極･朝倉宗滴極･修羅の間極」　雑談配信
2520,ゲーム実況者⭐️メルメル,,2820,2026-10-06,1.0,1.0,,残す,,https://www.youtube.com/channel/UC3S9fKSEazVRc8_XB1GifaA,【モンハンワイルズ】混乱しながら上位クエストに挑戦！【 生配信 ゲーム実況 女性実況者】
2521,NextFeed,,2810,2026-08-27,0.0,1.0,,外す（ゲーム動画なし）,,https://www.youtube.com/channel/UC5D9E2J37wvL2cZEhi57kCA,【にじさんじ】伝説の幽霊VTuber・語部紡、約7年ぶりに帰還！まさかのお盆限定復活
2522,たがさとチャンネル,,2810,2026-09-04,0.0,1.0,,外す（ゲーム動画なし）,,https://www.youtube.com/channel/UCzWGB1Tl05Oq0PManRH_JGQ,【ドリスピ実況】GRヤリスと美濃沢峠でバトル！【RTB893】  #ドリスピ #ゲーム実況 
2523,ホロライブ速報ch,,2800,2026-10-08,0.0,0.0,,要確認（長尺動画なし）,,https://www.youtube.com/channel/UClJbW4h5HXdpx2D2PHh-w3g,
2524,とぅやで,,2790,2026-08-28,0.89,1.0,,残す,,https://www.youtube.com/channel/UCFIMliZVw5lmocXadwHEhHg,ランクマいわ統一シングルゆるくやる【ポケモンチャンピオンズ】
2525,やたがらす@ホラゲ考察実況,,2790,2026-09-04,0.74,1.0,アドベンチャー,残す,,https://www.youtube.com/channel/UCIt6zu8-QqcTn-v3RUhtZLQ,クリアするまで終わらない鬼武者WAY OF THE SWORD
2526,まったり,,2780,2026-08-28,0.35,1.0,RPG,残す,,https://www.youtube.com/channel/UCFaVnEJrPd4F9Xit_AizglQ,ゴースト・オブ・ヨウテイ　武蔵リベンジ決闘
2527,falpas_sym,,2780,2026-08-30,0.0,1.0,,外す（ゲーム動画なし）,,https://www.youtube.com/channel/UCm_5CiWiBmmKUdUSk6AHeKQ,2026.08.27 ぷよぷよeスポーツ(視線計測つき) | vs. ぴぽにあ 30 きよら 20
2528,フロル・リーヴル,,2770,2026-08-26,0.69,1.0,,残す,,https://www.youtube.com/channel/UCXmehNbIl9R3MyOXJ2WqMLQ,【スーパーダンガンロンパ２】第三章の事件と捜査！完全初見で謎だらけの事件を暴け！ #11【 #新人VTuber / フロ
2529,ドズル社切り抜きファイル,,2770,2026-09-19,0.0,0.0,,外す（切り抜き）,,https://www.youtube.com/channel/UCCc9TrDaojXxB9FcyeZGY2w,
2530,ゆKY,,2770,2026-09-19,0.0,0.0,,要確認（長尺動画なし）,,https://www.youtube.com/channel/UCeveHHxYFihvqfmAjoF16ag,
2531,mikan bako,,2770,2026-09-22,1.0,1.0,シミュレーション,残す,,https://www.youtube.com/channel/UCifDTgb7xaonB8jGyqtoHPw,【ぽこあポケモン】崖に建つ噴水のあるホテルを作る〜キラキラうきしまの街｜pokopia 建築
2532,苺野みるきぃ🍓,,2760,2026-10-06,0.71,1.0,RPG,残す,,https://www.youtube.com/channel/UCxAW9HH2LbX-EbsSqIAInUg,[ FFVII ] 配信🎀完全初見 ファイナルファンタジーVII リメイク インターグレード Day 2🍓1st tim
2533,ぴっきあ pikkia,,2740,2026-08-31,0.25,1.0,シューター,残す,,https://www.youtube.com/channel/UC0fg4YbmY01HooFjb_XSPsg,#fortnite #フォートナイト #チャプター7 #シーズン4 #epic
2534,るちる,,2740,2026-09-24,1.0,1.0,RPG,残す,,https://www.youtube.com/channel/UCzk2SMiu86BQztFOjVS8mfg,【ロマシング サ・ガ3/SFC】初見プレイ #2【RomancingSaga3/ロマサガ3】【るちる/VTuber】
2535,えもんど,,2740,2026-09-08,0.0,1.0,,外す（ゲーム動画なし）,,https://www.youtube.com/channel/UCKBuRibPsaL6v9S410pbSVg,【イーフト】無課金スカッドの勝ち方【eFootball2027アプリ】
2536,blue channel,,2730,2026-08-28,1.0,1.0,,残す,,https://www.youtube.com/channel/UCY5_klteSlZ1_UbmCl5crJQ,ぼっちOLのひよっこ🐤ブライアン🦋✨【鉄拳8】[26/08/27]
2537,ぺれ,,2730,2026-09-08,0.95,1.0,シューター,残す,,https://www.youtube.com/channel/UCpRr4pQgMDqLQ5tye9vJ-xA,【横画面】【スマブラSP 】シュルクvipに入れる　初見さん大歓迎】【スマブラSP】 【雑談】#スマブラSP
2538,しょんちゃんねる,,2730,2026-09-12,0.88,1.0,格闘,残す,,https://www.youtube.com/channel/UCXN7lFTS_xbNh8jfm-nqqoQ,【速報】スプラトゥーン3 ビッグランという最新ゲームが面白すぎる件について【Splatoon3】
2539,KGS Phoenix,,2690,2026-09-22,0.4,1.0,,残す,,https://www.youtube.com/channel/UCYHihn4GCP61Tp0zktGkL6w,【スト6】レジェンド目指してランクマ【ベガ】
2540,クローバー【Clover】,,2690,2026-09-11,0.95,1.0,アドベンチャー,残す,,https://www.youtube.com/channel/UC6F8cjcgLhcNbIUrM9dzF4g,【プリコネR】9月深淵討伐戦　追加編成のおまけ！
2541,【声優Vtuber】皇みかど,,2690,2026-09-23,0.7,1.0,RPG,残す,,https://www.youtube.com/channel/UCSWR1UQElOYPr26Y00lqfwg,【シロナガス島への帰還 #4】この島から、脱出する。すべての謎の結末へ-最終章-【初見実況/Vtuber】ネタバレ注意
2542,ななおのゆっくり実況部屋,,2680,2026-08-27,0.7,1.0,シミュレーション,残す,,https://www.youtube.com/channel/UCnidLP54yk3erG3fr-aOTWg,【Corsair Cove】海賊拠点、急拡大！【ゆっくり実況】#3
2543,マスターT,,2680,2026-08-31,0.0,1.0,,外す（ゲーム動画なし）,,https://www.youtube.com/channel/UCe7Ci_MzS60nzWfX62ejPBA,【最近のタイムがいい波のってる説】ファミコン版ドラゴンクエスト4RTA　2026/8/30【縦型配信】
2544,卵大帝うずらん,,2660,2026-09-13,0.88,1.0,アドベンチャー,残す,,https://www.youtube.com/channel/UCwcEuKQzlasoy-0pkW4rKDg,【ドラゴンズドグマ2】ドラゴンを2発で倒す｜9月2日大型アプデ後の最速!?ドラゴンマラソン
2545,Kanra,,2650,2026-08-25,1.0,1.0,RPG,残す,,https://www.youtube.com/channel/UCzZZHdrF5WyB8jQ87Y-HOMw,【FINAL FANTASY XVI 】FF16のクオリティにビビりまくりながら大白熱実況プレイ #5 【初見】
2546,るた,,2650,2026-10-05,0.56,0.62,アドベンチャー,残す,,https://www.youtube.com/channel/UC5rR4z6N3xqLTIcdTLQ0wgg,【ドーナツの穴】こたえのない問いにこたえるゲームらしい
2547,SilverCat(シルバーキャット),,2640,2026-08-28,1.0,0.8,RPG,残す,,https://www.youtube.com/channel/UCqo-pSLlbboZVXEU422reig,【FC26】W杯の熱狂をもう一度！日本代表優勝させるぞ！！！【サッカー】
2548,ノッブのゲーム実況ガレージ,,2640,2026-08-28,0.23,1.0,レース,残す,,https://www.youtube.com/channel/UCmE_R6dff59Rh-kwn11lnSg,【GT7ゆっくり実況】Ver1.71の新挙動についての感想＆ざっくり解説。　グランツーリスモ7
2549,コーンマヨ ,,2640,2026-09-28,0.0,0.0,,要確認（長尺動画なし）,,https://www.youtube.com/channel/UCBffK7qkgD1yOdvCc5883Aw,
2550,とりしお。Torishio ch.,,2630,2026-09-27,0.69,1.0,シミュレーション,残す,,https://www.youtube.com/channel/UCGDHqyXrPMS1IAqdX4lcQiA,【話題のインディーゲーム】酔っ払いの猛攻をひたすら耐える『タンポポは耐える。』
2551,まこりんとゲーム,,2620,2026-08-27,0.9,1.0,アドベンチャー,残す,,https://www.youtube.com/channel/UCnurJwxnA5opPHveNYKNLVQ,【Dinkum】マルチでわちゃわちゃスーパーホット / 最後は気球で花火鑑賞　#ディンカム  #dinkum
2552,れのん,,2620,2026-09-22,0.0,0.0,,要確認（長尺動画なし）,,https://www.youtube.com/channel/UCcUeYTGGZICMuTgxQYM7kOQ,
2553,依yori【人生立て直し系VTuber】,,2620,2026-10-03,0.12,1.0,アドベンチャー,残す,,https://www.youtube.com/channel/UCazSWPGU-2ADhRGM0o7UoQA,【定期配信】最近のことや収益化のこと、お話しましょ！！【新人VTuber】
2554,Ted Shafers,,2600,2026-08-19,0.42,0.0,アクション（横スクロール）,外す（日本語の配信ではない）,,https://www.youtube.com/channel/UCzFSSghxE23L5Zbe97eCooA,Sniff ♫
2555,ホロけだまッ,,2600,2026-08-21,0.0,0.0,,要確認（長尺動画なし）,,https://www.youtube.com/channel/UCAg4JzpprnVOViBhj_xSdTA,
2556,ELeveN-イレヴン,,2600,2026-08-29,0.73,1.0,アドベンチャー,残す,,https://www.youtube.com/channel/UCDYqJ0MbNxEgX6xCjiVAPgw,#3【怖がれば怖がるほどに婆のえじきに】※絶叫注意。3日間住むだけで150万円貰える訳あり物件が怖すぎる。【作業用、AS
2557,おゆかな,,2600,2026-09-24,0.6,1.0,タクティカル,残す,,https://www.youtube.com/channel/UC0cQz-933zgKMQLWOM9Mb5w,木曜の船サーモンラン！【まったりサーモンラン】
2558,緋繧めいや / Hiun Meiya 【Vtuber】,,2600,2026-09-27,0.9,1.0,レース,残す,,https://www.youtube.com/channel/UCE1x9QhSGuUJ91MaPx7al8w,【🟡スプラトゥーン３ 参加型】短射程ブキ縛り！ プライベートマッチ 参加型 【緋繧めいや / Vtuber（個人勢）】
2559,KNT50000 &21,,2590,2026-08-27,0.0,1.0,,外す（ゲーム動画なし）,,https://www.youtube.com/channel/UCuAYL4xYtifr6Wmq-QSGC1w,【ゆっくり実況】　485系+αの車両がたくさん！駅舎側以外のホームは屋根なし？ ★ A列車で行こう9 ジオラマ作成 Pa
2560,クロマト,,2590,2026-09-20,0.83,1.0,,残す,,https://www.youtube.com/channel/UCVSCVWJ4uwz7sYzS3M0aCgg,住民の家に泊まれるイベントで最推しであるトバリと一緒に寝ることになり、心臓が破裂しそうになる人『ほの暮しの庭』#36
2561,セライズム,,2570,2026-08-18,0.0,1.0,,外す（ゲーム動画なし）,,https://www.youtube.com/channel/UCn41Njx6drQdB-1u7rwWizg,【愛パイ杯】初めての大会で、優勝した。
2562,ミルクコーヒーと盆栽,,2570,2026-09-27,0.15,1.0,RPG,残す,,https://www.youtube.com/channel/UCmyRYRYIfbPQo6A6DkQabAw,【ファミスタ'89】全球団撃破して優勝を目指す！⚾
2563,秋月リア / Ria Akiduki【イラストレーターVTuber】,,2560,2026-09-29,0.73,1.0,シミュレーション,残す,,https://www.youtube.com/channel/UCWg4NaKft9FO7sIByWVhhXQ,【Japanese Ramen Simulator】先行プレイ！話題のラーメン屋経営シミュレーションゲームを完全初見実況
2564,ぶれんでぃー,,2550,2026-10-05,0.44,1.0,アドベンチャー,残す,,https://www.youtube.com/channel/UCrPIT7XtJLpWgLHDqmFTPrg,寒くなって体調崩れてしもた[DBD]
2565,うくちゃんねる,,2540,2026-08-29,0.27,1.0,ストラテジー,残す,,https://www.youtube.com/channel/UCfgMDXTN-zCroOzhb8Ky28A,【DBD】へっぽこプレイ集 #dbd #dbdcreator
2566,ヴェルン=ヴレイヴ,,2520,2026-08-28,0.26,0.95,シューター,残す,,https://www.youtube.com/channel/UCXQpxazdODyi0PmPG26alWA,【太鼓の達人】ひまわり？とACコラボ配信 手元あり【タイタツ】
2567,Tomo,,2520,2026-09-23,0.18,1.0,ストラテジー,残す,,https://www.youtube.com/channel/UC3pAWrHOkClerPmFGsoPNpg,サブ垢で零レジェ攻略
2568,ドパじんちゅーぶ,,2510,2026-09-22,0.88,1.0,シューター,残す,,https://www.youtube.com/channel/UCSd0H0bAzcOkWjmiVTKVvJw,オーバーウォッチ
2569,ゆんぼうch ,,2510,2026-09-29,0.25,1.0,RPG,残す,,https://www.youtube.com/channel/UCdC1Ylha8ADTG_Y1Qi3na9Q,【風来のシレン6】いざ！ヤマカガシ峠リベンジ！【初見プレイ／女性実況】
2570,愉楽ショウ / Yuraku_Syo,,2500,2026-08-27,0.0,1.0,,外す（ゲーム動画なし）,,https://www.youtube.com/channel/UCMuLFG4rOwPSShglT_w5hBQ,1000人くらいにおはようって言いたい【縦型配信朝活】 #vtuber #ダウナー
2571,みきてぃ,,2500,2026-10-09,0.0,0.0,,要確認（長尺動画なし）,,https://www.youtube.com/channel/UCfexYtMMl31sNq65_ruCPdA,
2572,声優・嵩馬美歩のうまちゃんねる,,2500,2026-09-05,0.79,1.0,シューター,残す,,https://www.youtube.com/channel/UCC7gdF7ZEa920KMe6RRo7JA,【鬼武者WS】#1 鬼武者シリーズ初プレイ！声優の「鬼武者 Way of the Sword」初見実況【女性実況/PS5
2573,Saizo Ch.勘弁才蔵,,2500,2026-09-16,0.55,1.0,ストラテジー,残す,,https://www.youtube.com/channel/UCXF9R3akTfgbG5HZGBp90Bw,【スプラ】忙しい人のためのスプラトゥーン3  #勘弁才蔵 #スプラ  #スプラトゥーン3
2574,毎日ゲーム三昧,,2490,2026-08-28,0.72,1.0,シューター,残す,,https://www.youtube.com/channel/UCe4m_AFBlYv2d2m0e8w5xZg,【フォートナイト参加型】誰でも歓迎！リロードorバトロワ！7人以上でカスタムマッチできるよ
2575,かみねこ,,2490,2026-08-28,0.0,1.0,,外す（ゲーム動画なし）,,https://www.youtube.com/channel/UCpDp_RavxRTbjdEdklSuTfw,#63【SFC版ドラクエ6】あとは4匹目「タナーカ」のみ！はぐれメタルを4匹目まで仲間にする！
2576,クロスゼロ　二刀流Vtuber,,2480,2026-09-22,1.0,1.0,,残す,,https://www.youtube.com/channel/UC0HVLKQ6TPSQaWdSulcwwMA,【VBC2026】はじめての夏甲、清夏にマジで傷つけやがったなオラァ(2nd夏甲子園から)　【パワプロ2026】 #パワ
2577,CeLtyGAMES,,2480,2026-09-04,1.0,1.0,,残す,,https://www.youtube.com/channel/UCycW1Nv5CRcNW1vaUTi-pbQ,【栄冠ナイン パワプロ2026】入学式#70
2578,ホロ叫で笑う【ホロライブ切り抜き】,,2480,2026-10-04,0.0,0.0,,外す（切り抜き）,,https://www.youtube.com/channel/UCdkBE0xDVwo4HFGI5j3thxg,
2579,神軍師なさのFE制覇チャンネル,,2460,2026-09-09,1.0,1.0,RPG,残す,,https://www.youtube.com/channel/UCfM8EAUF3NRZ7OZm12W1RzQ,【FE風花雪月】あみだ選出縛りでプレイ！#58【ファイアーエムブレム実況】
2580,しゅんたー,,2450,2026-08-25,1.0,1.0,アクション（横スクロール）,残す,,https://www.youtube.com/channel/UCTqCx3WwkSG738FNx5I04sA,【初配信 / 参加型】誰でも大歓迎！ロブロックスの『ライバル』で遊ぶぞおお！！＃ROBLOX＃ロブロックス＃ライバル＃ラ
2581,バーチャル小説家 狼狽 騒,,2440,2026-08-30,0.0,1.0,,外す（ゲーム動画なし）,,https://www.youtube.com/channel/UCpZzcnNKYUo-GGrP4cTbbtA,【 #ロロナのアトリエ 】初めてアトリエシリーズをやってみる！　初見プレイ #04  (ネタバレあり)【Vtuber /
2582,あずぅきぃ,,2440,2026-10-07,1.0,1.0,RPG,残す,,https://www.youtube.com/channel/UC36yOtRC41xeTyIQQtaA6fA,【参加型】　みんなで第五人格！練習するぞ～！【第五人格】【IdentityV】
2583,あるて・あすて,,2430,2026-09-02,0.95,0.95,,残す,,https://www.youtube.com/channel/UC8AzTk958WLvtE6-rL2NxOQ,【スト6 】Cヤスミンで炊き上がったら一旦休憩する配信【バ美肉 vtuber 】
2584,さくっと切り抜き,,2430,2026-09-03,0.0,0.0,,外す（切り抜き）,,https://www.youtube.com/channel/UCpT3Sllqe20dDH2PE9ofmqw,
2585,シュガーアウト / SugarOut,,2420,2026-08-29,1.0,1.0,アクション（横スクロール）,残す,,https://www.youtube.com/channel/UCCYKEWb0R30S2J4-ZlMgQEA,なぜ勝てないのか？視聴者に。【スマブラSP / 大乱闘スマッシュブラザーズ SPECIAL】
2586,Gommickey,,2410,2026-08-30,0.31,0.92,ストラテジー,残す,,https://www.youtube.com/channel/UCYJxwuuo9NdR4AOAvLvXC8Q,ぶっ倒せぶっ壊すな
2587,vii / ビー,,2410,2026-09-03,0.69,1.0,シミュレーション,残す,,https://www.youtube.com/channel/UCTV_MBMkHD4buUVIcpK6uOA,【#Apex】美人お姉さんと飲酒雑談エペ w/むーちょ 歌唄リズ
2588,Vance🩸,,2410,2026-09-20,0.74,1.0,ストラテジー,残す,,https://www.youtube.com/channel/UCMGXjCe6w_hCsCAlq8JkeKA,【 #ゼンカイ杯 】『全卓解説』杯！！ #麻雀 #じゃんたま
2589,おなたんちゃんねる,,2400,2026-08-13,0.67,1.0,RPG,残す,,https://www.youtube.com/channel/UCCuiN5mSTNbJw4Xbf34Nheg,【神ゲー】クリア不可能レベルのデバフ地獄！ダイスアミリオンの「ダイスラッシュ」がガチでヤバすぎる件【各ボス解説】
2590,りさ / RISA3,,2400,2026-09-28,0.15,1.0,音ゲー,残す,,https://www.youtube.com/channel/UCQjPfOgNM8DyXmgG0yRvSWQ,[富豪プレー]ブラスター譜面を解禁しまくる配信 [SDVX 配信] #61
2591,リヰン,,2400,2026-10-05,0.5,1.0,パズル,残す,,https://www.youtube.com/channel/UCE9pX9G_N0g3nWgk41baSoA,【デスゲームの報告書】デスゲームの参考までに　【リヰン】
2592,ゆとり組・加藤のチャンネル,亀戸組,2400,2026-08-22,0.55,1.0,RPG,残す,,https://www.youtube.com/channel/UCXPHRkMSLDWu6TVmzECYblA,【FF14】メインクエスト2.2を進める
2593,にゃんこうるさく攻略系,,2390,2026-09-13,0.0,0.0,,要確認（長尺動画なし）,,https://www.youtube.com/channel/UC5_geDwlzP_jOoiJozY-APQ,
2594,アリちゃん,,2390,2026-08-30,0.89,1.0,シューター,残す,,https://www.youtube.com/channel/UC7h8Q7sFkMdUeUuUtDHCyrQ,【2枠目13時間目～】初見さん大歓迎❣スプラ3オープンマッチクマフェス視聴者参加型【もうすぐVtuber】
2595,ココ,,2390,2026-10-05,0.88,1.0,パズル,残す,,https://www.youtube.com/channel/UChwM9Xa4Cl4NHMYCONpj6Ng,【#サイレントヒル：タウンフォール】この恐怖耐えられる…？　ガチビビり女のホラゲー実況　完全初見プレイ🎉　#6　ネタバレ
2596,まそしんチャンネル,,2380,2026-09-23,0.92,1.0,ストラテジー,残す,,https://www.youtube.com/channel/UC8Md93fXBMsg3oxqHvvUL4w,#251【０レジェ ウルルブ島滞在記・編成をガチャで決めるにゃ！】 #にゃんこ大戦争  ＃レジェンドストーリー０　まそし
2597,アイト　ゲーム実況,,2380,2026-08-31,0.0,0.0,,要確認（長尺動画なし）,,https://www.youtube.com/channel/UCMF9ODNJPVyuwOVpzI-Rdiw,
2598,100日坊主,,2380,2026-09-22,0.06,1.0,RPG,残す,,https://www.youtube.com/channel/UCh6D5sTiZwCVYL1uaagQjVg,【スマグロ】ブラックコンドル神引き
2599,今さらちゃん ねる,,2380,2026-10-05,0.5,1.0,アドベンチャー,残す,,https://www.youtube.com/channel/UC1UAYydPszpYVJabWriQl1A,【ゲーム実況】神ゲーを探せ！さららのインディーゲーム探査記録【今永さらら/にぶヲタ】
2600,コーうのモンスト実況,,2370,2026-09-01,1.0,1.0,,残す,,https://www.youtube.com/channel/UCq6exmL5fVxmFT1_rp2_u3g,絆貯め【モンスト】
2601,カズプロch,,2360,2026-08-28,0.39,0.78,シューター,残す,,https://www.youtube.com/channel/UC3Ra_QXeYoeXwfYycSE0nUg,8/27ヤニネコ見ました。見ると観るはどっち使ってもいいって知ってましたか？僕は知りませんでした【EFT PVP】
2602,ライム放送局,,2360,2026-08-29,0.55,1.0,シューター,残す,,https://www.youtube.com/channel/UC67-ArMTd89WJF06gHGdgpg,プリティーチャッピーが勝ちまくってたら少女が来て新しい家庭と生命が生まれる激忙し‪Day『ぼくのなつやすみ2海の冒険篇』
2603,tako,,2360,2026-09-04,1.0,1.0,,残す,,https://www.youtube.com/channel/UC-fOKh6OAve3sU-uyJ5eamg,【ベルノマ超え】経験値216倍でランク上げ！『ガマゾウ(超絶)』4手ワンパン高速周回編成！【ラブライブ！コラボ】【モンス
2604,SzZn6689,,2340,2026-09-27,0.0,1.0,,外す（ゲーム動画なし）,,https://www.youtube.com/channel/UC-QEkYgRv6sIZY8o1Da590Q,曉曉組織戦力ランキング第八位赤砂のサソリ
2605,こうちゃん,,2320,2026-09-17,0.33,1.0,,残す,,https://www.youtube.com/channel/UCEswMLBzxiLsrbClkqnK1Ag,【作業用】太鼓の達人 段位道場 歴代十段～達人 3曲目メドレー
2606,浮遊霊タケタケ,,2320,2026-09-17,1.0,1.0,シミュレーション,残す,,https://www.youtube.com/channel/UC8FH_sgEMwe1cIDoOfJT7cg,過酷な世界で冬を乗り越える準備をする【Going Medieval】part2
2607,やまお,,2320,2026-10-06,1.0,1.0,シミュレーション,残す,,https://www.youtube.com/channel/UCs0a-Xsc8Kj51XL4YqJjQEQ,登録者×1秒マイクラ総集編！part1~10#ゆっくり実況#マイクラ
2608,放課後トレカ部,,2310,2026-09-18,0.06,1.0,RPG,残す,,https://www.youtube.com/channel/UC2UmA8baVCe888uhhDSLuFw,【ガンダムカードゲーム】GCG最弱王決定戦 決勝！「ティターンズ」vs 「ファントムペイン」最弱の頂点に立つのはどっちだ
2609,うるぱんチャンネル【ぶいすぽ切り抜き】,,2310,2026-09-03,0.0,0.0,,外す（切り抜き）,,https://www.youtube.com/channel/UCdA1VXjrj7EYPGXVQ3oHYTg,
2610,レトロゲーム推進委員会【ゲーム初心者向けゆっくり・ボイスロイド実況】,,2310,2026-09-05,0.0,1.0,,外す（ゲーム動画なし）,,https://www.youtube.com/channel/UCQTyMZ2IVV_3Ofosa6g0Aeg,【ゆっくり実況】アトランチスの謎(FC)【レトロゲーム推進委員会#53】
2611,燻銀チャイルド,,2310,2026-09-23,0.0,0.0,,要確認（長尺動画なし）,,https://www.youtube.com/channel/UCQxU5j-Amyw0pa7tf_EFAfA,
2612,ケビタクch,,2310,2026-09-27,1.0,1.0,格闘,残す,,https://www.youtube.com/channel/UCTFfxpwdBkKFNufJkOmhjTA,【初見さん大歓迎！】ケビタクはあなたを一人でそっちに行かせない！僕のヒーローアカデミアULTRA RUMBLE【配信】
2613,十種みつか / TokusaMitsuka ch.,,2300,2026-08-29,0.15,1.0,アドベンチャー,残す,,https://www.youtube.com/channel/UCQBSVFN2l-gpUTmVdbny0iA,【#なつもん！ #完全初見】🌻🌻🌻#夏休み30日目🌻🌻🌻【#十種みつか #なつみつ！ #夏限定物語】
2614,ふなぁのら,,2300,2026-08-26,0.0,1.0,,外す（ゲーム動画なし）,,https://www.youtube.com/channel/UCV2-j3vK7q3DS4-illtfCKw,【神企画?】賛否分かれるとんでもない大会を爆誕させるころさん【ホロライブ/白上フブキ/猫又おかゆ/戌神ころね/大神ミオ】
2615,リット[おまる座広報部切り抜き課員],,2290,2026-09-05,0.0,0.0,,外す（切り抜き）,,https://www.youtube.com/channel/UCGOF2ZHNNn-u4urjjLm1ONA,
2616,ゆっくりゲーム事業部,,2290,2026-10-02,0.0,1.0,,外す（ゲーム動画なし）,,https://www.youtube.com/channel/UCLv9M6A16ZF6dx196xPP2-Q,ゆっくりゲーム事業部からの重要なお知らせ:その3
2617,竜夫_TATSUO,,2270,2026-08-23,0.05,1.0,ノベル,残す,,https://www.youtube.com/channel/UCgksltt-g5g3W0mwPBItTeA,キノコを生成する奇妙な肉食恐竜 Eocarchariaをテイムせよ！【ARK：ASA】 シーズン7 ラグナロク編 #5
2618,JA兄弟,,2270,2026-08-29,1.0,1.0,レース,残す,,https://www.youtube.com/channel/UC976qs0Yj1CvWlkd8HwU6fw,【OFFLINE DRIVE】スマホもナビも無しで目的地へ- 【VLOG】#1
2619,エッスンのゲームチャンネル,,2270,2026-08-27,0.3,1.0,,残す,,https://www.youtube.com/channel/UCIrypjDH7JBjL8FJ980OLQA,【ナルティメットストーム2/♯5】NARUTOの魅力を知ってもらいたい【NARUTO X BORUTO ナルティメットス
2620,ショップ娯楽屋 動画店,,2270,2026-09-28,0.35,1.0,パズル,残す,,https://www.youtube.com/channel/UCMG8ipjq8nACR8XArf801Kw,【コナンTCG】ショップ娯楽屋　チャレンジ戦決勝【コナンカード / CONAN】
2621,えんてぃてぃ,,2260,2026-10-09,1.0,1.0,ストラテジー,残す,,https://www.youtube.com/channel/UCx5cxB99L5eBAomqhaW6x2g,【DbD】10.2.0 サバイバーパーク全30個の変更を13分で解説【リワーク9個】
2622,ペイン【ゲーム史】,,2260,2026-09-24,0.85,1.0,アドベンチャー,残す,,https://www.youtube.com/channel/UCsgxA2u8n_uRxbboxjsWCng,スプラトゥーンの歴史  【Splatoon】【ゲーム解説】【任天堂】【ゲームの歴史】
2623,レンジ,,2250,2026-08-28,0.78,1.0,シミュレーション,残す,,https://www.youtube.com/channel/UCqywltEe0ZquasFsABcUCSg,【スプラトゥーン3】大会があるので練習あるのみなのです【レンジ/新人Vtuber】
2624,とねりこ　ゆいし,,2250,2026-08-28,1.0,1.0,,残す,,https://www.youtube.com/channel/UCSl3qZILs7PgAYcxsRNa-iA,【スト6】Vtuber界で一番“記憶に残る”テリーになりたいんだ！【ゆいしー流】
2625,黒々ノイヌ-Noinu,,2250,2026-09-09,0.5,1.0,,残す,,https://www.youtube.com/channel/UCG73AuXeXeyfTpNfaNltH3Q,【ホラー #2】ほの暮しの庭【Vtuber #黒々ノイヌ 】
2626,ヴァイオレットちゃんず 切り抜きch,,2250,2026-09-29,1.0,1.0,,外す（切り抜き）,,https://www.youtube.com/channel/UCggapTiIKTx-uMZVgMKmWeA,【#天下無双ARK】ARKで再会を果たすととれんま【火狩夜れんま/ととみっくす/ゆにれいど！】
2627,トマトマト,,2240,2026-08-26,0.5,1.0,RPG,残す,,https://www.youtube.com/channel/UCoJDjZQ6nKuY95SyG3fgqZw,幻のRPG【FF】FINALFANTASYⅪ初見プレイ実況Part６【フリーゲーム】ファイナルファンタジー１１【FF11
2628,Maids23@10分前後のボイロゲーム実況,,2240,2026-08-24,0.41,1.0,ストラテジー,残す,,https://www.youtube.com/channel/UCUXnzh8HLzWoNbZyml4RKIw,驚異のローグライク掛け算で闇シンデレラを粉砕【Cinderia】【VOICEROIDゲーム実況・攻略】
2629,ICHIYOH-津軽弁ゲーム実況者-,,2240,2026-09-12,0.45,0.95,,残す,,https://www.youtube.com/channel/UCXOSc8fSlkus5XNaP57ySJw,【津軽弁実況】#27 初めての神宮大会だけど天才がいるから大丈夫さ… パワプロ2024-2025栄冠ナイン【PS4】
2630,オ蘭タウン,,2220,2026-08-20,0.12,1.0,RPG,残す,,https://www.youtube.com/channel/UCsqoVXPV996sRHWV8uoeL2A,【リマスター版発売記念！】初対面が忙しい蘭たん｜テニプリドキサバ
2631,Pumo Channel,,2220,2026-08-28,0.11,1.0,ポイントクリック,残す,,https://www.youtube.com/channel/UCY58CCwt333bIHUzH4jfGaA,伝説のスタフィーを実況プレイしまっす 03
2632,いっかくん,,2220,2026-09-27,0.0,0.0,,要確認（長尺動画なし）,,https://www.youtube.com/channel/UC2Pa-uVVcCixCeT0wwE3xIQ,
2633,negitoroex,,2210,2026-09-22,0.83,0.33,シミュレーション,外す（日本語の配信ではない）,,https://www.youtube.com/channel/UCzcHKyaO_PMRRlPJWn61nMg,【マイクラ】新しく入った参加勢が、裏で『無限増殖』してた件について。【ジオクラ#2】
2634,ディーン,,2210,2026-08-30,0.58,0.92,アドベンチャー,残す,,https://www.youtube.com/channel/UCtp5rvQkybA0VzIUN6ZOT_g,我々はジャーナリスト！命懸けの撮影をはじめる！！【The Headliners】
2635,リベル,,2200,2026-08-29,1.0,1.0,,残す,,https://www.youtube.com/channel/UCoipeLMHQD9b3wcYYAbiqdg,【つぐのひ】ネットの噂で日常が崩壊した件について【天招ねく救いの糸】
2636,ジョルノ,,2200,2026-09-04,0.86,1.0,,残す,,https://www.youtube.com/channel/UCo75cpLydLKwuy_7yvbuc6w,【雑談】喉ガラガラハゲの完成
2637,ranfukusuke@今夜もバーチャ2,,2190,2026-09-19,0.0,1.0,,外す（ゲーム動画なし）,,https://www.youtube.com/channel/UC2z8BzWqO0CDhg8zXsa6mjA,昔ゲーセンでVF2をやっていた人に見てほしい。約30年後のバーチャファイター2の今｜PS3オンライン対戦＠今夜もバーチャ
2638,いも畑ちゃんねる,,2190,2026-08-28,0.2,1.0,,残す,,https://www.youtube.com/channel/UCBseJCqCKwpSuuEDRuRG7Uw,【実況】ファイアーエムブレム エンゲージを初見クラシックで遊ぶいも【#30】
2639,いつぐ,,2180,2026-09-19,0.0,1.0,,外す（ゲーム動画なし）,,https://www.youtube.com/channel/UCi3IcjOXiMhWbAPJhh9dIKQ,【MHW:I】ゾラ・マグダラオスの武器を振り返る【ゆっくり解説】
2640,豆腐メンタル,,2180,2026-09-22,0.0,1.0,,外す（ゲーム動画なし）,,https://www.youtube.com/channel/UCR4G81CynUIxCDnwRzhxwFg,【ロックマン７#7】体力を一瞬で削ってくるバネのボスが厄介
2641,DBYゲーム実況TV,,2170,2026-08-22,0.15,1.0,アクション（横スクロール）,残す,,https://www.youtube.com/channel/UCF2JKnkwwaK5mox1_LRIGWg,【ゆっくり実況】【星のカービィ】その世界観は罠だ！霊夢悶絶の真相【ファミコン】Kirby’s Dream Land｜A 
2642,Kuroneko Stables,,2170,2026-09-19,0.53,0.93,アドベンチャー,残す,,https://www.youtube.com/channel/UC0u6nFXjRl1JoXfs7a_lcig,【Marvel's Spider Man Remastered】 無実況 #4 仮面
2643,丑刻ころすけ【ホラー専門だけど超ビビり】,,2170,2026-09-29,0.4,1.0,アドベンチャー,残す,,https://www.youtube.com/channel/UCqSCzPNxqilxnK0WP3YnmJA,【『スクジサマ』を巡る考察】ARG要素もありそうな新作ADV｜死亡したオカルトライターが遺した謎の作品を読み解いてゆく 
2644,葛山わさび ch【将棋V名人】,,2160,2026-08-27,0.0,0.92,,外す（ゲーム動画なし）,,https://www.youtube.com/channel/UCsraN1oBVlmD9lUnTzIu3nA,【作業雑談】やる配信20260828 やりプルギスの夜
2645,ochiyo.ch千代ちせ,,2160,2026-09-22,0.0,1.0,,外す（ゲーム動画なし）,,https://www.youtube.com/channel/UCEHVIx_utG__qJI9VtxiPCg,【初見歓迎】助けて！初見様が来てくれないと消える【HELP！】
2646,suratan channel / “スラたん suratan” スラたん【virtual slime】,,2150,2026-08-29,0.11,1.0,RPG,残す,,https://www.youtube.com/channel/UC-hFTRWDaSj0mS6CpvyeaTQ,2026.8.29(Sat)みんなにごあいさつ！スラたん朝配信ですら！#朝配信 #VTuber
2647,ぬーがん,,2140,2026-08-16,0.0,1.0,,外す（ゲーム動画なし）,,https://www.youtube.com/channel/UC-vvGIjRE78Vgs2NWtdjs7g,フォーセイクンセンチネル最強キャラ決定戦#フォーセイクン#実況動画
2648,井中ヲタ,,2140,2026-09-02,0.8,1.0,RPG,残す,,https://www.youtube.com/channel/UCo-6Wdon5WBqlp7HOBF0uqw,【ポケモンZA】XYの知識0から始まる！！ZA生活！？#26【井中ヲタ/個人勢vtuber】
2649,ImRicGames,,2130,2026-08-20,0.0,0.0,,外す（ゲーム動画なし）,,https://www.youtube.com/channel/UCjxPDVdlCN6UU3ro5Y2phTg,The slot machine of video games #gaming #pcgaming #videogame
2650,ホロ推しの小人【ホロライブ切り抜き】,,2130,2026-08-27,0.0,0.0,,外す（切り抜き）,,https://www.youtube.com/channel/UCdOTDPjnKHaQVnP0Osm_Gmw,
2651,noynoy,,2130,2026-08-10,0.68,1.0,シミュレーション,残す,,https://www.youtube.com/channel/UC4R7bhY7zb1x3ozo71e3eYQ,【Bills Must Be Paid】豚の貯金箱割って多額の借金返済【ボイスロイド実況】
2652,ゼオ=シェリオン -Zeo=Sherion-,,2120,2026-09-06,0.8,1.0,アドベンチャー,残す,,https://www.youtube.com/channel/UCYpfOR1gxbPNuQX7Fk6Oqxw,#参加型 【#エルデンリング | Day01】共闘し、完全初見で最終ボスまで攻略を目指す！ フロム・ソウルライク #EL
2653,こぐまのゲーム部屋,,2110,2026-08-28,1.0,1.0,,残す,,https://www.youtube.com/channel/UC0XbLC33SmfxZ7NDeMrfZow,村人ハウス建築開始！【マインクラフト　マイクラ　Minecraft】【女性実況】
2654,ちょこらて@ソウルライク愛好家,,2100,2026-09-16,0.67,1.0,RPG,残す,,https://www.youtube.com/channel/UCQ28E6iHe69Mg85hcj5tYnA,【ウォーロン2】突然配信されたα体験版を遊ぼう 【Wo Long 2: Wings of Ember】
2655,たもつ,,2090,2026-09-22,1.0,1.0,,残す,,https://www.youtube.com/channel/UCL4JtFzrGJ-NdAGWAju1HKA,Tiktokでオ◯ニー配信してるvalo女子がいるらしい！？！？【VALORANT/ヴァロラント】
2656,月乃目みぃな★GAME,,2080,2026-08-27,0.47,1.0,ストラテジー,残す,,https://www.youtube.com/channel/UCgWzjDmQKB0JEkXQngb-exA,#04【天地創造/Terranigma】神(様)ゲー★創世・再生・旅立ち♪【愛情過多プレイ】
2657,よしゆか𓂃女性顔出しゲーム実況 🕊️,,2080,2026-09-19,0.0,1.0,,外す（ゲーム動画なし）,,https://www.youtube.com/channel/UCqNn15jKmXK3YG7wIRUtEAQ,【完全初見】ついに主人公の正体を知る｜ペルソナ3R #39
2658,あるけみch,,2070,2026-08-27,1.0,1.0,RPG,残す,,https://www.youtube.com/channel/UCHDcHu5yFmmevSMOphZmLoA,【アリスター】TANKユーザー必見すべてができる闘牛の王【LoL】
2659,keke猫,,2070,2026-08-25,1.0,1.0,,残す,,https://www.youtube.com/channel/UCn73uj1llFcV6y0X1Au-tkQ,【スト6】Cリュウでランクマ配信【SF6】#streetfighter6 #sf6 #スト6 #ストリートファイター6 
2660,Siena Ch.シエナ,,2070,2026-09-21,0.05,1.0,RPG,残す,,https://www.youtube.com/channel/UCcsP8eeK6WMge93fE5cxnzw,【歌枠】1500人記念配信✨優しくしてね💕【個人勢Vtuber /シエナ】
2661,wanja,,2070,2026-09-23,0.0,1.0,,外す（ゲーム動画なし）,,https://www.youtube.com/channel/UCJXlmrwECTIPopQDgokn8kA,予想外のミスで台無しになった最高のチャンスｗ
2662,くれは,,2070,2026-09-13,0.53,1.0,シューター,残す,,https://www.youtube.com/channel/UCTQEn6oxqbR5YElgiep3HLg,初日達人！？段位道場2026最速級攻略が今年も始まる！！！！【太鼓の達人 ニジイロver.】
2663,ドンすけ,,2060,2026-09-30,1.0,1.0,シューター,残す,,https://www.youtube.com/channel/UCUcTILE2Nk2pR0E24WaDapw,【APEX】すみませんゴールド1の枠って空いてたりしませんかね......？【初心者】
2664,LiLy💠りりねこゲーム中,,2060,2026-09-26,0.74,1.0,RPG,残す,,https://www.youtube.com/channel/UCRQq-fvf6QJ0XWHi0x9XT8g,完全初見！【FF14】06夜な夜なコラボに向けて頑張る！／#りりFF14配信 ファイナルファンタジー14 ヒカセン 初見
2665,yuu ch,,2060,2026-09-10,1.0,1.0,シューター,残す,,https://www.youtube.com/channel/UC-FRWsnAHB2QnCcJY3HPXoA,【APEX】ソロ野良ランク 寝る前にやったるで　ツイッチ同時配信中【yuuch/#yuuライブ】ApexLegands
2666,メニブルの配信 / manybloom,,2050,2026-08-24,1.0,1.0,,残す,,https://www.youtube.com/channel/UCHNR0x5z77hzgB6UR1ZhD8g,配布ワールド「十の試練」試練1~9 攻略【マイクラ統合版】
2667,カイ・クロス / kai_cross,,2050,2026-08-29,1.0,1.0,,残す,,https://www.youtube.com/channel/UClK9GtWefOpNh6T3wdYUrcA,【グラブルリリンク エンドレスラグナロク】参加型！召喚石厳選するためにひたすらインフィニティ周回！【Vtuber/カイ・
2668,リヴァ狂 / Levi's crazy,,2040,2026-08-27,0.0,0.0,,要確認（長尺動画なし）,,https://www.youtube.com/channel/UCPZV5ReU6cVQE8WXe6D2aHg,
2669,Azuma-Ryu,,2040,2026-08-28,1.0,1.0,シミュレーション,残す,,https://www.youtube.com/channel/UCnn6Pv7omwN6dlPUYd8UwXA,【神器はそろった】不穏な村でスローライフ【ほの暮しの庭】
2670,ゆうハル,,2040,2026-10-09,0.5,1.0,ストラテジー,残す,,https://www.youtube.com/channel/UCh3LpzJJR7UpU_F3k5D3rBA,0から始める！中級者への道！　#ゆっくり実況　#にゃんこ大戦争
2671,深淵ヨミ,,2040,2026-09-02,0.73,1.0,RPG,残す,,https://www.youtube.com/channel/UCHvY0tir5VZ57MXUwi1AiFQ,【まったり配信】NTE＆ほの暮しの庭🐺✨【深淵ヨミ】
2672,ゴールデン,,2040,2026-09-03,1.0,1.0,,残す,,https://www.youtube.com/channel/UC_ZrPobbBMJAtaoleuRTu5A,スプラトゥーンレイダース参加型配信.誰でも参加可能！【VC有】 【スプラレイダース参加型】
2673,かいがらCH,,2040,2026-09-20,0.0,1.0,,外す（ゲーム動画なし）,,https://www.youtube.com/channel/UCdp2LL0RYltYAUGVHs2FN_w,【東方LostWord】全キャラ対象、全体ラスワ火力最強ランキング【ロスワ】【東方ロストワード】【東ロワ】
2674,ナリクラちゃんねる,,2030,2026-10-06,1.0,1.0,,残す,,https://www.youtube.com/channel/UCeoooykLPHUq4pMFYF7tiYg,【ぷよテト2】鳥たちが舞うタイマン
2675,コダもち,,2030,2026-09-16,1.0,1.0,,残す,,https://www.youtube.com/channel/UCzvmn0wsyJdEWUrU9kPbs4g,【スマブラSP】オンラインチーム戦
2676,きんぞう,,2020,2026-08-28,0.75,1.0,アドベンチャー,残す,,https://www.youtube.com/channel/UCwb_7r0kxsTW017-eWRbSvw,#03・完  最近話題のインクリメンタルとみんな大好きお掃除ゲームがドッキング【スイスイ株式会社 (Sludgineer
2677,ヒューガ【ポケモン実況・解説】,,2020,2026-09-16,0.8,1.0,,残す,,https://www.youtube.com/channel/UCs0ao-g4DDnv1auGJYK4TXA,【7世代の悪夢再来】メガボーマンダとハリーマンのサイクルが火力と耐久力の相性が良すぎてめちゃめちゃ強かったですw #po
2678,勅使河原めめこ,,2010,2026-09-24,0.88,1.0,RPG,残す,,https://www.youtube.com/channel/UC0MfbSXRxO8ct5XcxT0M8-A,純粋にドラクエ7を楽しんでいたハズが…昼ドラすぎる村に大困惑の勅使河原めめこ【ドラゴンクエストVII Reimagine
2679,栄冠ナイン検証攻略ちゃんねる,,1990,2026-10-01,0.89,1.0,,残す,,https://www.youtube.com/channel/UCkgimy0aPhdz2nW3UFnha_g,【パワプロ2026】ダイヤのAコラボキャラ実装！栄冠ナインでの初期能力を解説！
2680,まみゅみょ,,1980,2026-08-29,0.76,1.0,シューター,残す,,https://www.youtube.com/channel/UCwH4U3XspicBQT5C_32Be7Q,#DeltaForce  おもしれー女って言わせる!
2681,布団ちゃんの特濃スープ,,1980,2026-10-07,0.0,0.0,,要確認（長尺動画なし）,,https://www.youtube.com/channel/UCpEnnh9aTxdI1_W8moz5Daw,
2682,くろあ,,1980,2026-09-30,1.0,1.0,,残す,,https://www.youtube.com/channel/UCDw7j12OQJ-1TxqDukrh4jg,【スト６】緩めにランクマやる！
2683,シーサイドリゾートAPちゃんねる,,1970,2026-09-12,0.05,1.0,,残す,,https://www.youtube.com/channel/UCZpS7qch6R843WNFagRyrMw,【太鼓の達人】世界四位による人段位最速配信【シーサイドリゾートAP】
2684,まうらぼ,,1960,2026-09-16,0.0,1.0,,外す（ゲーム動画なし）,,https://www.youtube.com/channel/UCWpqIvC_m8TL0ZgWaqksmyA,【神姫プロジェクト】バーストパ、英霊は誰を使うべき？【ヘクトル/項羽/クレオパトラ】
2685,好きなもの切り抜くくん,,1960,2026-10-06,0.0,0.0,,要確認（長尺動画なし）,,https://www.youtube.com/channel/UCHFBZ1wdX51WUbArW3J17Dw,
2686,なむ【NAMU】,,1950,2026-09-08,0.11,1.0,格闘,残す,,https://www.youtube.com/channel/UCL9cScvWPe1uP3LOsDu1e7g,【9/9】メガZガブリアスでランクマする配信【Pokémon Champions】
2687,murAta Yuzi / 村田 裕次,,1950,2026-09-21,0.41,0.88,レース,残す,,https://www.youtube.com/channel/UCW-O9vTFHUOoFqCb3iNLp2g,#37  RPGほぼ未経験によるエルデンリング(ELDEN RING)初見実況プレイ #メタルWIN
2688,雛守つづり,,1950,2026-10-03,0.55,1.0,RPG,残す,,https://www.youtube.com/channel/UCehioXDAKcE4ku-qrjxbakQ,【クロノトリガー】初見実況！ずっとやってみたかった名作RPGをのんびり遊ぶ🎮朝のゆったりレトロゲーム配信 #1 ( 雛守
2689,ふくしまヒデNSX,,1940,2026-08-28,0.0,1.0,,外す（ゲーム動画なし）,,https://www.youtube.com/channel/UCKVsqRNMR2SevUl6EFU5XXQ,【NSX NA1 NA2 NC1】ふくしまNSXミーティング2026 360カメラ切出し映像 その2 #NSX #ツーリ
2690,コーリ,,1940,2026-08-30,0.47,1.0,シミュレーション,残す,,https://www.youtube.com/channel/UCY1T41D-cPGkTllY0OkvPDA,VIPに行きてぇ
2691,しきえる(クーシー2万回使いました),,1940,2026-09-07,0.0,0.0,,要確認（長尺動画なし）,,https://www.youtube.com/channel/UChvrGO0mDIe8wP6dvhR5asg,
2692,VCafe Ange天使のいる喫茶店,,1930,2026-08-27,0.15,0.95,パズル,残す,,https://www.youtube.com/channel/UCiH9I4XfHuMjLsw8_0BGWww,【のみ】8月雑談
2693,小波ながれ / Sazanami Nagare,,1930,2026-10-07,0.3,1.0,クイズ,残す,,https://www.youtube.com/channel/UCknJmhzFsk-t06pDirZvrkg,【 雑談 】みんなのお家に遊びに行く配信🩷┆初見歓迎【 個人Vtuber / #小波ながれ 】
2694,三明夜奏 / Miake Yakana,,1920,2026-08-28,0.44,1.0,シューター,残す,,https://www.youtube.com/channel/UC7S1Ojriwny1BfbyYFzGNnw,"【完全初見】都市伝説を･･･""解体""する･･･とは･･･?【#都市伝説解体センター】"
2695,ゆーたん,,1920,2026-09-08,0.75,1.0,RPG,残す,,https://www.youtube.com/channel/UCvMCogywx93O_s1v_D5uDag,【#ダイス・タバーン】このゲームには必勝法がある！んじゃないかと思って遊んでいきますよ
2696,てぃーけぇー,,1910,2026-08-29,0.88,1.0,ストラテジー,残す,,https://www.youtube.com/channel/UCGXNq-IoXKBe_eV94OQozJA,[DBD]過去一のマイケルに遭遇した結果ｗｗｗ
2697,はやおじ ちゃんねる【インディーゲーム実況】,,1910,2026-09-16,0.25,1.0,シミュレーション,残す,,https://www.youtube.com/channel/UCUJeUzsGTuoDeW_M4muDIpw,インクリメンタル的な面白さ！ハチャメチャ自動化レストラン経営！『生命！宇宙！レストラン！ Demo版』【経営シミュレーシ
2698,あにちゃん。,,1910,2026-09-30,0.0,1.0,,外す（ゲーム動画なし）,,https://www.youtube.com/channel/UCaP9nmEAgRkE7KRpOI6C_tQ,【ワンピース】ロジャーは「運」だけで海賊王になった！？覇気が全てを凌駕する説の矛盾と、隠された真の強さ
2699,やーまっちょ,,1900,2026-08-28,0.6,1.0,RPG,残す,,https://www.youtube.com/channel/UCkBiK38awDZsnGHmVUAnLMA,千夏ちゃんが... #2 【PS レトロゲーム実況】 クロックタワー ゴーストヘッド 【やーまっちょ CLOCK TOW
2700,ポギーNoppogi,,1900,2026-09-26,0.86,1.0,RPG,残す,,https://www.youtube.com/channel/UCoU-1c9sUPkk2rLiHU4GwtA,【SCUM v1.3 】共に生きるしかない【なんスカッSeason2】
2701,にじすべ改,,1890,2026-08-19,0.0,0.0,,要確認（長尺動画なし）,,https://www.youtube.com/channel/UCbZeeqJ6OPkm4rDC_0YfE3w,
2702,にぃん,,1890,2026-08-29,1.0,1.0,ストラテジー,残す,,https://www.youtube.com/channel/UCeEVAwftuJM7JSRZ-UflXiA,ケバブは大会勢の真似なのでどんどんしていこう！ｗジャッジメント難しくて使えません【DBD】
2703,暁省吾-ぷにぷに,,1890,2026-10-06,0.0,0.0,,要確認（長尺動画なし）,,https://www.youtube.com/channel/UC0Z_fV-Gg_Jev3vZmzUtlhQ,
2704,けんうえ　(イーフト・eFootball実況),,1890,2026-08-30,0.75,1.0,シミュレーション,残す,,https://www.youtube.com/channel/UCqdey1N5XpOjX_wg4kJlNHQ,ルーレットで決めたEPICの人数出るまでガチャ終われません！！
2705,昭和遊人おにづかのゲーム実況,,1880,2026-08-28,0.0,1.0,,外す（ゲーム動画なし）,,https://www.youtube.com/channel/UCVVXkDf28wQfWKXHupWUJlw,#2【AC版グラディウスIII】スーファミ版しかやったことない俺がアーケード版をやってみる2。
2706,パポさん【なんとかなるってぇ〜配信】,,1870,2026-09-04,0.95,1.0,レース,残す,,https://www.youtube.com/channel/UCCRx99mH8fODl4poIEOL_Iw,【GT7】【グランツーリスモ7】「パッド勢の走り #19」マニュ練する？
2707,星月ゆう,,1870,2026-09-21,0.25,1.0,ストラテジー,残す,,https://www.youtube.com/channel/UCuOSk-h-8miklTJDHIaat3Q,【R.E.P.O.】一年振りに友達と”仲良し”協力プレイR.E.P.O.コラボやってく！【個人vtuber／星月ゆう】
2708,ヲガッドリィー,,1870,2026-09-24,1.0,1.0,シューター,残す,,https://www.youtube.com/channel/UC6gcmC_Yr6PTgco3LAoJnYg,服が着たいよ！【スカイリム】完全初見の我らが母は…指示アドバイスお願いします！【The Elder Scrolls V:
2709,4747【にじさんじ切り抜き】,,1840,2026-08-24,0.0,0.0,,外す（切り抜き）,,https://www.youtube.com/channel/UC8zlvIlTMAKt_j8MYjfU5PQ,
2710,神レトロゲーマニア,,1820,2026-08-28,0.5,1.0,アクション（横スクロール）,残す,,https://www.youtube.com/channel/UCkOmjSDAeu1kSbnnbi78pJA,(Switch版) モンスターハンターXX みんなで協力参加型配信！#38
2711,なすまゆ🍆🧶,,1820,2026-09-22,0.6,1.0,RPG,残す,,https://www.youtube.com/channel/UCtDgXXz1bKRbzGK3YdbFZbg,【第五人格】イタカは弱いが顔がいい。 #identityv #第五人格 #なすLIVE
2712,ラヲ,,1810,2026-09-20,0.78,1.0,,残す,,https://www.youtube.com/channel/UCfsUDYBzPmz2m0mGEL6wWxw,【Splatoon3】腕固定したら理論上最強ナンジャネ？【スプラトゥーン3】
2713,(中田)すぐりちゃま‼️🦁-社不系ゲーム実況ch-,,1800,2026-08-30,0.71,1.0,シューター,残す,,https://www.youtube.com/channel/UCCuIyI4lOTsLzAhFykz-U6A,【学校の四十不思議】(2)ヒキニートだけどゲームなら外出れるから。
2714,マッシュ,,1790,2026-08-29,0.0,1.0,,外す（ゲーム動画なし）,,https://www.youtube.com/channel/UCxFTw4pnKNeO7u7s6u8U--Q,ゲームやる時間無い… 毎日配信1643日目 @mash_san
2715,留鉦しぐch,,1780,2026-08-28,0.6,1.0,ストラテジー,残す,,https://www.youtube.com/channel/UChL-tcV_JaCcx2zL5zblQgg,【スプラトゥーン3】ボールドじゃーー！！ってタツかよみー！！(サモラン視聴者参加型🐾)　#ケモノvtuber
2716,こじちゃんねる【小嶋明梨】,,1780,2026-10-04,0.47,1.0,アドベンチャー,残す,,https://www.youtube.com/channel/UCREhTN0_EKTGPBpP7ZgD_xw,レベル上げ回【#FC版DQ1 】 #ファミコン #ドラクエ１ #配信 #生配信 #小嶋明梨 #ゲーム実況者
2717,ぽっぷばんど,,1780,2026-08-08,0.0,1.0,,外す（ゲーム動画なし）,,https://www.youtube.com/channel/UC8GZiHp7q33qHhhHnXNpj9g,【ゆっくり実況】ドンフェスに成仏がｷﾀ━━━━(ﾟ∀ﾟ)━━━━!!【太鼓の達人 ドンダフルフェスティバル】#太鼓の達人
2718,あくてん ゲームと心の癒し空間,,1780,2026-08-30,0.57,1.0,アクション（横スクロール）,残す,,https://www.youtube.com/channel/UCDVROroZwe7emDnfgSkmwhw,【スプラトゥーン レイダース】#16｜ガジェットパーツ残り56個……全部集めます。｜まったり雑談しながら
2719,ロエマ Channel,,1780,2026-09-02,0.75,1.0,アドベンチャー,残す,,https://www.youtube.com/channel/UCkz0INJjUDJZeD5ZvY2p1ag,インディーゲーム制作という道で悩む2人の開発者のお話『GOODBYE WORLD』を実況プレイ！
2720,りんふぅ,,1780,2026-09-02,0.21,1.0,RPG,残す,,https://www.youtube.com/channel/UCY0XLnhYfNKNIWmRSfZtG0Q,【エンドフィールド】ティフォロス 物語イベント「冬は夢の霧の中に」【ストーリー】
2721,とあの3たん,,1770,2026-08-30,0.65,1.0,ストラテジー,残す,,https://www.youtube.com/channel/UCkz-eRBzDy2UpBud7X_abUQ,にゃんこ大戦争　真レジェ攻略するぞ　統率力なくなるまで
2722,サラのゲーム実況,,1770,2026-09-20,0.15,1.0,RPG,残す,,https://www.youtube.com/channel/UCX2nAcyu0topr3CDiZGHQig,【ファミコン探偵倶楽部 消えた後継者】#4 アキラはいつ登場するのか【女性実況】【ディスクシステム】
2723,40代　無職　独身　貯金無し　レトロゲーム実況,,1760,2026-08-29,0.06,1.0,シューター,残す,,https://www.youtube.com/channel/UCISmHR8DYIN1OVf7_7WPHZg,ゲームギア　がんばれゴルビー　【レトロゲーム実況】
2724,監獄 ミハル - Miharu Kangoku -,,1760,2026-08-27,0.62,1.0,アドベンチャー,残す,,https://www.youtube.com/channel/UCuI4yGLZsMb3fUXae3DMI4g,【ホラゲ/ネタバレ注意】猫は飼い主と再会するために、怪物だらけの悪夢から脱出を目指す｜#Meowmories【#監獄ミハ
2725,ちるきりす,,1750,2026-08-25,0.92,1.0,,残す,,https://www.youtube.com/channel/UCPdUENVdDTPSptxcPOS3VbQ,【スト６】動画投稿休止！
2726,りょうの音ゲー部屋,,1750,2026-08-28,0.15,0.92,アドベンチャー,残す,,https://www.youtube.com/channel/UCxYWYOxP6D506jG9wrjJKJQ,【新人類】創作譜面制作配信
2727,なりけんchannel,,1750,2026-08-29,0.0,0.0,,要確認（長尺動画なし）,,https://www.youtube.com/channel/UC7ZmisHC47Q3hCQ9ceif0fg,
2728,すねこしゅり,,1750,2026-09-30,0.26,1.0,RPG,残す,,https://www.youtube.com/channel/UCX8MsrAzCGJJqAbe9EkBtKA,【#バーチャル物産展 】マラサダ×謎解き⁉LOST MALASADA RECORDS 幻のマラサダ探検隊プロローグ【#P
2729,Cocco&Mameko Channel,,1740,2026-08-29,0.93,1.0,シューター,残す,,https://www.youtube.com/channel/UCuyTwBKIqkYjvT6CcA7DJzg,【APEX LEGENDS／APEX女子】少しだけ参加型やります！初見さん歓迎！参加をご希望の方は、概要欄をお読みの上、
2730,わら,,1740,2026-09-22,0.0,0.0,,要確認（長尺動画なし）,,https://www.youtube.com/channel/UCrEvEVWRCx8kO_-X39NsTDw,
2731,マイキデル(ゲーミングフューチャー),,1740,2026-10-09,0.18,1.0,,残す,,https://www.youtube.com/channel/UCbnSEvTcAHzaDwtHGf2IumA,【マインクラフト】PvP最高連勝を目指すガチバトル / Minecraft PvP Live
2732,ひろたむ(あやたむ)ちゃんねる,,1730,2026-09-13,0.94,1.0,シューター,残す,,https://www.youtube.com/channel/UCqsi0IJX0gVvIxSG5bHcrBg,"夫婦で旅行配信「北関東(茨城,栃木,群馬)3泊4日旅行」車載、外配信など"
2733,このチャンネルがホームなんですよ【ぺいんと切り抜き】,,1720,2026-08-17,0.0,0.0,,外す（切り抜き）,,https://www.youtube.com/channel/UClHRux1gPG_kT6aUdOTwaqA,
2734,星娘【Xingniang】,,1720,2026-08-29,0.6,0.8,,残す,,https://www.youtube.com/channel/UCkBmsYajHpKuI37Ej4kJXlQ,【雀魂】段位戦でPt全部溶かした人の顔【玉東段位戦】
2735,かずぼーんネタ劇場,,1720,2026-09-07,0.2,1.0,シューター,残す,,https://www.youtube.com/channel/UCL1y04uF5diZkjVRSD5x0uA,【イーフト配信】眠りの前の所作 初見さん大歓迎！
2736,チョム,,1720,2026-09-10,0.0,0.0,,要確認（長尺動画なし）,,https://www.youtube.com/channel/UC0hU9byqBspma8B__aADoAQ,
2737,のりチリチャンネル -NORI TIRI channel-,,1710,2026-08-29,0.95,1.0,RPG,残す,,https://www.youtube.com/channel/UC2y67fiFIBLlhKWmyWkGjuQ,【Battle Brothers (バトルブラザーズ)  】(E/E/L/I)  新アプデで追加されたポールアクスで無双
2738,ゾンビ天使 すみ,,1700,2026-08-28,0.65,1.0,,残す,,https://www.youtube.com/channel/UC4_lsk9Cq4L64FeZWYyLGLg,【スーパーダンガンロンパ2】完全初見！ 絆深めてみんなの事もっと知ろ✨ ※ネタバレ注意【#18】【#新人Vtuber】【
2739,もりもっちゃんねる@Vtuber,,1700,2026-08-25,1.0,1.0,RPG,残す,,https://www.youtube.com/channel/UCbwo6UUEsoztwJ72jCDuYAg,【Palworld】#18 初見なので和やかホワイト拠点を目指して楽しく冒険がしたいパルワールド【Vtuber実況：杜本
2740,水月 水人【suigetu mizuto】,,1700,2026-10-09,0.95,1.0,,残す,,https://www.youtube.com/channel/UCAyjv2xdlJt8sYDbmMN-tFw,PC壊れたけど【#雀魂】【#視聴者参加型】配信だよ！毎日配信2257日目　水月水人【suigetu mizuto】Vtu
2741,あるたーちゃん,,1690,2026-08-26,1.0,1.0,シューター,残す,,https://www.youtube.com/channel/UCR9Omsoa_sqX_Z90EMfyybw,【APEX】某有名ゲームズさんとマッチ！？声良すぎて大メロつき！
2742,シュークリームマンGameChannel,,1690,2026-09-28,0.5,1.0,アドベンチャー,残す,,https://www.youtube.com/channel/UC_b5-lDs2MJJ1LIxpEiNhPg,【AKIBA LOSTクリアレビュー】神隠しか・神ゲーか・※ネタバレなし・長編実写群像劇マルチアングルサスペンスゲーム
2743,霧斗[格ゲーおじさん],,1670,2026-08-27,0.95,1.0,,残す,,https://www.youtube.com/channel/UCKbzJKGPbt-C8i20tsmgOLg,[鉄拳8 # 274]短時間破壊神参ドラグノフ　お昼休みゲームバラエティ笑っていいとでも⁉＜初見、質問雑談歓迎＞
2744,西瓜組,,1660,2026-08-30,1.0,1.0,,残す,,https://www.youtube.com/channel/UCkYE_n8m0zECPpPFUz5utgA,【ゼンレスゾーンゼロ】昨日予告番組あったの忘れてた…
2745,Taki Ch.夕空タキ,,1660,2026-09-28,0.0,1.0,,外す（ゲーム動画なし）,,https://www.youtube.com/channel/UC8p1tFkYngY4B-pVSBe8KJQ,【初見さん大歓迎】久々に雑談していこうかな！？？？？？？？？？
2746,怪盗パピヨン,,1660,2026-08-31,0.0,1.0,,外す（ゲーム動画なし）,,https://www.youtube.com/channel/UCyIelFOsXuWBTfgesUNTuwQ,桃鉄3年決戦初！キングみくじの大凶を引く不幸が現れたw桃鉄2東日本3年決戦対決！
2747,ﾀｶﾄｼ,,1660,2026-09-08,0.77,1.0,シューター,残す,,https://www.youtube.com/channel/UCEIPteL-uXWOCFpiBz7HsgQ,【WARDOGS】ヘリコプター基礎解説【Jフックをマスターしろ！！】
2748,ゆっくり帰宅部,,1660,2026-09-22,0.2,1.0,RPG,残す,,https://www.youtube.com/channel/UCj9fh13ypd3rcLgGCGlfiMg,【ゆっくり実況】【トルネコの大冒険リマスター】初見で普通に攻略していくだけ【ネタバレあり】＃００４
2749,DJ Raiken,,1660,2026-09-27,0.56,1.0,RPG,残す,,https://www.youtube.com/channel/UCpsFgDrRoGOX6V--JtXuoug,【IIDX 34 ZINRAI】今作未プレー曲にスコアをつけていくぞ！【音ゲー配信】
2750,格ゲー雑学,,1650,2026-08-28,0.0,1.0,,外す（ゲーム動画なし）,,https://www.youtube.com/channel/UCEuu5n2KyJ5YCp7i5S-QHrw,孫悟空のコマンドを軽く紹介！！　#雑学  #格ゲー　#ドラゴンボールZ #超武闘伝
2751,めし【アークナイツエンドフィールド】,,1650,2026-08-31,1.0,1.0,RPG,残す,,https://www.youtube.com/channel/UCqEqS1NYqg3TotvkFwUEX-w,【考察】武陵の次はどこ？ストーリー振り返りと次期エリアの可能性【アークナイツエンドフィールド】
2752,ミスケ,,1650,2026-08-26,0.0,0.0,,要確認（長尺動画なし）,,https://www.youtube.com/channel/UCpMvFiSqKajp0Xn0TRasjNA,
2753,ふもっふトレカチャンネル,,1640,2026-09-15,0.0,1.0,,外す（ゲーム動画なし）,,https://www.youtube.com/channel/UCpZat5RuH-nyVC2yk93DMHw,[ポケカ/対戦] FUMO TCG CUP #3.5 予選：第6試合 あずさ選手（タケルライコex）vsしゅか選手（ドラ
2754,苦道訓 | kudoukun_goh,,1640,2026-09-20,0.0,1.0,,外す（ゲーム動画なし）,,https://www.youtube.com/channel/UCY0PX6V9KQ2sdPQjLQsFV6A,#94【格ゲー配信】バーチャファイター5 R.E.V.O.WorldStage VF5REVOWS 日守剛 苦道訓
2755,マーのゲーム配信Channel,,1640,2026-10-07,1.0,1.0,シューター,残す,,https://www.youtube.com/channel/UC3SYxDZt3JzJV-w-0FqH--w,【#レーシングマスター 】ごりばんわ！復活のゴリ♪マッタリ雑談配信🎤LIVE配信🎮
2756,かるてぃ【インディーゲーム実況ch】,,1630,2026-09-20,0.55,1.0,アドベンチャー,残す,,https://www.youtube.com/channel/UCFCMxYmkcHfHaLG1shm1QTw,【パズル】絵がかわいい新作パズルアドベンチャー『 MONOWAVE 』
2757,てつぽんげーむず,,1620,2026-08-28,1.0,1.0,シューター,残す,,https://www.youtube.com/channel/UCNA3pa1RJeDli3c3UN8JzGQ,【 Apex -715】プラチナへGO!!!! ( ゴールドⅠ ・ 463RP～ ) 【 てつぽんげーむず 】 縦型配信
2758,もるあ,,1620,2026-09-28,1.0,1.0,RPG,残す,,https://www.youtube.com/channel/UCHFdeAhYUFj2_ijHYr7Ff4w,【神ゲー】初到達の階で不意打ち喰らって配信者すぎる死に方する奴ｗｗｗ【トルネコの大冒険 不思議のダンジョン ちょっとステ
2759,NANAMI UNO CHANNEL,,1620,2026-09-10,0.0,0.0,,外す（ゲーム動画なし）,,https://www.youtube.com/channel/UCEpTMdxN3zn1P5Df7EdDSUQ,UNO! Mobile Game | Go Wild x600 2vs2 & S2S
2760,773ちゃんねる。-スプラ-,,1610,2026-08-27,1.0,1.0,,残す,,https://www.youtube.com/channel/UCbdyQ8YrIzbGnKBytZOoQAQ,【作業用BGM】アジト船BGM1時間耐久 【#スプラトゥーンレイダース #レイダース #スプラトゥーン3 #参加型 #初
2761,B君,,1610,2026-08-21,1.0,1.0,,残す,,https://www.youtube.com/channel/UCQLmLBbuse3pHwLR1mbYIVA,【鉄拳8】軽くボブやっちゃうよ配信
2762,大尉げーむちゃんねる,,1610,2026-08-28,0.45,1.0,アドベンチャー,残す,,https://www.youtube.com/channel/UClWSNFxF7RoBxCOCmAnGUpQ,【2DXハンクラ動画】コスモス(ANOTHER)【beatmaniaIIDX17 SIRIUS】#iidx
2763,たいの喋りたい,,1610,2026-08-30,0.45,1.0,アドベンチャー,残す,,https://www.youtube.com/channel/UCc3WxNPLRrdWaJSchghb4PQ,赤い女ストーカーが家まで来て襲ってくる...【赤い女】
2764,三雲ヒカリ,,1610,2026-09-01,0.27,1.0,,残す,,https://www.youtube.com/channel/UCC-wEg7CCL0IbDyTyXy1E6A,スプラトゥーン#レイダース 実況プレイ【#ゲーム #ゲーム配信 】コンパス集めの巻
2765,らいちろゲームズ,,1600,2026-10-07,0.65,1.0,シミュレーション,残す,,https://www.youtube.com/channel/UCcs6TgG45LklfI8TGK1tMag,【FE万紫千紅】90時間クリアレビュー。第3部が本当の地獄　開発はこんなので面白いと思ったの？ #switch2 #sw
2766,ゼロピュア【公式】,,1590,2026-09-22,0.0,1.0,,外す（ゲーム動画なし）,,https://www.youtube.com/channel/UCvT4FyRh0pBoECgS4TiW0tg,みんなで心理テストをするぞぉ！！！！！！！！！【ゼロピュア】
2767,【非公式】りょうすけGames切り抜きチャンネル,,1590,2026-08-30,0.5,1.0,アクション（横スクロール）,外す（切り抜き）,,https://www.youtube.com/channel/UCpruQ7lzDK_bCzbS8_hYaKg,26.6/17 7/6 Fall Guysおもしろシーン集
2768,一攫千金TV【DeltaForce】,,1590,2026-09-07,1.0,1.0,シューター,残す,,https://www.youtube.com/channel/UCWZGstQW9lEDeqHFheFVOiQ,【猪突猛進】ドーパミン出したいなら突撃兵！おすすめランキング！【デルタフォース】
2769,週刊少年ゲームマガジン230円,,1590,2026-09-06,0.85,1.0,,残す,,https://www.youtube.com/channel/UC7dvWIKsGaIKGrvh7MJNeJA,【スト6】おはようそしてランクマ　プレイヤーは「はんちょー」
2770,おんどch.,,1590,2026-09-27,1.0,1.0,,残す,,https://www.youtube.com/channel/UCFc_YN3nxTC7GRcjYG4lODA,ブーメランラリー SC集【マリオカートワールド】【サバイバル】【初心者】
2771,うんこちゃんを切り抜け V2【加藤純一切り抜き】,,1580,2026-10-08,0.32,1.0,シューター,外す（切り抜き）,,https://www.youtube.com/channel/UCTjwDMfUpOq3aGYYQJnCGcw,【全10視点まとめ】CRカップ後、悪魔の二次会オーバーウォッチ【2026.10.04】
2772,dino,,1580,2026-09-03,1.0,1.0,,残す,,https://www.youtube.com/channel/UC9mj0r7-VNieyYaI9KGO4XA,明日入院なのでコンペ【VALORANT】
2773,こもれびとのソーヴァ,,1580,2026-09-24,0.0,0.0,,要確認（長尺動画なし）,,https://www.youtube.com/channel/UC7Wi9aVOOv--XvusX2whQrw,
2774,みほち,,1570,2026-08-27,0.4,1.0,アドベンチャー,残す,,https://www.youtube.com/channel/UCtPyEH17kz4IfFMKhA4Eg6A,【クッパ待ってろ】ゲームが下手すぎる人がマリオ64をプレイしてみた #ゲーム実況 #新人Vtuber
2775,ヒロマルのんびりゲームCh.,,1570,2026-08-28,0.5,1.0,,残す,,https://www.youtube.com/channel/UCkCEUN11NGm0zbxgWeag6EQ,「サウンドノベル」『忌火起草-イマビキソウ-』のんびり読み上げて＃２ 【PS3より～ゲーム実況】
2776,さくまだよ,,1570,2026-10-05,0.67,1.0,,残す,,https://www.youtube.com/channel/UCTD3QncSYP4Lmlsg6wBs0BA,【VALORANT】ゴールド2に行きたーい！✊
2777,まごみちゃんねる。,,1560,2026-09-04,1.0,1.0,シューター,残す,,https://www.youtube.com/channel/UCj0A3c1Pra5rXfc-waDclGQ,【NIKKE】メンバーシップ変更のお知らせ【※日課も雑談もするよ！】
2778,陸上てち【Kugami Techi】,,1560,2026-09-12,0.67,1.0,アドベンチャー,残す,,https://www.youtube.com/channel/UCuTTinzDN6PiLGHkJLajrKA,【初見🔰】#8 未回収を求めて！まずは神羅屋敷のストーリー見に行こう！【FINAL FANTASY VII】
2779,slipP(スリップP),,1560,2026-09-15,1.0,1.0,RPG,残す,,https://www.youtube.com/channel/UC724De2v5ORWYIDDFVisQhg,【PSO2NGS】　パーティ募集掲示板も始めました　タスク消化とか　公認クリエイター
2780,るか,,1560,2026-09-22,0.0,0.0,,要確認（長尺動画なし）,,https://www.youtube.com/channel/UCwb-8_8snGdc9x_zTkDBq8Q,
2781,獅田ちよ / Shida Chiyo,,1550,2026-08-27,0.67,1.0,RPG,残す,,https://www.youtube.com/channel/UCxMovBd8wNiHHlvFX5YR3dQ,【参加型】新マップきちゃ！コピキャやるぞー！🌟 #vtuber  #第五人格 #IdentityV
2782,マイクラ実況者(仮),,1550,2026-08-27,0.5,1.0,,残す,,https://www.youtube.com/channel/UCt_iiKsgnYAIkLVGXojiGeQ,無職3人で行く森の洋館があまりにも面白すぎた【無職ラ】
2783,わーCh. 【ゲーム&競馬チャンネル】,,1550,2026-09-07,1.0,1.0,RPG,残す,,https://www.youtube.com/channel/UCZY5IxphufrWGymqpBYPSXQ,【テリワンSP】ドラゴン系だけでストーリー攻略 Part2 ちからの扉～星降りの大会【DQM】
2784,Minagi,,1550,2026-09-04,1.0,1.0,,残す,,https://www.youtube.com/channel/UCG_pT5yeIlEkSdEWr85Qwcg,【VALORANT】新スキン「エアリス」が最高すぎた！！【ゆっくり実況】【ヴァロラント】
2785,輪堂千速の全速切り抜き,,1550,2026-10-09,1.0,1.0,シューター,外す（切り抜き）,,https://www.youtube.com/channel/UCOcNnGXyuaa_NoM672fEZRg,空中給油の菱形を合わせる千速、接続成功に「きた！」【輪堂千速／FLOW GLOW】【ACE COMBAT 8】
2786,erica / TOPPATSU!!,,1550,2026-10-07,1.0,1.0,RPG,残す,,https://www.youtube.com/channel/UC8HTXyjX1pGERvSbIPxyDdQ,【勝利の女神:NIKKE】30章~33章 初見プレイ メインストーリーほか【#NIKKE #メガニケ 女性配信/eric
2787,Sorbet Ch. 桃乃ソルベ,,1540,2026-08-28,0.5,1.0,,残す,,https://www.youtube.com/channel/UC7I4Pe38rgTZrFJQiF8w8XQ,02【空の軌跡 the 2nd 】体験版きた！【初見実況／ネタバレ注意】
2788,dai@2周年から,,1540,2026-09-20,0.1,1.0,RPG,残す,,https://www.youtube.com/channel/UCidO3O2udyXLkM4IpMMc_4Q,テリワン古参がドラゴンクエストモンスターズ4やるぞおおおおおおおお【DQM4】
2789,みんくらクリップ,,1540,2026-10-08,0.0,0.0,,要確認（長尺動画なし）,,https://www.youtube.com/channel/UCNs6xlQ_QoCuZdy0kMoHMNg,
2790,ポリコロん,,1530,2026-09-07,0.0,1.0,,外す（ゲーム動画なし）,,https://www.youtube.com/channel/UCavtYIgZyHPEDDs0NF5zs3w,一八ﾗﾝｸﾏ勝利数世界一を目指して…【PS5padPlay】#33
2791,アミダ　ケイ / Amida Kei ch.,,1530,2026-09-14,0.45,1.0,RPG,残す,,https://www.youtube.com/channel/UC0-gwyOJlAmiLPpd7lZElrA,すぐにやめたいほど鬼畜なゲーム【Level Devil】
2792,タルコフのロシア語解説　hat cabre,,1520,2026-09-03,0.0,0.5,,外す（ゲーム動画なし）,,https://www.youtube.com/channel/UC6P54NZzH8uWgzAAd6y6hqQ,"Louie Zong - hold on, please!"
2793,いっしー,,1520,2026-08-28,0.95,1.0,格闘,残す,,https://www.youtube.com/channel/UC_mnzNKMR93fRbtUO4wpQUQ,【縦横同時配信スト6】最高MR2100豪鬼ランクマッチ
2794,するめんまの動画蔵,,1510,2026-10-06,0.0,0.0,,要確認（長尺動画なし）,,https://www.youtube.com/channel/UCiG-Nz6IvNcrGtq42kR03wA,
2795,せるひ,,1510,2026-09-23,0.55,1.0,アドベンチャー,残す,,https://www.youtube.com/channel/UCveGb3SgKP4J5IiHQMEDWOQ,【#逆転検事2】続・まぐろ検事！👈🐟 第17回【実況プレイ/ネタバレ注意/逆転検事12】
2796,バナキ【ゆっくり実況】,,1510,2026-10-08,1.0,1.0,,残す,,https://www.youtube.com/channel/UCC7mCHc2H7ExTbpo7aoIraQ,【総集編】【レンタルあり】使いたい！使いやすい構築が必ず見つかる！レート2000達成した構築達を徹底解説！【ポケモンチャ
2797,nene・rin chann,,1500,2026-08-29,0.42,1.0,シューター,残す,,https://www.youtube.com/channel/UCj0LS026gQ7KVQF8Tw7erqg,【マーベル・ライバルズ】最近映画を見てスパイダー欲が高まりすぎてるよ
2798,まんばManba,,1500,2026-09-14,1.0,1.0,,残す,,https://www.youtube.com/channel/UCAXU5skurLSEx4DRX52ae5w,【鉄拳8】ボブ ドンのりお杯【TWT】G-Project DOJOお疲れ様でした！
2799,真!絹ごしユーキ,,1490,2026-08-25,0.2,1.0,,残す,,https://www.youtube.com/channel/UCt5DV5quFYbO-6SX5Xzjrxw,オラドラ【まったり配信。ガチャもやります】
2800,TRI:BAL,,1490,2026-09-07,1.0,1.0,,残す,,https://www.youtube.com/channel/UCPmFOjWcnHWz6Yk8SdsY5GQ,PS5.鉄拳8配信.S3.もうﾏｼﾞ無理wwトラちゃん配信。
2801,Ryu,,1490,2026-09-19,0.0,0.0,,要確認（長尺動画なし）,,https://www.youtube.com/channel/UCrmSvXTTVNyow6i0mfNxpgw,
2802,むぎ ,,1490,2026-10-05,0.5,0.8,RPG,残す,,https://www.youtube.com/channel/UCTz16Rte18mGt_iAvGZB5jg,Outlanders / まずは食料の確保と船の解体 【049】
2803,えいる,,1490,2026-10-06,0.0,0.0,,要確認（長尺動画なし）,,https://www.youtube.com/channel/UCc42kSXFCEK81jA_O9p_Utg,
2804,SignDuck / サインダック,,1480,2026-08-28,0.18,1.0,アドベンチャー,残す,,https://www.youtube.com/channel/UC61KHDFnyO4FhOYy3bLoW8g,【We Were Here Together】協力型謎解きゲー、華麗にクリアする【#チーム非常食】
2805,しゅう GAchゲームチャンネル,,1470,2026-08-30,0.88,1.0,RPG,残す,,https://www.youtube.com/channel/UCdR2NG0Bgu42fjbhmFJc1Qw,週課の時間だ～ねこみみVt艦隊いざいくぞ CoA #34 08/31  クリスタル・オブ・アトラン時間未定【Crysta
2806,惡羽けいch.,,1470,2026-09-12,0.18,0.94,,残す,,https://www.youtube.com/channel/UC-nTthLwoDnJxeeuZAF9aQw,【アナザーエデン ビギンズ 体験版】アナデン配信者が最新作をプレイ！時空を超える旅へ #2【ネタバレ注意】
2807,フジミュラーch(Fujimuller),,1460,2026-09-22,0.5,1.0,,残す,,https://www.youtube.com/channel/UCIKD1WRPdKmjMNgdVez1gLA,2500を目指してレート戦潜ってたらミュラーには高嶺の花だったようです【ぷよぷよテトリス2】
2808,はるまぎん,,1460,2026-09-24,0.62,1.0,アドベンチャー,残す,,https://www.youtube.com/channel/UCanINy0-LuF-gfnJdL-7dzQ,最近流行っている「バックルームズ」のゲームを友だちとやったら面白すぎた件 #後半【ホラゲー実況】【Backrooms: 
2809,とちつてたCLIPS【にじさんじ切り抜き】,,1450,2026-08-27,0.25,1.0,,外す（切り抜き）,,https://www.youtube.com/channel/UCx_wPlUoAiHAVSkhOO4yhNw,ホラゲーオフコラボで珠乃井ナナ離席中に電気を消して隠れる立伝都々【立伝都々/珠乃井ナナ/にじさんじ】
2810,みたらし,,1450,2026-09-06,0.73,1.0,ストラテジー,残す,,https://www.youtube.com/channel/UCPGQ2hDcCky3-13QcnTS0IQ,【DBD】【検証企画】弱音×共感で味方のオーラ見えてたら強い説※配信最初にご報告もあります
2811,たにぐちちゃんねる,,1450,2026-09-26,0.75,1.0,RPG,残す,,https://www.youtube.com/channel/UC2bWk2g4qX2fhRwBWyi6qhA,【クロノ・トリガー #6】いざ海底神殿へ！【完全初見】
2812,久遠ふうかのゆる島Fuuka Kuon,,1450,2026-09-16,1.0,1.0,シミュレーション,残す,,https://www.youtube.com/channel/UC6Xw6SEH_x3Dif_FJHC0tDA,元の建物を活かした街づくり〜うみぞこの街編〜#2【ぽこ あ ポケモン】
2813,ルベルフゲームチャンネル,,1450,2026-10-08,0.54,0.54,シミュレーション,残す,,https://www.youtube.com/channel/UCGx0UizVd0q7d6K56Je42Ow,【作業配信20261007】動画編集　作業雑談 #雑談
2814,ホロライブ切り抜き【めめめ】,,1440,2026-10-06,0.0,0.0,,外す（切り抜き）,,https://www.youtube.com/channel/UCnfqByyY4A2nyA0hc4egtJg,
2815,神谷みや / Miya Kamiya,,1440,2026-08-28,0.63,1.0,シミュレーション,残す,,https://www.youtube.com/channel/UCkzmWCL4qOto2r95Cq-lp2Q,【鉄拳8/参加型】初めてのリーチャオランでプレマ【神谷みや/VtuberJP】
2816,ちゃんぴーの家,,1440,2026-08-28,0.56,1.0,アドベンチャー,残す,,https://www.youtube.com/channel/UC5R6rDcemxDOtu6hGOUru2w,【実況】新リトル面が手に入る「夏のキャンプイベント」が始まった！九色の鹿の季節の精霊さん達が『来訪する精霊団』として登場
2817,あむざくチャンネル,,1440,2026-09-13,1.0,1.0,,残す,,https://www.youtube.com/channel/UCl4yultSeVoaCMJBJkq13mQ,【参加型】謎解きやるかも？#73 大人たちのサバイバル ~season2~【Minecraft 統合版】
2818,翠川蓮澄美-Suikawa Hasumi-,,1430,2026-09-02,0.77,1.0,,残す,,https://www.youtube.com/channel/UC85Z0vAoz9pIFFGxrvGYEqw,【#雀魂】初見さん大歓迎！9月最初の雀魂で1位をとりたい麻雀勉強中Vtuberによる四麻段位戦🔥【#縦型配信/#Vtub
2819,勇ましく民間人,,1430,2026-09-16,0.93,1.0,,残す,,https://www.youtube.com/channel/UC9eXSCktQJ7q30FS1LnHS9w,【原神】雷電将軍の最強編成を思いついたので見てほしい【ゆっくり実況】
2820,しゅぇばお 将棋ch　(角交換振り飛車党),,1430,2026-09-23,0.0,1.0,,外す（ゲーム動画なし）,,https://www.youtube.com/channel/UCmUbqYMen6SscGMxfoWwg6w,【将棋配信】棋桜フィッシャー初段35％～
2821,Nasuno gale ch(那須野ゲイルvtuber),,1420,2026-09-12,0.0,1.0,,外す（ゲーム動画なし）,,https://www.youtube.com/channel/UCdvR1XJIhLoH_M74nxvC_vQ,【DQ11S】もう一度頑張りたい無骨人間　現役nurse那須野ゲイルDQ11S配信その38【個人勢Vtuber　新人Vt
2822,サナギ小隊長channel,,1420,2026-10-06,0.62,1.0,シューター,残す,,https://www.youtube.com/channel/UCJi_2tohU8Ullo7NrHgvFpg,【EFT】全俺が泣いたルーレット縛りタルコフ！元プロレーサー男の娘のガチ生存戦略 ACT.44
2823,たべるうみゃ,,1420,2026-10-09,0.79,1.0,シューター,残す,,https://www.youtube.com/channel/UC_GZCdw2llKqOYhtrmho4nw,【 #apex 】久々ソロラン！シルバー2から！プラチナ乗せたあい【 #たべるうみゃ / #vtuber 】#新人vtu
2824,葛葉切り抜き,,1410,2026-08-24,0.0,1.0,,外す（切り抜き）,,https://www.youtube.com/channel/UCNbrTZx7uDBuJtqN4SpkRag,SAOを見始めた葛葉/葛葉の好きなキャラ【葛葉】 #葛葉 #vtuber #くずなま 
2825,あさちゃん。@GameHackTV,,1410,2026-08-15,0.0,0.0,,要確認（長尺動画なし）,,https://www.youtube.com/channel/UCluKfDpQ3oNOMXC9vq-Avxg,
2826,ゲームトークン,,1410,2026-08-22,0.0,0.0,,要確認（長尺動画なし）,,https://www.youtube.com/channel/UCceDPn56wlW-Vri_AzxSeZA,
2827,テトとホロドリ【解説・攻略】,,1410,2026-10-04,1.0,1.0,,残す,,https://www.youtube.com/channel/UCGoQnP-Lt7EVlrozX5zhfgg,称号ゲットに課金は不要！スコアを爆上げする編成の基本【ホロドリ スコアアップ講座①】
2828,ぱんちき🥖🦃,,1400,2026-08-28,0.38,1.0,アドベンチャー,残す,,https://www.youtube.com/channel/UCBZhRhyXQSgFy5UZSiJ9jhA,"【 GHOST of TSUSHIMA  】完全初見ではじめるねこまたサムライ。【 #ゲーム実況 】#新人VTuber,"
2829,神咲りん 【神りんちゃんねる】,,1400,2026-08-29,0.78,1.0,,残す,,https://www.youtube.com/channel/UCW4fFoEsHwV8yohfNfwiDWw,【星の翼】神まぐろメン限配信 カスタム戦 解説付き〖神咲りん〗Vol.9
2830,未選タク,,1400,2026-08-30,0.71,1.0,RPG,残す,,https://www.youtube.com/channel/UCpNuLVqLeeHhg3-T-NgGjew,【天地創造/SFC】地表へ！世界を蘇らせる旅が始まる【完全初見】#2【未選タク】
2831,ミオスバchホロライブ切り抜き,,1390,2026-08-27,0.0,0.0,,外す（切り抜き）,,https://www.youtube.com/channel/UCVNqIETISdtQdpwuwQowjoA,
2832,はいどch,,1390,2026-09-22,0.29,1.0,,残す,,https://www.youtube.com/channel/UCjZ-bCFV0SBdLSVhhZ7n5dA,【リク募】朝活なのか…？とりまがんばる！【太鼓DF】
2833,ぴんじゃー,,1390,2026-08-28,0.5,1.0,,残す,,https://www.youtube.com/channel/UCdHp0IIvvy1fKGGvEEQj0zA,【ストーリー鑑賞】センスを乱用した大黒がレッサーパンダに変えられる話😨【#ユメステ ／#音ゲー 】
2834,ゆぅぽたりあん,,1390,2026-08-29,0.61,1.0,ストラテジー,残す,,https://www.youtube.com/channel/UCzK8eDAEMFrkKeygqmsmi-w,【R.E.P.O./コラボ配信】ほぼ初めましての皆さんと、コスメボックス頑張って集めたい！✨ #Vtuber
2835,せたはる将棋,,1390,2026-09-23,0.0,1.0,,外す（ゲーム動画なし）,,https://www.youtube.com/channel/UCfOQQxFZD_E5UtNETfYnWvA,将棋LIVE　気づけばおっさん編
2836,スライム@全力VTuber,,1380,2026-08-31,0.94,1.0,,残す,,https://www.youtube.com/channel/UCtudhsKXfI304ENEN_O_NAg,【スト6】アルマス行っておじスパーに挑戦や！「頂」を目指すスト6アルマスC春麗part 239 #スト6
2837,でじのげんちゃんネル,,1380,2026-09-06,0.0,0.57,,外す（ゲーム動画なし）,,https://www.youtube.com/channel/UCR6PlYnv1eTifBpjPo2w4Jg,【LIVE】9/6 #7 WAR:S ＃ぼくうぉ【デジモンカードゲーム非公認CS / Digimon Card Game
2838,あず / 猫耳親善大使,,1380,2026-09-11,0.94,1.0,RPG,残す,,https://www.youtube.com/channel/UCTKBSnVfp68L0-EKg_7RO7g,【 #FF14 】ついに実装！新ジョブ『魔獣使い』レベル1からやっていきます！【 パッチ7.56 】
2839,むらちゃんねる,,1380,2026-09-15,0.0,1.0,,外す（ゲーム動画なし）,,https://www.youtube.com/channel/UCrYrrkXWfDHNhytHhNIvlpw,【ドラクエウォーク】無課金プレイヤーは 7周年記念 に即ジェムしてでもやるべきか語ります【ドラゴンクエストウォーク】
2840,NKM【秘密の部屋】,,1380,2026-09-27,0.12,1.0,,残す,,https://www.youtube.com/channel/UCpdDeyafAryPs8C5836myaQ,【チャンピオンズ】ペルシアン参加型配信＠来てくれた人ありがと！【ショート上げてます！】
2841,なんごくTCGタイム,,1380,2026-09-27,0.0,1.0,,外す（ゲーム動画なし）,,https://www.youtube.com/channel/UCOnyfLG90aZiIHe2mu_dw8A,【ガンダムカードゲーム対戦(GCG)】#38 青紫水中VS青緑ユニコーン
2842,アポル・スノウ,,1380,2026-09-28,0.94,1.0,シミュレーション,残す,,https://www.youtube.com/channel/UCdOXOznbFyWa3WFYzat3Itw,【VALORANT】おまけ付き！まともな試合がないアンレート総集編その2【ゆっくり実況】
2843,アイリスゲームセンター,,1380,2026-10-04,0.75,1.0,シューター,残す,,https://www.youtube.com/channel/UCqF8tHopVn6PcXXW_7sagvw,【ACE COMBAT 8】女子V初見実況！エースコンバット8をPS5でプレイ！初めての空に感動
2844,いぬくん!,,1370,2026-09-10,1.0,1.0,,残す,,https://www.youtube.com/channel/UCbTxwmv0lUpUV-_orHqmEuw,【毎週水21時】初心者をマイクラ沼におとす配信
2845,ミュー☆人工知能系Vtuber,,1370,2026-09-15,0.9,1.0,アドベンチャー,残す,,https://www.youtube.com/channel/UCvyVaTz3ByHWjAcBLthS6lg,【Forgotton Anne】フォーゴットン・アン　今週も難しいパズルを解くよ！ ＃２【人工知能系Vtuberミュー】
2846,レトロゲームの民A,,1360,2026-09-25,0.0,1.0,,外す（ゲーム動画なし）,,https://www.youtube.com/channel/UCO8k-N8q51UnL4YxsMamedQ,【ゆっくり実況】ロマンシングサガ３　【スーパーファミコン】【レトロゲーム】【RPG】
2847,タナチューの自由帳,,1350,2026-08-27,0.0,1.0,,外す（ゲーム動画なし）,,https://www.youtube.com/channel/UCYfGJetXf5IjQu9TITAa6Dg,【#3】ダイイングライト2 ステイヒューマンで遊びたい！
2848,by,,1350,2026-08-26,0.0,0.0,,要確認（長尺動画なし）,,https://www.youtube.com/channel/UCtZ8KxUxfBfm-JjLHbEDjxw,
2849,りりー,,1350,2026-09-07,0.95,1.0,RPG,残す,,https://www.youtube.com/channel/UCbgVMfOVmZC7uaGKO6or5JA,【スト6】Cキャミィ🐤ハイマス目指してランクマ！Part26⚡1329MR~【初見さん歓迎】
2850,弟月みやび /otoduki_Miyabi,,1350,2026-09-12,0.75,1.0,シューター,残す,,https://www.youtube.com/channel/UC1ogDPDU-hLmCL5yNqqHbjA,［ APEX ］ひさしぶりにあそぶ～　w/姉鬼ハイル、奏江くれは
2851,ribi,,1340,2026-08-27,0.0,1.0,,外す（ゲーム動画なし）,,https://www.youtube.com/channel/UCfhl7FntIfwApOcc1QHJNKw,【お絵かき配信】初めて人前で絵描きます
2852,アットホームな優良企業ナカムラサン【アトナカ】,,1340,2026-08-22,0.0,1.0,,外す（ゲーム動画なし）,,https://www.youtube.com/channel/UCBQ5SKUPsa8OUFc-pXKl3Ug,【GCG対戦動画】コンセプト潰し！！青白エピストフリVS赤緑ボブバーン【ガンダムカードゲーム】
2853,せみ丸くん,,1340,2026-08-21,1.0,1.0,,残す,,https://www.youtube.com/channel/UCplbZLGGkWfdyUOPZNisXWA,スマブラ参加型配信
2854,たかはしかに,,1330,2026-08-29,0.25,1.0,,残す,,https://www.youtube.com/channel/UCPdfs-yDdKIAAoG5ryyEVhQ,JSP3のマルチを一人でやる配信【日本事故物件監視協会3 -Japan Stigmatized Property-】
2855,すなのけ-sunanoke,,1330,2026-08-17,1.0,1.0,シミュレーション,残す,,https://www.youtube.com/channel/UCGO0sctg33eiGfENO1irQ-g,【ぽこあポケモン】初期地形を活かす街づくり②海風薫る南欧テラスとすいか畑の涼風コテージづくり🍉｜建築動画【pokopia
2856,朱雀ジュン - Suzaku Jun -,,1330,2026-08-27,0.59,1.0,,残す,,https://www.youtube.com/channel/UCPv8jIbD45PjD7ypVdy-T9g,【#スト6 / Cジェイミー🔰】ゴールドに行くために。まずは己の鍛錬を。 #朱雀ジュン #新人vtuber
2857,星海心春 沖縄Vtuber【ここはちゃんねる】現在スト6メイン,,1330,2026-09-06,0.0,0.0,,要確認（長尺動画なし）,,https://www.youtube.com/channel/UCAwu8oxjMHQzRFVt34RZG9g,
2858,奈良音花,,1330,2026-10-09,0.0,1.0,,外す（ゲーム動画なし）,,https://www.youtube.com/channel/UCFVhSb3Z0lfp0rXcILHN1Ww,【バニーガーデン完全初見】今夜は女が女を口説く番。声優が主人公を女性化して実況アテレコ【奈良音花】その５
2859,TEKKEN_kenpachi,,1320,2026-09-13,1.0,0.94,,残す,,https://www.youtube.com/channel/UCJYuGCWcW6kO8W589uPP4HQ,【鉄拳8】このキャラ技大杉……強い連携とか技とか教えてください。。。
2860,【ホロライブ切り抜きch】ぱぴぽん,,1320,2026-09-29,0.0,0.0,,外す（切り抜き）,,https://www.youtube.com/channel/UCTzSLhUhq-roeb0YvtwNRcA,
2861,ゆなっこ,,1310,2026-09-22,0.25,0.75,RPG,残す,,https://www.youtube.com/channel/UCwOjWOhoBOJDJr3u1eyhwEw,ゆなっこ杯お疲れ様でした！
2862,めんミ / MENMI,,1300,2026-09-05,0.13,1.0,,残す,,https://www.youtube.com/channel/UCBwvkELQsrq7u5Nhn7X6tPQ,〖 ライブ配信 〗めずらしい朝の配信🌤朝だけど元気いっぱい喋りしたい.ᐟ.ᐟ📣〖 #雑談 #朝活配信 〗
2863,Haru TV,,1300,2026-09-12,1.0,1.0,,残す,,https://www.youtube.com/channel/UC6Md37qB8uPKBr3pV4UGXvg,鉄拳8 勝ちに貪欲鉄拳【コメント歓迎】
2864,ラビットとリン,,1300,2026-09-19,0.2,1.0,格闘,残す,,https://www.youtube.com/channel/UCSvHw4QwAH7uG4tnNCvXsjw,【バウンティラッシュ 】「リーグします！」【ワンピースバウンティラッシュ】
2865,華雪まな(レトロゲームカラフルボックスCh.),,1300,2026-10-02,0.75,1.0,アドベンチャー,残す,,https://www.youtube.com/channel/UCACILbL071W9fKM5wgGE7YQ,【チャンネル登録者数1300人突破記念配信】【ファミコンのトウホウゲームを配信！】【第１３回目記念配信】【#記念配信】【
2866,かじりん,,1290,2026-08-26,0.0,1.0,,外す（ゲーム動画なし）,,https://www.youtube.com/channel/UC-jSzRBvLFqcb152gqkpXdA,【必見】速いタイムを出すにはコツがあります｜全国eスポーツ選手権　筑波×ロードスター解説
2867,ロッキー先生,,1290,2026-09-06,1.0,1.0,レース,残す,,https://www.youtube.com/channel/UCoz-ocp9YZX8uZdGv0N3UgA,完#２２【ドラゴンクエストVIII 空と海と大地と呪われし姫君】※ネタバレあります　！クリア目指してやるぞ！#レトロゲー
2868,おもち,,1290,2026-09-19,0.79,1.0,,残す,,https://www.youtube.com/channel/UCX0GTBhKi_kgS9NelLan6Rg,恋を発展させたい・・・！【トモダチコレクション　わくわく生活】
2869,ぬこ助,,1280,2026-08-26,0.38,1.0,インディー,残す,,https://www.youtube.com/channel/UC_qcqJ2JEaWxmw_CUUPMDxw,【祝1000人記念】新人Vがメイド喫茶のオムライス作ってみた！！【ぬこ助】#新人vtuber #料理 
2870,鬼畜王,,1280,2026-08-30,1.0,1.0,,残す,,https://www.youtube.com/channel/UCHLUZlwEOGg2lm_u7LdE-cg,【鉄拳8】煮えないための配信
2871,チャーハン君の【切り抜き】,,1270,2026-09-07,0.0,0.0,,外す（切り抜き）,,https://www.youtube.com/channel/UChP1ceNZH3PnFvr_3uRJW8w,
2872,ころもろGames,,1270,2026-08-29,0.33,1.0,,残す,,https://www.youtube.com/channel/UCU-sdCXoxUXzetOg8W0udnA,【無言配信】マイクラ統合版のhiveをやる
2873,かりんりん,,1270,2026-09-11,0.0,0.0,,要確認（長尺動画なし）,,https://www.youtube.com/channel/UCgJZSoC8GE-dPYTtblhaplQ,
2874,ちくびの脅威,,1260,2026-08-20,0.46,1.0,RPG,残す,,https://www.youtube.com/channel/UCYhsWI36zXwXB-kRCNth3Xw,【検証】元日本一の人のエイム練習がまじでいい。#valorant #ヴァロラント #tattoda #ゲーム配信
2875,teamCBK 【太鼓の達人】,,1260,2026-09-05,0.19,0.75,アドベンチャー,残す,,https://www.youtube.com/channel/UCWfOCVYfZrgtGbGsX01Ws3A,暇なのでおうち太鼓シバキます
2876,がんでぇんの太鼓ちゃんねる,,1260,2026-09-13,0.0,0.8,,外す（ゲーム動画なし）,,https://www.youtube.com/channel/UCYqMJFrgjVF6XOJBk2slw3w,【爆笑注意】段位道場2026 玄人〜達人 初日最速プレイVlog
2877,ジュゴン2nd,,1250,2026-09-03,1.0,1.0,シミュレーション,残す,,https://www.youtube.com/channel/UCIQVo24SXPFKYx7hAKmWNTA,【メンテ明け】eFootball 新スキル「スナップストライク」インパクトゲーの始まりですか？？一人獲得して試してみたい
2878,くらは,,1250,2026-09-23,0.95,1.0,,残す,,https://www.youtube.com/channel/UCUTqPSc-zk-5LJBtaE3UTQQ,【マイクラ実況】廃坑探索＆新バイオーム！まだらな森探し🌳ver.26.3｜石器時代サバイバル＃３
2879,青嶋すみ / Aoshima sumi,,1250,2026-09-30,0.1,1.0,パズル,残す,,https://www.youtube.com/channel/UCz64gD2wI33BQ8DlRHCH__Q,#gogh┊作業配信｜ポモドーロ作業していくよ～ #あおしまらいぶ
2880,黒ギャル将棋Vtuber💫御剣マリア,,1240,2026-08-28,0.0,1.0,,外す（ゲーム動画なし）,,https://www.youtube.com/channel/UCnkISnjqIAT6C1gt7HIx_SQ,全国の将棋指しと出会いたい(お昼配信）
2881,横入れシャッフル同盟,,1240,2026-09-26,0.21,1.0,シューター,残す,,https://www.youtube.com/channel/UC12V4gFpzlEtqGft8dTsJGA,【ST対戦】GD05環境：赤紫鉄華団バンシィvs赤緑学園【ガンダムカードゲーム対戦動画】【GCG】RP Tekkadan
2882,C-Daチャンネル,,1240,2026-09-10,1.0,1.0,シューター,残す,,https://www.youtube.com/channel/UCDH5alg-QxnrTlSMoeh14ow,【APEX/カスタム】ねこぷりenjoyカスタム‼️るりくん＆ゆきさん #初見歓迎  #カスタム ｜Apex Legen
2883,うりちゃんです / Urichandesu,,1240,2026-09-24,0.0,0.0,,要確認（長尺動画なし）,,https://www.youtube.com/channel/UCMfbCCMgoEKf4yAs1Rk_Y7g,
2884,ホロの倉庫【ホロライブ切り抜き】,,1230,2026-09-26,0.0,0.0,,外す（切り抜き）,,https://www.youtube.com/channel/UCw8y6vbUEyz-NhO81J9Y75Q,
2885,るわらんch.,,1230,2026-08-26,0.5,1.0,,残す,,https://www.youtube.com/channel/UChrmQpzSJqxX4B-H2HQ3h9w,【Milthm】可愛い女の子がいっぱい！？メインストーリー第2章を遊ぶ配信#2
2886,芦屋岳 / Ashiya Gaku,,1230,2026-08-28,0.0,1.0,,外す（ゲーム動画なし）,,https://www.youtube.com/channel/UCNvKVeQzuiAJz_-sWmGZg5w,【実況】ドラゴンクエスト6【SFC版】#167 芦屋流・縛りプレイ
2887,茜音こた【麻雀プロVtuber】,,1230,2026-10-03,1.0,1.0,,残す,,https://www.youtube.com/channel/UCHaLeaawAjsEU8tcZdnfzqA,【麻雀】リーグ戦終わりに！魂天目指してプロ2年生の段位戦！【雀魂】雀聖2-
2888,べいそんchannel,,1230,2026-09-07,0.67,1.0,,残す,,https://www.youtube.com/channel/UC1_fZzeFr-vEpGqOCydl0QA,【Valorant】シルバー以下カスタム！【べいそん/alldevice】
2889,ごりら,,1230,2026-08-30,0.29,1.0,,残す,,https://www.youtube.com/channel/UCZGQDlRfaotK4UyNEItO-aA,【SEKIRO】あえて楽する攻め力縛り 総集編【東北きりたん実況】
2890,うさぎん🐰レトロゲームを楽しく遊ぶch,,1230,2026-09-19,0.24,1.0,RPG,残す,,https://www.youtube.com/channel/UC-I0Bll5tBGLoyesYpBZpfg,【FF9初見プレイ】オープニング～氷の洞窟【#1】￤序盤攻略中￤女性実況￤女性VTuber￤ネタバレあり
2891,ちょきちょきめくぱーく,,1220,2026-10-07,0.0,0.0,,要確認（長尺動画なし）,,https://www.youtube.com/channel/UCxrEq23cBQSmEjsz16d9Tzg,
2892,狭間宵 灯ch,,1220,2026-08-27,0.8,1.0,,残す,,https://www.youtube.com/channel/UC1Pv-T4B7QLvQqHbN2kLeQw,#１５【#活俠傳 】【1週目初見プレイ】七月に始めたのに、まだ１週目終わってないVtuberが居るんだって？？？【 武侠
2893,モチュの部屋 1000人感謝,,1220,2026-08-29,0.0,0.0,,要確認（長尺動画なし）,,https://www.youtube.com/channel/UCkbLKrKGzcgrzPnvGVqV7Ug,
2894,シモン・ウォルフ,,1220,2026-08-31,0.0,1.0,,外す（ゲーム動画なし）,,https://www.youtube.com/channel/UCr6TNrkirTSC63cLXILfOAw,【FGOガチャ】しれっとしてる【シモン・ウォルフ】
2895,冥界ユキ,,1220,2026-09-03,0.18,1.0,,残す,,https://www.youtube.com/channel/UCklvDGuVWXRIl3ZnrEfOeYA,【＃NTE】ソシャゲ初心者、初めての天井....！？残虹ガチャひく.ᐟ.ᐟ【新人Vtuber/冥界ユキ】
2896,ぽんちょ,,1220,2026-09-06,1.0,1.0,RPG,残す,,https://www.youtube.com/channel/UCnteHDTfbEuUohoYMi1DFpQ,【ホロライブドリームス】　初見ホロドリでホロライブ入門！！！推しを見つける！！！！！
2897,K.C.P -Kansai Climax Party- 関西頂同好会,,1220,2026-09-11,0.0,1.0,,外す（ゲーム動画なし）,,https://www.youtube.com/channel/UC3sAu_8dRMsjGyyRLFstplQ,【ガンダムカードゲーム】対MFの最適解！？ 赤緑CBvs赤白MF【GCG】
2898,栗栖ここの／Kurisu Kokono,,1220,2026-09-12,0.25,1.0,パズル,残す,,https://www.youtube.com/channel/UCQl1EHwIxXBeDP9AotGvZJA,【 #謎解き  / コラボ 】TICK TOCK で協力プレイ！【 Vtuber ／ 栗栖ここの 】
2899,Alexさんです。,,1210,2026-08-28,1.0,1.0,,残す,,https://www.youtube.com/channel/UCWARYX-9O5t6Oeq5P6w_1kg,尊い犠牲です。　　　　【ゼルダの伝説ブレスオブザワイルド】＃3
2900,なみゅ,,1210,2026-09-06,0.3,1.0,格闘,残す,,https://www.youtube.com/channel/UCacweHce9BRTqUrvY-yDL3w,【SDVX】Electronic Sports ComplexをUCしたい！19最弱って本当？│˶˙ᵕ˙˶)꜆□▷
2901,あやたん3,,1210,2026-09-27,1.0,1.0,シューター,残す,,https://www.youtube.com/channel/UC-gMiTYddngxdoa4wdGNKlg,#7【ＦＦ６】初めてのＲＰＧ実況！ファイナルファンタジー６/仲間を全員集めたい！！
2902,y-r_t-r,,1200,2026-08-25,0.55,1.0,シューター,残す,,https://www.youtube.com/channel/UCigZIhcinQQjnO0-PVo4nEw,【みんなのGOLF WORLD】元全１経験者による攻略配信 Steam版 season2 UI変わってからは初です
2903,黒魔導士ちたチャン📜🦋Titania Walpurgis【ノラプロ】,,1200,2026-08-29,0.83,1.0,RPG,残す,,https://www.youtube.com/channel/UCfF7SQyB4XYaKvG8fjwVVwg,【実況】魔法少女ノ魔女裁判／まのさば【ネタバレ注意】#19
2904,ニューゲーム,,1200,2026-08-29,0.71,1.0,シミュレーション,残す,,https://www.youtube.com/channel/UCJoN_MKzSwg3caHlnGzxFhA,大流行中の雪山を彷徨う遭難者になるホラーゲーム『雪葬』が怖い
2905,カミネコメイツ,,1200,2026-09-03,0.0,1.0,,外す（ゲーム動画なし）,,https://www.youtube.com/channel/UC6ciN5s-zx7ygCJ3VS6bFBg,透明な夜に駆ける君と、目に見えない恋をした。9話皆で観る
2906,あまね星歌,,1200,2026-10-05,0.56,1.0,,残す,,https://www.youtube.com/channel/UCtbjHtifkqn1olT4Hse20Dg,【ヘブバン】ついにABコラボストーリー第一弾進めるぞ！ #ヘブバン #ゲーム実況 #完全初見
2907,とやこ【ゲーム実況の館】,,1200,2026-10-09,0.0,1.0,,外す（ゲーム動画なし）,,https://www.youtube.com/channel/UCxJMpJL7pvLlKvBoGkseKRQ,【糺糺縁糸】運命が決まる岐路に立つ【最終章】#24
2908,めぇえめぇ,,1190,2026-08-28,1.0,1.0,RPG,残す,,https://www.youtube.com/channel/UCrBQaWGEu6nA_AvqExCDdnw,あ～、、、こりゃ、あいつ今日も配信やすむぞ！？と思ったでしょ【#スト6 #ランクマ】
2909,れいまり,,1190,2026-08-23,0.0,1.0,,外す（ゲーム動画なし）,,https://www.youtube.com/channel/UCbp6GRtdWgLQ1Ji1ne8fiqg,あの動画の結果発表をします。
2910,おおかみガブ,,1190,2026-08-29,0.5,1.0,ストラテジー,残す,,https://www.youtube.com/channel/UCmBy6ysc05KouyDyfXr07sA,心が落ち着く和風お弁当作り――クッキングパズルゲーム『#インベントウ／#inbento』#2
2911,雲丹間 にう / unima niu,,1190,2026-09-06,0.32,1.0,アクション（横スクロール）,残す,,https://www.youtube.com/channel/UC9S4qIxlhTVw-9lBX-P2muw,"【Super Bunny Man】協力プレイ🎶うにたおの""絆""見せつけてやる🔥✨【コラボ配信】"
2912,らんぱーどちゃんねる,,1190,2026-09-06,0.85,1.0,,残す,,https://www.youtube.com/channel/UC2YRRrNAdbnJrRF3peSpLNQ,【スト6】　マノン　ランクマ配信
2913,童心爛漫,,1190,2026-09-22,0.0,1.0,,外す（ゲーム動画なし）,,https://www.youtube.com/channel/UCDnP9Z5WT8N6ywp-JIUaIJQ,【レビュー】2026年2月発売の新作マルチプレイ2選!!
2914,龍馬うたよる,,1180,2026-08-28,0.05,1.0,,残す,,https://www.youtube.com/channel/UCDOsob5flEByUxjABuTYWDA,【#棋桜】ガチャ引くぞ！　大当たりは公式マーク将棋配信！
2915,ミロ,,1180,2026-08-31,0.27,1.0,格闘,残す,,https://www.youtube.com/channel/UCchLqg2_hwVQoZkNhTDc8EQ,【妖怪ウォッチ2 真打】クリア後も遊んでく！懐かしすぎる神ゲーを思い出しながら自由に楽しく遊ぶ！#妖怪ウォッチ #妖怪ウ
2916,モチョザウルスモドキ,,1180,2026-09-21,0.12,1.0,,残す,,https://www.youtube.com/channel/UCZ03mLdzOsOyn5rSdHgm_Mg,【初見リクエストok】え！？もしかして！？車と正面衝突した人ですか！？！？
2917,ポジペプチド,,1180,2026-10-02,0.0,0.0,,要確認（長尺動画なし）,,https://www.youtube.com/channel/UC3sloZRO1KyhlU4noyg_MZg,
2918,エラch,,1170,2026-08-28,0.9,1.0,,残す,,https://www.youtube.com/channel/UCq1F5rKna2GghH03a9tNpkw,【カラオケ】　エラchの初(?)歌配信　 #歌枠
2919,しょ,,1170,2026-09-09,1.0,1.0,,残す,,https://www.youtube.com/channel/UC52JkDcw3_iiNeTZXToK_4g,【太鼓の達人ニジイロvar.】アンリミテッドゲームズ(裏)全良
2920,ドラへもんch,,1160,2026-08-27,0.31,1.0,シューター,残す,,https://www.youtube.com/channel/UCA0NuUKEfUz41oXX_vxhJdA,【リベンジマッチ】わんこ杯で負けたるるさんと50先をする
2921,Yuu Tube🌈🕑,,1160,2026-08-09,0.32,1.0,シミュレーション,残す,,https://www.youtube.com/channel/UCdnkYmf8XjhxrpO5mbBjjDQ,「事故物件監視協会３」をプレイ【鼓膜注意】
2922,あお,,1160,2026-08-28,0.45,1.0,アドベンチャー,残す,,https://www.youtube.com/channel/UCFqhc0Y6DASw1k8eDasb-0w,あおの暇つぶし配信
2923,saoriの癒し系ゲームチャンネル,,1150,2026-09-06,0.7,1.0,RPG,残す,,https://www.youtube.com/channel/UCx7as08JHghjdE5MqZn733g,【Dinkum】古い鍵１００本持ってリーフ島へ🌞【Switch実況】
2924,えるいおーに軍曹,,1150,2026-10-01,0.92,1.0,,残す,,https://www.youtube.com/channel/UC0wmhSvXRxSgZlybYMAQwIQ,＃１【ドラクエ10】完全初見！伝説のRPGを実況プレイ！【えるいおーに軍曹/新人Vtuber/ライブ配信】
2925,メガロのゲーム実況チャンネル【メガロGames】,,1150,2026-09-27,0.85,1.0,RTS,残す,,https://www.youtube.com/channel/UCqt8AdFZkXeJnaJBoHguoLg,【ピープル・オブ・ノート】音楽×ターン制RPG！仲間を集めてスターを目指す【初見実況／People of Note】
2926,シャロ,,1150,2026-09-26,1.0,1.0,,残す,,https://www.youtube.com/channel/UCbRBZapqueHmHjOT5kkwzzQ,【VALORANT】チャンピオンズ2026流石にかっこよすぎて即買い！！【ゆっくり実況】
2927,丑飼ナガレ,,1150,2026-10-02,0.86,1.0,RPG,残す,,https://www.youtube.com/channel/UCO4urU-Um9xIvuhMUpEzTSw,【床ペロしたら🐸60分カエル頭】やるか、 漆黒。がんばえ～！ヌズ氏～～！！ -15-🌱完全初見プレイ【 丑飼ナガレ /#
2928,Avaritia ,,1140,2026-08-25,0.0,1.0,,外す（ゲーム動画なし）,,https://www.youtube.com/channel/UC3j4FFHwG7Npey-fveMHO7w,世界３の新ステージ14をクリアしてみた【ロブロックス｜+1 Speed Keyboard Escape】
2929,マスターの日常！,,1140,2026-08-30,0.0,1.0,,外す（ゲーム動画なし）,,https://www.youtube.com/channel/UCg8GN6A6vr-kEMr972QJd6Q,[ゲーム配信]　バイオハザード　第２回　ジル編
2930,陽 雛野 / Hinata Hinano,,1140,2026-09-06,0.2,1.0,,残す,,https://www.youtube.com/channel/UCCYUmPQ3i_ieGw4ceKagvPg,【あんスタ!!】苦手な曲の練習回！スペライ曲の予習もする！！【Vtuber／陽雛野】
2931,おこめ炊きたて,,1140,2026-10-03,0.0,1.0,,外す（ゲーム動画なし）,,https://www.youtube.com/channel/UCPiUGZlcjfpJDFp3fXwRQNQ,金魚のフンだったヤンキーくん、まさかの結果に... 【狂い月】
2932,コバCみんゴル&どうぶつマフィアちゃんねる,,1130,2026-08-27,0.89,1.0,,残す,,https://www.youtube.com/channel/UCY_hqBC87IbVb0cc9SuslYg,【みんゴル】コバCの🐊が進化した！ドリームギアガチャの価値は上がったのか！？#みんゴル#ガチャ #クロコダイル #バイオ
2933,焼肉ちゃんちゃんねる。,,1130,2026-09-05,0.31,1.0,,残す,,https://www.youtube.com/channel/UC7pAAdyj5xAHcqwfQVD9IJg,【お絵描き】ウマ娘全員描きます４５【部位Tuber焼肉ちゃん】
2934,こがら,,1130,2026-09-14,0.89,1.0,RPG,残す,,https://www.youtube.com/channel/UC4n4FO8fiZmfpf8gJB72pbg,【Stardew Valley】今日もまったりスローライフ
2935,カイのゲーム部屋,,1120,2026-08-28,0.38,1.0,,残す,,https://www.youtube.com/channel/UC53QETRx9r3d0HJ8F7BDnxw,【スト6】　スト６！　リハビリ！　ケン
2936,KenKazu【スマブラ】,,1120,2026-09-29,0.0,0.0,,要確認（長尺動画なし）,,https://www.youtube.com/channel/UCskoMOctrUJu0T1S7GW2Jrw,
2937,くものち ふれすch.☁️🫧,,1120,2026-09-07,0.19,1.0,パズル,残す,,https://www.youtube.com/channel/UC0IqPfTx9JfR8tWYaQLC4MQ,☁すき間に進めるけものティータイム☁ #vtuber #ゲーム実況
2938,ReeceTPL,,1110,2026-09-10,0.75,0.0,アドベンチャー,外す（日本語の配信ではない）,,https://www.youtube.com/channel/UCd9y7Fc1PvWInJHRJPtcIHQ,I Played OG RE2... Mr. X Is Relentless (Leon B)
2939,見留ふぃーゆ / Mitodome Fiyu,,1110,2026-09-02,0.12,1.0,シミュレーション,残す,,https://www.youtube.com/channel/UC7KGdlkchzk_qtOb-dMMONQ,【朝歌枠】初見さん大歓迎！朝から癒しのお歌♪【見留ふぃーゆ/#vsinger 】
2940,Vtuberグループ D--rr vision,,1110,2026-09-04,0.6,1.0,アドベンチャー,残す,,https://www.youtube.com/channel/UC2JLQDs6bXHevsycG7aaSxg,【NG】初見実況プレイ７回目 - この先、キケン【ネタバレ注意】新たな怪異へ！
2941,もっちーのモンスト,,1110,2026-09-22,1.0,1.0,,残す,,https://www.youtube.com/channel/UCjhamcOj0VtCJBOHBKZdOQQ,【🔴モンストLIVE】Ch登録者様1000人突破!! 本当にありがとう。モンストの日だしみんなで運極作ろうよ配信【視聴者
2942,リアクラ -律っちゃんのクラフト日記-,,1110,2026-09-18,1.0,1.0,,残す,,https://www.youtube.com/channel/UClGJXxXmKScFg9ceNcDF9rg,【マイクラ実況】『華麗』なウィザー討伐！(いつも通りポンコツでした)【リアクラpart17】
2943,Aiword / アイワード,,1100,2026-08-28,0.5,1.0,シューター,残す,,https://www.youtube.com/channel/UCktdX5uEc24StYnKYRry72w,【ストグラFV_CASUAL ストグラFVC】　Day65　遂に拠点を買うぞ！！
2944,りあ,,1100,2026-09-11,1.0,1.0,,残す,,https://www.youtube.com/channel/UCe7fkcKMGPFdKVqz8TWRc6Q,ガブZとドヒドの相性が最高過ぎた...【ポケモンチャンピオンズ　ゆっくり実況】
2945,氷狼あやと-AyatoChannel-,,1100,2026-10-07,1.0,1.0,RPG,残す,,https://www.youtube.com/channel/UC9Hr06iOmI_T2Pjx8G6sc4Q,【スタレゾ#293】NMレイド練習とMS上げ！｜Blue Protocol: Star Resonance
2946,儚視まちこVTuber Hakanashi Matiko,,1090,2026-08-30,0.74,1.0,シューター,残す,,https://www.youtube.com/channel/UCEwSaoB_Rsoi70klMwk3bJw,【#apex】スクリムなう【#初見さん大歓迎】#新人vtuber #ゲーム実況 #vtuber
2947,ローレン最高の瞬間【ローレン切り抜き】,,1090,2026-10-08,0.0,0.0,,外す（切り抜き）,,https://www.youtube.com/channel/UC0MfbgYImLzXXnbSDsIhA8g,
2948,だろくま探偵事務所,,1090,2026-09-12,0.0,0.0,,要確認（長尺動画なし）,,https://www.youtube.com/channel/UCB6zv21sMnfDVsBSgFMVBFg,
2949,ブラン・アヌール【ホラゲ実況】,,1080,2026-09-19,0.4,1.0,シミュレーション,残す,,https://www.youtube.com/channel/UCoYOgdVNEy1P5sWmcvcnymg,深夜の店内に絶対に接客してはいけない客が来た…【Night Portable】デモ版
2950,赤狐　朱里,,1080,2026-09-19,0.35,1.0,シューター,残す,,https://www.youtube.com/channel/UC2sqjCzPsuwcQxu9uCuQqww,【#勝利の女神NIKKE】ガチャ配信　新しいNIKKEの女の子をお出迎えしに行って来ます！【#ガチャ動画 /赤狐朱里/V
2951,たむりん,,1080,2026-09-27,0.67,1.0,アドベンチャー,残す,,https://www.youtube.com/channel/UCP-JX6IHqWPkYoqGJNaiN1g,【顔出し】ご褒美スカイリム、チャンネル登録1000人ありがとう。 #skyrim
2952,うんちひらいぎんじ,,1070,2026-08-28,0.0,1.0,,外す（ゲーム動画なし）,,https://www.youtube.com/channel/UCrqozonKN_uGy8ittKCMTtg,きりふだ、強キャラ縛りでクリアできるか？【半熟英雄/SFC】
2953,アルカ・イーネウス,,1070,2026-09-20,0.55,1.0,アドベンチャー,残す,,https://www.youtube.com/channel/UC6taOcRWmu8J0F7ZlqX3--Q,【久我山栞の死様手帖 #1】アルカイーネウスのこのザマ手帳【初見実況】
2954,たいじポラリス【切り抜き】,,1070,2026-09-24,0.0,0.0,,外す（切り抜き）,,https://www.youtube.com/channel/UCnVhvA8dETUYJl8oBjn81sA,
2955,会釈するアオト,,1070,2026-10-04,0.0,1.0,,外す（ゲーム動画なし）,,https://www.youtube.com/channel/UC9taL8drpizBj9G7eph8kHA,【ロイヤルバトル】はばきりはラスタリオか　≪≫　　#オセロニア　#ロイヤルバトル 　#ダメチャレ　#カップ戦　#シーズン
2956,古竜むん,,1060,2026-08-27,0.55,1.0,シミュレーション,残す,,https://www.youtube.com/channel/UCDkOH4Rc5k_d9i22zZ7j6jA,【マイクラ】別荘建設計画始動中…！！！
2957,どいなりさんくらぶ,,1060,2026-08-30,0.75,1.0,RPG,残す,,https://www.youtube.com/channel/UCEzxPa58PiPMhv8xIhAWmSg,【ウイポ2021】エミリー世代は翌年も走れるのか
2958,あやめっち,,1060,2026-10-05,1.0,1.0,ストラテジー,残す,,https://www.youtube.com/channel/UC8pWCs8H32vJEBzLWmVDyHQ,【鬼武者Way of the Sword】初見プレイ #5【顔出し配信】
2959,ぴっこ,,1050,2026-08-24,1.0,1.0,,残す,,https://www.youtube.com/channel/UCAt3LimZeps3lfW63DXRhhg,3000↑てとぼ　もう八月終わりそうってマジすか【ぷよぷよテトリス2】
2960,グラウンド ヘアカット　ground hair cut,,1050,2026-08-28,0.0,1.0,,外す（ゲーム動画なし）,,https://www.youtube.com/channel/UCnkHGl3ea-BKf2AAvrdDw2A,政治権力批判デモを楽しくするギターのお稽古に付き合ってください#９ guitar 弾き語り
2961,八樹めいら / Yatuki Meira,,1050,2026-08-27,0.88,1.0,,残す,,https://www.youtube.com/channel/UCXxtNPi1mwUMOT5vJVz5vTQ,【マイクラ】スキル＆銃PVP『XCAPE-ISTONE』スキル解説～総集編～　#minecraft  #マイクラ #総集
2962,LoLの学び場,,1050,2026-09-19,1.0,1.0,RPG,残す,,https://www.youtube.com/channel/UCrv-E9EbpAw28o_bAoYx3eA,【必須級テクニック】 KRで2位を経験したダリウスOTPのレンジ相手の距離の詰め方!!　【OTP解説】【LoL】
2963,アライグマ / ARAIGUMA  ,,1050,2026-08-29,0.9,1.0,,残す,,https://www.youtube.com/channel/UCnqUnUvo5LG9jJvwGFTZN2A,【マイクラ】ダイヤを求めて洞窟探索！果たして見つかるのか！？【ゆっくり実況】
2964,あわり_Endfieldプレイ中,,1050,2026-09-02,0.0,0.0,,要確認（長尺動画なし）,,https://www.youtube.com/channel/UCrriO9TM55-HWzb8cuMB8ww,
2965,しゃいん,,1040,2026-08-16,0.0,1.0,,外す（ゲーム動画なし）,,https://www.youtube.com/channel/UCXCKN8VmFB6YTG8IYyXPIMg,【ぽこあポケモン】ブクブクうみぞこの街づくり 神殿に流行りの出窓を建築してプチ改修
2966,コマツスタジオ ゲーム紹介 チャンネル,,1040,2026-09-22,0.55,1.0,アドベンチャー,残す,,https://www.youtube.com/channel/UCpI6WiqmKbvoyjXLzLR5anw,【Switch2】【GRID™ Legends: Deluxe Edition】「ノープレッシャー」【ゲーム実況】
2967,櫟こおり-1nokiKōri-,,1040,2026-10-03,0.0,0.0,,要確認（長尺動画なし）,,https://www.youtube.com/channel/UCKK1-N01YU8bBsgWqosX9Eg,
2968,イレシア Tiresias,,1040,2026-10-08,0.2,1.0,シミュレーション,残す,,https://www.youtube.com/channel/UC2nPD1cV3UyftMs_PWO0b1A,【雑談/ゲーム】まったり朝活の雑配信【個人勢VTuber】
2969,はちななch,,1030,2026-08-27,0.2,1.0,RPG,残す,,https://www.youtube.com/channel/UCYkLu5rtfC-ZL-XiAVKZl6Q,【ぽこあポケモン】さすがに建築します。#24【猫転はちなな】
2970,たいちくんop,,1030,2026-08-28,0.78,1.0,,残す,,https://www.youtube.com/channel/UCMRiOGT_sr8L2wb7EGToKnQ,オルゴデミーラのせいで世界滅亡一歩手前じゃん
2971,げそ (geso1-1),,1030,2026-08-28,0.79,1.0,,残す,,https://www.youtube.com/channel/UC8yXzlK84I8avjVYpJEzUcQ,【マイクラ 建築夏休み企画】～18日目～　始まりの町モンドの再現建築【マインクラフト】
2972,ひざ,,1030,2026-08-28,1.0,1.0,,残す,,https://www.youtube.com/channel/UCvZmKTR9ceBMLGdTcGnrVaQ,鉄拳8  Jack-8 最高段位【破壊神肆】 No.561 #鉄拳8 #ライブ配信
2973,スキダチ・コアゲーミング,,1030,2026-09-03,0.79,1.0,アドベンチャー,残す,,https://www.youtube.com/channel/UCDbnPkr4B8c8JuEqK52f1jw,【ソウルライク】ラスボスの猛攻、パリィで全部返してやる【DINOBLADE】【Part6完】
2974,Sky.556,,1030,2026-09-11,1.0,1.0,ストラテジー,残す,,https://www.youtube.com/channel/UC10a9859T-YayadOvnLwD6A,【にゃんこ大戦争】女王の研究報告5 全4ステージ攻略！【悪魔研究5序論～悪魔研究5考察】
2975,ゆっクラチャンネル【5000人目標】,,1030,2026-09-21,0.71,1.0,RTS,残す,,https://www.youtube.com/channel/UC0YL2kYqY4-CFqlOUPx2BAQ,【マイクラ】洞窟探索でダイヤ大量発見！？part4【ゆっくり実況】
2976,ちぬる☻︎,,1030,2026-09-19,1.0,1.0,シューター,残す,,https://www.youtube.com/channel/UCxVwWWzZ-kVUJKsbpOrOUsQ,【#NTE】#81 初見さん大歓迎💖やること沢山🔥何から進めようか？コメント雑談いっぱい待ってます🌷 #NTE #Nev
2977,夜桜アイルのゲームチャンネル,,1030,2026-09-23,0.35,1.0,シミュレーション,残す,,https://www.youtube.com/channel/UC4-tm-wUjpquGyb8GO2yH7g,【縛りプレイ】カード収集禁止！思い出のポケモンカードGBを実況プレイ【雑談・初見大歓迎】
2978,むきゃ,,1030,2026-09-23,1.0,1.0,ストラテジー,残す,,https://www.youtube.com/channel/UCJhGb-51-Ss-gMZhkcrVKdQ,むきゃ@にゃんこ大戦争 のライブ配信
2979,mogすけちゃんネル,,1020,2026-08-28,1.0,1.0,シミュレーション,残す,,https://www.youtube.com/channel/UCwIacsQ5JdOlALJy3XpSYWg,【#参加型】少しだけでも遊ばせて🎮【#初見さん大歓迎】【fortnite/フォートナイト】【ゼロビルド】#フォートナイト
2980,Hatogame,,1020,2026-08-24,1.0,1.0,シューター,残す,,https://www.youtube.com/channel/UCNc-TDN5qf7DxK0mKnWqbzQ,【マイクラダンジョンズⅡ】アーティファクトについて調べてみた。
2981,チキチキ,,1020,2026-09-24,0.0,1.0,,外す（ゲーム動画なし）,,https://www.youtube.com/channel/UCiv5V9kZLQxFyU66D2aI2fA,凶地開闢「筵山麓」#6【ファンパレ】HARD 無課金攻略実況【呪術廻戦ファントムパレード】
2982,牙神 大牙.kibagamitaiga,,1020,2026-08-28,0.74,1.0,,残す,,https://www.youtube.com/channel/UCUqB6QPe275RO9ygVCN-D6w,【燃えろ！ジャスティス学園】牙神大牙の令和に挑戦！名作レトロ格ゲー ジャス学やるよ【初見さん大歓迎】 #ジャスティス学園
2983,A-YU BgM あーゆ,,1020,2026-08-29,1.0,1.0,アドベンチャー,残す,,https://www.youtube.com/channel/UC_UQwmLudm4bmjbspoXhGRw,【24時間回す 後編】この世界の真実に…震えろ｜Clair Obscur: Expedition 33（クレール・オブス
2984,権五郎丸 ちゃんねる,,1020,2026-08-29,0.92,1.0,,残す,,https://www.youtube.com/channel/UCdmKKbexLczffD9kobRdL0g,【モンスト】参加型配信！神獣周回中！よかったら参加のほどよろしくお願いします！
2985,リオキノ【戦闘狂🐺】,,1020,2026-09-19,0.0,0.0,,要確認（長尺動画なし）,,https://www.youtube.com/channel/UCA18-Z0sQ-gc57wbgkN99GA,
2986,座椅子がボロくて腰が痛い,,1010,2026-09-08,0.0,0.0,,要確認（長尺動画なし）,,https://www.youtube.com/channel/UCIVjZyQndHsegS0Myw_6MMA,
2987,しどぉ,,1010,2026-09-27,1.0,1.0,,残す,,https://www.youtube.com/channel/UCKyOR_HzSE6mDPketXQTIRA,（顔出し）twitch同時配信！ガチ芋3目指す配信【VALORANT/ヴァロラント】
2988,Yukime ch.弐識　雪雨,,1010,2026-08-30,0.94,1.0,ストラテジー,残す,,https://www.youtube.com/channel/UC5GoIHhgBua6C5g3OZ0kfLQ,【#PSO2NGS 】朝活★ニチアサ☆納涼祭 ～NGS夏フェス2026～【#Vtuber /#Yukiキャス 】
2989,あいぼん!,,1010,2026-08-28,1.0,1.0,ストラテジー,残す,,https://www.youtube.com/channel/UCjY0_mTH0vZk6jpLZfJ7bBg,【DBD】新キラージャッジメントやキラーメイン！サバやっていくよー🙌【デッドバイデイライト】
2990,NOMIHIGE,,1000,2026-09-12,0.74,1.0,アドベンチャー,残す,,https://www.youtube.com/channel/UCu05uhawEcw91MYrSHBgJnA,【SEKIRO #8】14時間のお蝶戦を越えて…次なる地獄へ！葦名城を目指す【初見プレイ】
2991,1218いせぽ,,998,2026-08-22,1.0,1.0,,外す（登録者が少ない）,,https://www.youtube.com/channel/UCHFEVdhYVx5qvlQA-iKp0ag,鉄拳8 ポール 393 コメント質問歓迎
2992,ちんちくりん,,993,2026-09-24,1.0,1.0,シミュレーション,外す（登録者が少ない）,,https://www.youtube.com/channel/UCi9R9x2fow06mQ2qy-AIMzw,3【Graveyard Keeper 2】初見実況プレイ💀墓守スローライフ
2993,ミドゴリ園長,,992,2026-08-29,1.0,1.0,シューター,外す（登録者が少ない）,,https://www.youtube.com/channel/UCNfz7c3s7f17a9xmecYjKTQ,【APEX LIVE】上手くなくても楽しけりゃOK🤣 今日も戦場へ行ってきます！
2994,竜弥@ゲームch,,991,2026-09-30,1.0,1.0,RPG,外す（登録者が少ない）,,https://www.youtube.com/channel/UCOx5Fq2ONQOrLYwZCoX5-Cg,【ゆっくり実況】新パルばかりで楽しい天陽郷探索編  Part29【パルワールドv1.0】
2995,ONO将棋　登録者1000人目標,,989,2026-09-01,0.0,0.91,,外す（登録者が少ない）,,https://www.youtube.com/channel/UCRlcUtbJ6-EyjIMxuFPNXnw,将棋ウォーズ配信者新星戦に向け素猫さんと特訓！！！【#将棋 】#将棋ウォーズ
2996,ぷらとーのゲームch,,988,2026-09-20,1.0,1.0,,外す（登録者が少ない）,,https://www.youtube.com/channel/UClTSgBY5owFJpmOnE0d8l0A,【ペナント】野手特殊能力をS～Eで格付けしてみた #パワプロ #パワプロ2026 #ペナント
2997,オレオレオレオ,,988,2026-08-29,0.19,1.0,パズル,外す（登録者が少ない）,,https://www.youtube.com/channel/UCVNMtEIs1xeqehYqROsZLOQ,宇宙人撮影アドベンチャー『UFO -A day in the life-』実況プレイpart7
2998,多趣味の小部屋,,987,2026-10-06,1.0,1.0,シューター,外す（登録者が少ない）,,https://www.youtube.com/channel/UCY6B5oDUZYAKKqMK7Ik1b3Q,【MGS PW #4】伝説の傭兵、再び。PEACE WALKER始動！【Nintendo Switch 2】
2999,ユマ ゲームch,,984,2026-08-30,0.5,1.0,RPG,外す（登録者が少ない）,,https://www.youtube.com/channel/UCb1fF79IxqwdCaNigt7r2MQ,[テイルズオブベルセリア リマスター] 通常プレイ#45 (本編クリア後②)　天の階梯を攻略する… 第六の間まで攻略完了
3000,かくし,,984,2026-09-01,0.92,1.0,,外す（登録者が少ない）,,https://www.youtube.com/channel/UCjCC5twR6A4Pb3RkT4AFGfw,hive参加型配信‼みんなで楽しく雑談しながらhiveやりましょう！#マイクラ #マインクラフト #minecraft 
3001,みやびぃ【バーチャルゲーム実況者】,,983,2026-08-28,0.47,1.0,アドベンチャー,外す（登録者が少ない）,,https://www.youtube.com/channel/UCLWlKK0Sf0iyYLkfFe7wPxA,【新クトゥルフ神話TRPG】心蝕のパラノイア 第一話  #黒鮫ダディダディ
3002,運天りらん,,983,2026-10-04,0.42,1.0,,外す（登録者が少ない）,,https://www.youtube.com/channel/UCysqsIrnR5Ur71TZITM1cgA,【ソウルハッカーズ2】りらんの #ゲーム実況　#12【 #vtuber 】
3003,ゲーム雑学博士,,979,2026-10-04,0.0,1.0,,外す（登録者が少ない）,,https://www.youtube.com/channel/UCly_lqh9Tuec4wtHF1tppQg,【広告なし/作業用BGM】2026年9月TikTok 流行曲メドレー！
3004,くんたま,,977,2026-08-28,1.0,0.9,,外す（登録者が少ない）,,https://www.youtube.com/channel/UCcTo8RS-SEV09v-xzr1eM2w,【鉄拳8 S3】息抜き２P練習【みんないつもありがとう！】
3005,芋チャ,,977,2026-09-24,1.0,1.0,シューター,外す（登録者が少ない）,,https://www.youtube.com/channel/UCYCpGZ7pVxiDlQ5jlSIt_pg,【APEX】ブロンズ駆け上がり日記
3006,桐綱ひより / Kiritsuna Hiyori ,,974,2026-09-19,0.79,1.0,シミュレーション,外す（登録者が少ない）,,https://www.youtube.com/channel/UCE1RPutBaf0lZcvo-Flhp1Q,【#パラノマサイト 】今日も勘で猪突猛進　※ネタバレあり【#個人勢vtuber  #新人vtuber  】
3007,しし,,972,2026-09-22,1.0,1.0,,外す（登録者が少ない）,,https://www.youtube.com/channel/UC-x99zNwq6kGDnaZOQmmNcQ,【モンハンワイルズ44分配信】#22 護竜周回！初見さん歓迎参加型！みんなで楽しくグダグダ配信【モンスターハンターワイル
3008,菜々瀬りん / Nanase Rin,,969,2026-09-16,0.4,1.0,,外す（登録者が少ない）,,https://www.youtube.com/channel/UCmwIRKa_9qjkZGvkh7ImRZg,始まりの空島┊時の神殿の扉解放を目指して！┊完全初見で【ゼルダの伝説 ティアーズ オブ ザ キングダム】に挑む！#02
3009,BAN【イーフト解説ニキ】,,968,2026-09-23,0.0,0.0,,外す（登録者が少ない）,,https://www.youtube.com/channel/UCo6rAjvQ7hNM_3O4Anz8Www,
3010,シドのFF研究所【考察･解説】,,965,2026-10-07,1.0,1.0,RPG,外す（登録者が少ない）,,https://www.youtube.com/channel/UCEhaQrG7221eCjYQUv1tu9g,【FF7】リベレーションで楽しみすぎる要素7選
3011,あいねこ🐾,,965,2026-10-09,0.0,1.0,,外す（登録者が少ない）,,https://www.youtube.com/channel/UCLvds7xemLT15eSYLy7OgZw,【レーマス】シーズン開幕最速プレイ配信！
3012,冬乃たくみ,,964,2026-09-27,0.94,1.0,アドベンチャー,外す（登録者が少ない）,,https://www.youtube.com/channel/UCZcd8QjRB_YpVBZ1RcflG4w,【Lies of P】最高難易度のアルレッキーノを倒せ！難易度5（Difficulty 5）ライズオブPのボス再戦モード
3013,瀬名いずみ / Sena Izumi,,962,2026-09-02,1.0,1.0,RPG,外す（登録者が少ない）,,https://www.youtube.com/channel/UCEemjb27F2uxUvltfFJ9edQ,【Pokémon LEGENDS Z-A】色違い厳選！9日のチャンピオンズに向けて厳選するぞ！【Vtuber】
3014,ぜんな【大人がニコニコできるシミュレーションゲーム実況チャンネル】,,957,2026-08-26,0.88,1.0,シミュレーション,外す（登録者が少ない）,,https://www.youtube.com/channel/UCHmDVx5YqSUCAXfKUitCHuA,【雲暮らしの民】新作2D町づくりゲームで癒されよう【Cloud Dwellers】実況
3015,三色団子,,955,2026-09-02,0.0,0.0,,外す（登録者が少ない）,,https://www.youtube.com/channel/UCTWJViH2UQ-T5fG3wKc3zNQ,
3016,おまえのともだち,,955,2026-09-21,0.5,0.88,シミュレーション,外す（登録者が少ない）,,https://www.youtube.com/channel/UCK-zkSNUYoXQljz4tM5cOWg,【THIEF SIMULATOR】ステイサムみたいな泥棒と伝説の24分間
3017,はこやし,,953,2026-09-25,0.25,1.0,,外す（登録者が少ない）,,https://www.youtube.com/channel/UCA3LTBsJ3jeWS0HcDOXZpRw,【UNDERTALE】サンズ戦クリアするまでやる
3018,雪明みてん@道産子Vtuber,,950,2026-08-27,0.22,1.0,RPG,外す（登録者が少ない）,,https://www.youtube.com/channel/UCPMbyTlim27DvJtsa3kJHTQ,《ライブイベント告知》2026.9.25 PROJECT ALVIZIA　Blooming Parade【 #雪明みてん
3019,あばちゃんねる,,950,2026-10-02,1.0,1.0,シューター,外す（登録者が少ない）,,https://www.youtube.com/channel/UCZ0m01Vu0wnTSKWHDsdPqqA,☆フォートナイトLIVE 2026.10.2 「努力・感謝・笑顔」
3020,ろらんch.,,948,2026-09-23,0.94,1.0,RPG,外す（登録者が少ない）,,https://www.youtube.com/channel/UCfZoZ4V-fnPUG-UzSCNIJfg,【スト6】【参加型】「54歳おじさんが頑張る！！初見歓迎 ランク不問 VCあり 対戦よろしくお願いします！！」
3021,ゆっくりkitune,,945,2026-10-04,0.95,1.0,シミュレーション,外す（登録者が少ない）,,https://www.youtube.com/channel/UCLJ841TV3l2nZ6CtSzpoIMQ,ついに発売！1900年から始める交通革命【Transport Fever 3】#01
3022,みりのポンコツゲーム実況,,944,2026-09-03,0.65,1.0,RPG,外す（登録者が少ない）,,https://www.youtube.com/channel/UClV_a85b5gJlPZV66UR7rmQ,#75【FFT】ポンコツ女が FINAL FANTASY TACTICS を初見プレイ
3023,あきちゃんねる,,944,2026-09-14,1.0,1.0,アドベンチャー,外す（登録者が少ない）,,https://www.youtube.com/channel/UCBbCSwYTamLlp5U9nvLG4lQ,＃15【クイルに忍び寄る巨大なメカの影】ゲーム実況「モス: 忘れられた秘宝（Moss: The Forgotten Re
3024,ひかりの満開Ch 咲良光桜〜Sakura Hikari〜【ノラプロ】,,943,2026-08-27,0.71,1.0,アドベンチャー,外す（登録者が少ない）,,https://www.youtube.com/channel/UC6f8dVYUMZa2yxbJf-tPVBw,【Poppy Playtime3#２】アクションと謎解きと・・恐怖を乗り越えろ！！【初見プレイ/ネタバレあり】
3025,ホロのおもひで【ホロライブ切り抜き】,,938,2026-10-09,0.0,0.0,,外す（切り抜き）,,https://www.youtube.com/channel/UCsNcaXBGARpPNRlx7hnVI-w,
3026,がちぽこゲームズ　Gagipoko Games,,938,2026-09-27,0.0,1.0,,外す（登録者が少ない）,,https://www.youtube.com/channel/UC5-nl9_Hv4V05B6zlxjQxGg,【イーフト】デルピ…来るのか⁉＃イーフト
3027,まかりあやね / Makari Ayane,,936,2026-10-06,0.8,1.0,シミュレーション,外す（登録者が少ない）,,https://www.youtube.com/channel/UCdsfUXQNekPjGhxEEpEQlzA,【新モデルお披露目 / 高評価👍】ついにお披露目✨初めまして！まかりあやねです🏠🌱【新人Vtuber】
3028,k1nokyo /きのきょ,,933,2026-09-24,0.0,0.0,,外す（登録者が少ない）,,https://www.youtube.com/channel/UCSY65O6wJDKDQIngjj0xdwQ,
3029,ナスタさんのお部屋,,933,2026-09-06,1.0,1.0,シューター,外す（登録者が少ない）,,https://www.youtube.com/channel/UCnFOMQG9DiX9_dP8fE5x5EA,【雑談配信】ゼンゼロを話しながらやる
3030,雨泉瑞羽-あまみずう-YT,,932,2026-09-12,0.53,1.0,シューター,外す（登録者が少ない）,,https://www.youtube.com/channel/UC9rDJSU2XStjBLTJrEt7dDQ,#359　dbd配信　朝活にーはち　横型配信
3031,緋綺月ルキ / 異変探しに熱心な新人Vtuber,,930,2026-09-28,0.39,1.0,アドベンチャー,外す（登録者が少ない）,,https://www.youtube.com/channel/UCdreKtEmrzMSt8FyKoUIbZA,新作異変探し！異変を数えて正しい階へ！【寄生エレベーター】
3032,あまだら,,930,2026-09-29,0.0,1.0,,外す（登録者が少ない）,,https://www.youtube.com/channel/UCW9V5UfwfR6iMF0lgnePMlQ,ペンタ祭りで困惑するちーたま【龍巻ちせ】
3033,古龍きょーりゅー🦖,,927,2026-09-20,0.67,1.0,シミュレーション,外す（登録者が少ない）,,https://www.youtube.com/channel/UCRFLxJT-h8YfnsNVwVsjMfA,梅田湖までツーリングしてきた！ #生配信 アーカイブ #バイク
3034,桃宮めあ,,926,2026-09-19,0.5,1.0,シミュレーション,外す（登録者が少ない）,,https://www.youtube.com/channel/UCJKQIYH3zwl5H0Wk2ERxlgA,【勝利の女神：ニケ】NIKKE初心者女によるバニーイベ【配信大丈夫かな】
3035,蒼居のゲーム部屋,,926,2026-09-04,1.0,1.0,アドベンチャー,外す（登録者が少ない）,,https://www.youtube.com/channel/UCD3eLHBey6nmOUg3THw_mYQ,7☆【参加型】４代目になっちゃった蒼居の【Don't Starve Together】ドントスターブトゥギャザー
3036,義理ブラザーズ,,923,2026-10-09,1.0,1.0,ストラテジー,外す（登録者が少ない）,,https://www.youtube.com/channel/UC2ufeJxM8BqK31QNzlxyHAg,【にゃんこ大戦争】#126　ギャラクシーピクシーズやってみたら…　初めてにゃんこ大戦争やってみる。　無課金攻略
3037,しゅあんちゃん(弁天 柊宇),,923,2026-09-21,0.8,1.0,シューター,外す（登録者が少ない）,,https://www.youtube.com/channel/UCX6KRixenxgUpx0Z6K6dXoQ,[モンスターハンターワイルズ参加型】ただただ楽しむ🦋#配信ルールあるよ #ゲーム#ライブ#mhws #ゲーム実況 #vt
3038,まっさー,,921,2026-09-21,0.0,0.0,,外す（登録者が少ない）,,https://www.youtube.com/channel/UCK9kaE13CqYeD63zI0eZQpg,
3039,Syuno Ch🐏🧶夜守愛しゅの,,920,2026-08-29,0.58,1.0,アドベンチャー,外す（登録者が少ない）,,https://www.youtube.com/channel/UCeCsPUy_x27rwfOkypPvPDA,【 7 Days to Die / 視聴者参加型 】V3.0になってもぬる設定でゆるく遊ぶぞ！！！33日目から！！！！！
3040,ハイネのGCGちゃんねる,,919,2026-09-04,0.0,0.9,,外す（登録者が少ない）,,https://www.youtube.com/channel/UCcAIZwCI9F98y18ZJqUK54w,ヴ　ァ　ル　チ　ャ　ー　の　夜　明　け　ぜ　よ
3041,塩木数奇(しおぎすき) - 丁寧に解説する将棋実況,,918,2026-09-07,0.0,1.0,,外す（登録者が少ない）,,https://www.youtube.com/channel/UCMvd3b3EyFX0_0I0eHVQJOQ,【配信者新星戦】定跡派居飛車党の五段です！見に来てね！【将棋ウォーズ】
3042,えびのしっぽ_ch,,916,2026-09-09,0.3,1.0,シューター,外す（登録者が少ない）,,https://www.youtube.com/channel/UCDbMh2-KprWQAtAJlvzVbbQ,まだ猫は逃げますか?ホラーゲーム初見プレイするよ✨ #ライブ配信  #女実況  #ゲーマー女子 #PCゲーム #まだ猫は
3043,新年,,914,2026-09-24,0.0,0.0,,外す（登録者が少ない）,,https://www.youtube.com/channel/UCODLnW2LqsN1Jv1Sihc9mFg,
3044,颯夏 『りっか』と申します,,911,2026-09-01,0.17,1.0,,外す（登録者が少ない）,,https://www.youtube.com/channel/UCpOaS_onCtD5F5vPF4BipbQ,【#ライザのアトリエ 】早くも覚えること多くて頭パーだけどしがみつくぞおぉお！！！！
3045,Koharu ch. 狐晴,,907,2026-08-28,0.8,1.0,レース,外す（登録者が少ない）,,https://www.youtube.com/channel/UC6O8k3qYIj2giHPN69rSJmw,【Faaast Penguin】海の新シーズンがきたファーストペンギン参加型配信！【Vtuber/狐晴】
3046,キムケチャンネル🈺,,906,2026-09-16,1.0,1.0,,外す（登録者が少ない）,,https://www.youtube.com/channel/UCqR2kBz5HfU0lLMeEhTt0Rg,#12【SF6、スト6】参加型配信！キムケGAME STEATION 【キムケ】#ゲーム実況 #参加型 #初見歓迎 #ス
3047,宇宙大統領ちひろちゃん,,903,2026-09-22,0.38,1.0,アクション（横スクロール）,外す（登録者が少ない）,,https://www.youtube.com/channel/UCPk8I_Qo9bzzcykFUuHa4Yw,1泊2日で大阪遊びに行って来たの話【 宇宙大統領の15分雑談 】#32 #vtuber
3048,まなびの広場　レゴ教室作品アーカイブ,,903,2026-09-03,1.0,1.0,,外す（登録者が少ない）,,https://www.youtube.com/channel/UCA4u-CTPJUUgqetheOIBFKQ,らーなろっそさんの動画を見ながら　マイクラ建築訓練！　前編
3049,ガチパンズ,,899,2026-09-19,0.45,1.0,シューター,外す（登録者が少ない）,,https://www.youtube.com/channel/UC8TJZ5UuAP22I-s81p2Yv7g,#29【モンスターハンターサンブレイク】全てが初見すぎる脳筋な男が狩り《参加型》
3050,ねこすきのお部屋,,898,2026-09-04,1.0,1.0,ストラテジー,外す（登録者が少ない）,,https://www.youtube.com/channel/UC5yFWG2ES2nVWEtFKRnOu2g,無課金で魔界編クリア目指すpart1【にゃんこ大戦争】
3051,にじライバー記録庫,,882,2026-09-22,0.0,0.0,,外す（登録者が少ない）,,https://www.youtube.com/channel/UCTR9ZbtRjUEBXwJY33RWrFA,
3052,ベアのすがたチャンネル　くまお,実況者,881,2026-10-09,0.0,1.0,,外す（登録者が少ない）,,https://www.youtube.com/channel/UCdcYHPZuHHJM_PdQpFOkOuw,無理なく貯蓄率33%！手取り23万OLが今やってる「ゆる節約習慣10選」｜心が整う暮らし
3053,ロガー,,880,2026-08-23,0.05,1.0,,外す（登録者が少ない）,,https://www.youtube.com/channel/UCIGz_6QfQ-UPLRksZqg2Wdg,【将棋】『予約制友対』 本日は19時開始です(・ω・) 3時間ほど長めにやります
3054,セーガー村　tokitora Games,,879,2026-08-27,0.5,1.0,ストラテジー,外す（登録者が少ない）,,https://www.youtube.com/channel/UCYIs6HKuYhi0T44MWOlMt-w,雪葬　その４クリア！　怖くなりそう
3055,テバのサブ,,879,2026-09-25,0.67,1.0,,外す（登録者が少ない）,,https://www.youtube.com/channel/UCdUowqK6COFy1PNP0IRM0Dw,【Part2】完全初見パラノマサイト考察実況【オゴポゴ】
3056,【ホロライブ切り抜き】ホロにこクリップ,,878,2026-10-03,0.0,0.0,,外す（切り抜き）,,https://www.youtube.com/channel/UCeS1mevEBblI-RPx8YxXivw,
3057,にゃんこ大好きch,,872,2026-09-22,0.0,0.0,,外す（登録者が少ない）,,https://www.youtube.com/channel/UCl-w1kcR_JzR6PoHX3iIJdA,
3058,まっちゃどうふちゃんねる,,871,2026-09-24,1.0,1.0,シューター,外す（登録者が少ない）,,https://www.youtube.com/channel/UC_ZiPYJhkQi83xqdZnNNt2Q,ミリしら2人でポーカーしてたら敵が参戦してきた【Delta Force】
3059,たい焼き,,868,2026-08-27,1.0,1.0,RPG,外す（登録者が少ない）,,https://www.youtube.com/channel/UCO46inCJjssSOSU2abawiTA,ベルヴェスOTPが使っている新ビルドが気持ち良すぎる【League of Legends】
3060,本郷みかぜの読書ルーム📗🎀,,867,2026-10-06,0.19,1.0,パズル,外す（登録者が少ない）,,https://www.youtube.com/channel/UC4CTr7fXYYsRmPJ-lVezScw,【レジェンズ・アルセウス】図鑑全制覇の旅 #29　#生物好き文学少女　#ポケモン　#レジェアル
3061,ゆきのののじ / Yknnnj,,859,2026-08-30,0.9,0.95,シューター,外す（登録者が少ない）,,https://www.youtube.com/channel/UCtg6gNLE4RMbJWh-FqKSQLg,【パルワールド】マイティー蛮族他化自在天征伐運動【Palworld】[Vtuberゲーム実況]
3062,世楽ライラ / Sela Layla,,857,2026-08-30,0.31,1.0,パズル,外す（登録者が少ない）,,https://www.youtube.com/channel/UCvcKPzCb0BadFTFx_4ud_Rg,【VTuber】#7 サイレントヒル f｜静寂と狂気の境界へ【初見プレイ】※ネタバレあり
3063,くじげーむ,,857,2026-09-07,0.65,1.0,アドベンチャー,外す（登録者が少ない）,,https://www.youtube.com/channel/UC3ojFVD5-Y7kM5OtgF31Ztw,【02】ミカクテイ事件の観測者 ・初見プレイその２・SNSから情報を得よ！　～Vtuberゲーム実況・事件謎解き・ネタバ
3064,【DQW】楽しいけど課金やめたいさん,,856,2026-08-29,0.0,1.0,,外す（登録者が少ない）,,https://www.youtube.com/channel/UClxlyFtjpOpHVMzEsxAJGNA,【ドラクエウォーク】魔犬レオパルド！現環境の勇者のつるぎを使うとインフレを感じますね♪
3065,灯翠 巳影 / Hisui Mikage,,852,2026-08-29,0.45,1.0,ストラテジー,外す（登録者が少ない）,,https://www.youtube.com/channel/UC2is1Z-w1P7o5FRcEvrLFlQ,【#雑談 】夏休み振り返り雑談！！【#新人vtuber 】
3066,キーチュ,,846,2026-10-09,0.65,1.0,ストラテジー,外す（登録者が少ない）,,https://www.youtube.com/channel/UCoqsMi4BxnqU2LP_zeybKQg,【縦型配信】【1時間半限定】【参加型】[DEAD BY DAYLIGHT生配信]No.032 ver10.2.0 宙に浮
3067,ズーマー【ホロライブ切り抜き】,,843,2026-08-31,0.0,0.0,,外す（切り抜き）,,https://www.youtube.com/channel/UC5t3KqP5Qwx9ifaFDMRDteQ,
3068,ふらいど【切り抜きチャンネル】,,842,2026-09-22,0.0,0.0,,外す（切り抜き）,,https://www.youtube.com/channel/UCWKNt91qCg4IS5GOLoccW-A,
3069,もんたんのお部屋,,842,2026-09-11,0.3,1.0,アドベンチャー,外す（登録者が少ない）,,https://www.youtube.com/channel/UCsYCn7Dp9OiHGBzNjYxTQOw,【Valheim】PS5版 完全初見で生き残れるか？ 【ヴァルヘイム】
3070,MKくりす,,839,2026-09-13,1.0,1.0,レース,外す（登録者が少ない）,,https://www.youtube.com/channel/UC6p-3MNIQrDjUbtvbnMJgLQ,"【新コース】""リリースからすぐ""に樹立された10コースのタイムアタック世界記録を見てみましょう【マリオカートワールド】"
3071,月は出ているか,,837,2026-08-26,0.05,1.0,レース,外す（登録者が少ない）,,https://www.youtube.com/channel/UCZYR9djSsEaJOSLIU5rV65g,【最新環境】青緑が89回優勝。全優勝の75％が青入りでした【Gundam Card Game】 Freedom Asce
3072,Apero あぺろ,,837,2026-09-22,1.0,1.0,,外す（登録者が少ない）,,https://www.youtube.com/channel/UCdxeyf21vGspl1VKojwf9RA,海外で話題のホラーMOD『キャットインザハット』がチェーンソーで襲ってきた【マインクラフト】
3073,普通のにゃんこ民,,835,2026-09-18,0.5,1.0,ストラテジー,外す（登録者が少ない）,,https://www.youtube.com/channel/UCoTteaAaNzEWSDsDhBKHP6A,【勝手に編集】UBIGデスソース地獄が地獄どころじゃない件w
3074,山城絢奈 Yamashiro Ayana @RMU,,833,2026-09-10,0.0,1.0,,外す（登録者が少ない）,,https://www.youtube.com/channel/UCBuH4ODiMJb-UMQgfFUOdUw,【雀魂参加型友人戦】vtuberと人間のコラボ配信！どっちもRMUの新人麻雀プロだよ！
3075,あらキング,,829,2026-09-16,0.95,1.0,RPG,外す（登録者が少ない）,,https://www.youtube.com/channel/UC8SPxEmMPMBLV9SytOelP6g,"死者の眠る場所""異界""【FINALFANTASY X】#13"
3076,わふくのファミコン馬鹿一代,,825,2026-08-28,0.0,1.0,,外す（登録者が少ない）,,https://www.youtube.com/channel/UChT-hcejm_K-VijeQviL-FQ,#1【FC】じゃじゃ丸の大冒険｜初見プレイ！さくら姫を救い出せ！【ジャレコ】
3077,ろりちゃん,,822,2026-08-27,0.0,1.0,,外す（登録者が少ない）,,https://www.youtube.com/channel/UCNLYjI2OgcZ05QVJsLTku3Q,ろりちゃんの泥沼キングダムハーツ２　#15
3078,ラジオNY,,822,2026-08-29,0.53,1.0,,外す（登録者が少ない）,,https://www.youtube.com/channel/UC_fN3DcFcyCAgvu3k_1lvZw,初見ではじめる怪盗生活[ペルソナ5]#38
3079,薄焼ピケ - usuyaki pike -,,818,2026-10-03,0.6,1.0,アドベンチャー,外す（登録者が少ない）,,https://www.youtube.com/channel/UCKK2q_Ol78x4vVU_dN3e8mQ,♯6【 WOLONG│ 完全初見 】縛りプレイで呂布討伐！！今日こそ仕留めたい！！！【 薄焼ピケ │Wo Long: F
3080,ちんほーまる,,815,2026-08-29,0.83,1.0,RPG,外す（登録者が少ない）,,https://www.youtube.com/channel/UCImw-pUwB2nUJZHKg9DOyqg,【ルーンファクトリー３SP】いい加減彼女作りたいと思います。#ルーンファクトリー３
3081,夜渡りぺんぎんch / ゲーム実況,,815,2026-08-30,1.0,1.0,RPG,外す（登録者が少ない）,,https://www.youtube.com/channel/UCifbNNpIIufDpXCNwvL8Gdg,【ナイトレイン】全部知ってたら神!? 今更絶対に聞けない「坑道」のあれこれ真剣に解説してみた【ELDEN RING NI
3082,ホロライブ切り抜き◆ホロホロ探検隊,,813,2026-10-02,0.0,0.0,,外す（切り抜き）,,https://www.youtube.com/channel/UC0dlDfWk8mTQ7-hYh4hJDOg,
3083,ピカへいチャンネル,,813,2026-10-08,0.38,1.0,ストラテジー,外す（登録者が少ない）,,https://www.youtube.com/channel/UCwkZIInFfcWjPo6sVDQ6BQA,【配信】これから皆さんには〇し合いをしてもらいます。デスゲームシミュレーション実況【#デスゲームシミュレーター】#新人V
3084,Rygia Games,,811,2026-10-07,1.0,1.0,,外す（登録者が少ない）,,https://www.youtube.com/channel/UCHzmAEtDSnC8NrlLMYEhWng,【Gジェネエターナル】VガンSSP化 最終結論！V2ABの罠に注意｜VガンダムシリーズSP化・SSP化解説
3085,ミニオン🍌,,810,2026-10-08,0.0,1.0,,外す（登録者が少ない）,,https://www.youtube.com/channel/UCQFh4H6A1MVLFW1AEsysyBA,参加型トロ上げ！
3086,らんらん,,810,2026-10-08,0.3,1.0,アドベンチャー,外す（登録者が少ない）,,https://www.youtube.com/channel/UCX3DXXt5tXHHm_nhyID-Lig,【晦-つきこもり】田舎に集まった親戚たちに怖い話をしてもらいます。初見ホラーゲーム多声類アテレコ実況 #2 【スーファミ
3087,アキナさんだー,,809,2026-08-28,0.0,1.0,,外す（登録者が少ない）,,https://www.youtube.com/channel/UCJBlngzf9K6COgHn87t2exw,【先端恐怖症】この看護師何かがおかしい...
3088,pekos0604,,808,2026-09-13,1.0,1.0,,外す（登録者が少ない）,,https://www.youtube.com/channel/UCU_y4rZZc0qsSceWXDMJhow,鉄拳8 ボブ研究所 明日は大会ぼぶねぇ
3089,宇佐美犬斗,,805,2026-08-29,0.45,1.0,アドベンチャー,外す（登録者が少ない）,,https://www.youtube.com/channel/UC-30SDxr1xleqUe3_ztr16Q,【朝枠/雑談#41】日曜日の朝から起きれてえらい配信（8/30）【猫酪真珠】
3090,名なしGAMEチャンネル,,804,2026-09-29,0.87,1.0,シミュレーション,外す（登録者が少ない）,,https://www.youtube.com/channel/UClypYirHKqEv86wbc6ttk2w,実況配信　エースコンバット8 完全初見#01
3091,ホロメン切り抜きまとめ【ホロライブ】,,802,2026-09-28,0.0,0.0,,外す（切り抜き）,,https://www.youtube.com/channel/UC4icapK6cSpYSpz-Ev53QIw,
3092,やまぞー,,801,2026-09-06,0.0,0.0,,外す（登録者が少ない）,,https://www.youtube.com/channel/UC5S2nfCPpNAHEn0MywwBP2A,
3093,神無月白夜,,800,2026-08-29,0.0,1.0,,外す（登録者が少ない）,,https://www.youtube.com/channel/UCHwNMAQH0OFaqlxn4BpBzHQ,愛言葉Ⅳ／神無月白夜【誕生日に歌ってみた】
3094,杜咲翠焔,,798,2026-10-04,0.58,1.0,ストラテジー,外す（登録者が少ない）,,https://www.youtube.com/channel/UCvll2E55flkfmqN1wefdxiQ,【MTGアリーナ】ブロール調整会！イグニスノードで本番に向けてデッキを磨く！そして今日は！！【コラボ】【MTGA】
3095,ぱせり鯖,,796,2026-08-16,0.94,1.0,,外す（登録者が少ない）,,https://www.youtube.com/channel/UCqM14Dr8nEnB7p5revSNNTA,【マイクラ参加型】誰でも入れるサバイバルサーバー！【Java版】【統合版】【ぱせり鯖】
3096,あろちゃん,,792,2026-08-09,1.0,1.0,アドベンチャー,外す（登録者が少ない）,,https://www.youtube.com/channel/UCrOqBrGnAe7u3d8kSY5HNeg,【#4】バイオ最新作💎つづきから👼🏻🪽完全初見プレイ【BIOHAZARD requiem/steam】
3097,吉田ぴよ,,790,2026-10-04,0.35,0.47,シミュレーション,外す（登録者が少ない）,,https://www.youtube.com/channel/UCAzNNgZguYWmaCCwVo_4DQg,【Transport Fever 3】発売直後！ChatGPTと巨大交通網を作る！鉄道・トラック・船・飛行機で物流帝国へ
3098,【将棋】筋違い角中心チャンネル,,780,2026-08-28,0.0,1.0,,外す（登録者が少ない）,,https://www.youtube.com/channel/UCc2-rZpMpsGo1v2ti33KiGA,筋違い角四間飛車、6筋からの強襲をどう受ける？｜将棋ウォーズ実戦
3099,JUICE MUSE,,780,2026-10-02,0.15,0.95,タクティカル,外す（登録者が少ない）,,https://www.youtube.com/channel/UCFe6WL92GXI0w-CTwArPBmg,【#歌枠/縦型歌枠 】声優楽曲オンリー歌枠！【LEMO/#vsinger 】
3100,ゼネルスタジオ!!,,778,2026-08-25,0.89,1.0,シューター,外す（登録者が少ない）,,https://www.youtube.com/channel/UCSe78TxCfwiwxuDnLLp_yJw,【スト6】⚡ランク配信⚡大会に向けてミスを減らしつつ高みを目指す!!!!【初見さん大歓迎】
3101,がむのゲーム実況チャンネル,,778,2026-09-01,0.64,1.0,,外す（登録者が少ない）,,https://www.youtube.com/channel/UCm3VnkIXToC9S9mJq3XpcZw,【マイクラ】ゲーム初心者のVtuberボコボコにしばいた【ほぼ雑談回】
3102,ホロういタイムズ【切り抜きチャンネル】,,777,2026-09-28,0.62,1.0,パズル,外す（切り抜き）,,https://www.youtube.com/channel/UCEWiSmBo-KVx2CTPIpoccyw,【BOMBANANA!】自由すぎるアキロゼに振り回されまくるフブキ＆まつりｗ【ホロライブ/白上フブキ/夏色まつり/アキ・
3103,はたお,,776,2026-09-24,0.07,1.0,格闘,外す（登録者が少ない）,,https://www.youtube.com/channel/UCxwiP127N3CIZyiNvBz-Y4w,【ヴァンガード】静岡デラックス 環境考察【2026年9月環境】
3104,ななしch(スカッシュ),,776,2026-09-04,0.11,1.0,,外す（登録者が少ない）,,https://www.youtube.com/channel/UCogDEQalnmMFXcVHEWwMZLw,【ゆっくり実況】ナフサ不足な世界でネザー探索【ナフサ不足クラフトpart2】
3105,おちびちゃんねる,,775,2026-10-04,0.0,1.0,,外す（登録者が少ない）,,https://www.youtube.com/channel/UCWZgEOg-T-rPDz7Lwvj1PAg,【顔出し】TOP Renekton 🐊 | Plat Rank【配信99日目】🌐EN Subtitles ON
3106,COLK エンタメチャンネル,,768,2026-09-27,0.0,1.0,,外す（登録者が少ない）,,https://www.youtube.com/channel/UCL-zEg7Lc4Gxv25M46Sxb6A,笑わないでよ しじまさんの安曇の声を演じました
3107,アーモンド / 鯉鯖,,768,2026-09-11,1.0,1.0,シューター,外す（登録者が少ない）,,https://www.youtube.com/channel/UC2DfA-eEmerjUFLXsxkDf4A,【ゴスあり】新環境のベッドウォーズに適応したい！！【マイクラ統合版】【マイクラHIVE】【マイクラ統合版】
3108,軟水,,766,2026-09-13,0.0,0.0,,外す（登録者が少ない）,,https://www.youtube.com/channel/UC8SgsxB1o4eKLGLKiLCn17Q,
3109,鷹啼やよいch,,766,2026-10-03,0.75,1.0,シューター,外す（登録者が少ない）,,https://www.youtube.com/channel/UCwNOsgOIIOPgp0ju8Ci1cFw,【エースコンバット8】ネタバレ注意！-偽物の翼で本物の撃墜王になる物語-エースコンバット8初見プレイ配信その3【鷹啼やよ
3110,たんこび🍙,,764,2026-09-03,1.0,1.0,シューター,外す（登録者が少ない）,,https://www.youtube.com/channel/UCbdX39_z3jUILb3Fhxgd0kw,【BACKROOMS】完全初見！何もわからない凹凸コンビ、るぅしぃさんと脱出できるのか！？😂🚪#BACKROOMS #バ
3111,ポツのレトロGAME部屋,,764,2026-10-07,0.36,1.0,,外す（登録者が少ない）,,https://www.youtube.com/channel/UCZ9OGEPFqM3ezf0_vikhYIw,【懐かしゲーム】実況パワフルプロ野球11（2004年）の当時の選手見てみた【セリーグ編】#ゲーム　#レトロゲーム　#ゲー
3112,KN_少年 shonen,,761,2026-08-28,1.0,1.0,,外す（登録者が少ない）,,https://www.youtube.com/channel/UCFgHci5pWo6RwXxHKtUN7Tw,tekken8鉄拳8　筋トレ三日目
3113,あえんごうきんch,,759,2026-10-05,0.4,1.0,シューター,外す（登録者が少ない）,,https://www.youtube.com/channel/UCaZVMMo-HhMl99rAfk1b9Cg,【棋桜】こっそり将棋のお勉強【あえんごうきん/Vtuber】
3114,ゲーミングきりたん,,758,2026-10-09,0.0,1.0,,外す（登録者が少ない）,,https://www.youtube.com/channel/UCugCjD6mn4my1fK9SIRv1pQ,【新作ゲーム】時間泥棒の新作15選！10月中旬発売・日本語対応（10/13〜10/20発売予定）【Steam/PS5/S
3115,homin-mgpr,,755,2026-09-20,1.0,1.0,シミュレーション,外す（登録者が少ない）,,https://www.youtube.com/channel/UCGs3YMaqYtSTTOJ0A_28Jng,【ぽこあポケモン｜PLAY LOG : 14】ブクブクうみぞこの街に研究所キットを使って拠点を作る｜街開拓プレイ動画 (
3116,トゥーヨッシー,,754,2026-09-01,0.08,0.92,,外す（登録者が少ない）,,https://www.youtube.com/channel/UCRJ9NLeY0ZOGgcQzdSiyCjg,#トゥーヨッシー　フリーチャット
3117,Dolphin【ゲーム実況・レビュー】,,754,2026-09-17,0.28,0.94,シミュレーション,外す（登録者が少ない）,,https://www.youtube.com/channel/UCk7gfLWovdXfB4DPX1giSOg,【時止めあり】FE初見にして、時空の超越者を目の当たりにする#1【Nitendo Switch2】
3118,ぷにシバch,,753,2026-10-03,0.88,1.0,パズル,外す（登録者が少ない）,,https://www.youtube.com/channel/UCLKa7upI-RGk82rUH_vGoNw,【原神】ヴォジャニーツァ、強すぎだよ。【ゆっくり実況】
3119,るきる,,751,2026-09-22,0.11,1.0,,外す（登録者が少ない）,,https://www.youtube.com/channel/UCiGH-qjm6oFThQbz0XQH_4Q,【雑談配信】特にどーってこと無い話をつらつらと【新人Vtuber】
3120,兎月ふぅな,,746,2026-08-29,0.75,1.0,ストラテジー,外す（登録者が少ない）,,https://www.youtube.com/channel/UCJKRXDnPnKtDAqmJ6rNS8Cg,【歌枠】ボカロ多めで歌うたってくよー！！🎤【個人勢vtuber/兎月ふぅな】
3121,よひとゲーム,,744,2026-08-31,0.0,0.0,,外す（登録者が少ない）,,https://www.youtube.com/channel/UCqmGEgGXf000s819HLs5_MQ,
3122,のあ【のあっとゲームズ】,,742,2026-10-09,1.0,1.0,,外す（登録者が少ない）,,https://www.youtube.com/channel/UCGuOWLM3MdVo-LOJTaRiMXQ,【参加型スマブラ】視聴者参加型！初見さんも参加歓迎！【スマブラSP】　＃大乱闘スマッシュブラザーズ　＃スマブラSP
3123,Shadow of 塊チャンネル,,742,2026-09-09,0.0,1.0,,外す（登録者が少ない）,,https://www.youtube.com/channel/UC_RglsX6rGTDk7f8TlCmYcQ,シャドウオブザトゥームレイダー　RTA　タイムアタック全まとめ
3124,ゆいママ&ゆうくん,,734,2026-08-29,0.21,1.0,パズル,外す（登録者が少ない）,,https://www.youtube.com/channel/UC_fmVy31apNRORtsjRQufHA,【Time for Bed 夜ふかしの悪夢】お母さんにバレずにゲーム＆寝たふり？！※鼓膜注意【ゆいママ】
3125,ナナイロからす -君と作る物語-,,733,2026-08-28,0.14,1.0,,外す（登録者が少ない）,,https://www.youtube.com/channel/UCWFYUZberqUJsKVbLmqyN7w,生涯旅するマインクラフト シーズン3 vol.01
3126,淡路サキちゃんねる【完全個人勢VTuber】,,726,2026-08-30,0.4,1.0,シューター,外す（登録者が少ない）,,https://www.youtube.com/channel/UCIXlVElZNTPRS_VXRp-0Omw,【飲み雑談】第16弾・今月も初ゲスト登場っ！3人で秋に向けて楽しく飲み語りっ♪【Twitch同時配信】 #vtuber 
3127,気分屋のゲーム実況,,726,2026-09-23,0.0,1.0,,外す（登録者が少ない）,,https://www.youtube.com/channel/UC3n8f7VaxqrK0aMUI2-fl1Q,【気分屋の】＃4「ヨグ・ソトースの庭」【ゲーム実況】
3128,浅野の夏休み,,725,2026-08-20,0.43,1.0,RPG,外す（登録者が少ない）,,https://www.youtube.com/channel/UCq9NvtafitmBDJkvmBjJf0Q,無人島に持っていく30曲
3129,ウルフムーン,,725,2026-09-27,0.93,1.0,シューター,外す（登録者が少ない）,,https://www.youtube.com/channel/UCCA_i0asf8XPAMy_kC-cbWg,ps5　マイクラ　pvp初心者　hive　バタフライクリック練習　参加型　　#ロブロックス#黙示録　#roblox #m
3130,ぐるぐるぐる子 / Guruguruguruko Ch.,,724,2026-08-29,0.15,1.0,,外す（登録者が少ない）,,https://www.youtube.com/channel/UCvzBMDiYyq0ozg1Lhil8wBA,【謎解き / コトバポイポイ】ひらめくの得意？力を貸してほしいの！！※ネタバレ注意【新人VTuber #ぐるぐるぐる子】
3131,はじまりの宮元,,721,2026-09-24,1.0,1.0,アドベンチャー,外す（登録者が少ない）,,https://www.youtube.com/channel/UCFbYeeE-__pZlEEMguaptMA,【マインクラフトやるで】夢の温泉郷づくり、始動♨建国系のリアル建国物語#35
3132,えるふの火遊び。【不知火フレア切り抜き】,,716,2026-09-29,0.0,0.0,,外す（切り抜き）,,https://www.youtube.com/channel/UC9IziqEsm34CGBVFVYjoORw,
3133,あぽべる,,714,2026-08-29,0.5,1.0,RPG,外す（登録者が少ない）,,https://www.youtube.com/channel/UCSiVRJdlvmI-kuevRrstcfg,まだ覚えられるスキルあったんだ…【GNOSIA】#45
3134,ICE MILK のゲーム部屋,,713,2026-09-27,0.0,0.0,,外す（登録者が少ない）,,https://www.youtube.com/channel/UCXPgEH2xeP-SaAtOOwk4BNQ,
3135,たんばやっす,,708,2026-08-31,0.14,1.0,音ゲー,外す（登録者が少ない）,,https://www.youtube.com/channel/UCg-G_rzenS31zz6tb64TWig,【魔女の家】 魔女の家 Any% True Ending RTA 世界2位更新を目指す
3136,めんたいたまご,,706,2026-08-30,0.0,0.0,,外す（登録者が少ない）,,https://www.youtube.com/channel/UCQPU4tidArhjskX2-AZUCEQ,
3137,ゆっくりバニラ,,706,2026-09-22,1.0,0.95,アドベンチャー,外す（登録者が少ない）,,https://www.youtube.com/channel/UCFORPHbaV71nuYy3uSNTMrQ,【ROBLOX実況】消防署がアプデで新しくなった！＜桐竜市＞
3138,黒鬼 / kuro oni 流浪の半人半鬼,,705,2026-08-29,0.93,1.0,RPG,外す（登録者が少ない）,,https://www.youtube.com/channel/UC621CHZKoS9xtV5dCFm6MOA,【 FF14 】皆が何かしてるのを横目に首をかしげる新人ヒカセンの25日目 参加型『蒼天幕間編』#新人Vtuber #初
3139,テイムズ,,704,2026-09-19,0.0,1.0,,外す（登録者が少ない）,,https://www.youtube.com/channel/UCXb7EIXH034YH6NvQNT8QzA,TFで無双して変な笑い方をするテイムズ
3140,卯佐うめゲームch,,703,2026-09-06,0.56,1.0,,外す（登録者が少ない）,,https://www.youtube.com/channel/UCvH9DEIF_1WdN2IY-U6U-Yw,【#ゼンゼロ】完全初見！乗り遅れた水着と夏！残るはキャンプファイア！「夏を追う波、折しも到来」後編！【#Vtuber】【
3141,あらくれもの,,702,2026-08-30,0.91,1.0,アドベンチャー,外す（登録者が少ない）,,https://www.youtube.com/channel/UCrMNjyN6gI_QCQVu3MEhD6g,【スマブラSP】#107 エンジョイ勢集合の大乱闘やっていきたい！！一応〈参加型〉配信な、新あらくれバスターズ※ルール読
3142,ペミ【MECHATU-A切り抜き】,,697,2026-09-24,0.0,0.0,,外す（切り抜き）,,https://www.youtube.com/channel/UCdT6EYVvLAMJO17tY-wpwEQ,
3143,詰ませちゃんっ!!,,696,2026-10-02,0.1,1.0,,外す（登録者が少ない）,,https://www.youtube.com/channel/UC09RaHjFKt-mVwRaP_F0InQ,【友達対局】誰でも大歓迎！一緒に指そ！お昼の部＃将棋＃棋桜
3144,F9suke / ふくすけ  - 渋声ゲーム配信 -,,692,2026-08-29,0.71,1.0,アドベンチャー,外す（登録者が少ない）,,https://www.youtube.com/channel/UCn0WGukvkyhKdwey33ehRpw,【Machine Party】「Buckshot Roulette」の作者がおくる、『素敵な』パーティーゲームを皆で遊ぶ
3145,ステラ,,692,2026-10-03,0.0,0.0,,外す（登録者が少ない）,,https://www.youtube.com/channel/UC4SddocAQ7O7f0yfBacuKSQ,
3146,mm8  はち,,689,2026-10-02,0.31,1.0,,外す（登録者が少ない）,,https://www.youtube.com/channel/UCggOi0eMIw8i3rqJRJpLFjg,【minecraft】ネザー探索が大当たり!!ダンジョン攻略でネザライト鍛冶型までGET　part10　- mm8 cr
3147,極めっぞチャンネル,,688,2026-08-26,0.65,1.0,アドベンチャー,外す（登録者が少ない）,,https://www.youtube.com/channel/UCMWEkOaFCgg7HsBpKzFI7qg,【あたすろGGKもどき】飯を食ったら出てってくれ！！【 #partyclub   】
3148,もりちゃん,,688,2026-08-30,0.95,1.0,シューター,外す（登録者が少ない）,,https://www.youtube.com/channel/UC1GQPssts-AZfT4BULvbtyA,【スト６】今日から本気アレックスでマスター狙う１日目
3149,くろひつじ@生贄系V,,687,2026-09-07,0.05,1.0,RPG,外す（登録者が少ない）,,https://www.youtube.com/channel/UCuYuqis9UGXkreLrS66C7sg,【ゴッドフィールド】暇を持て余した神々の遊び34【#くろひつじとーく】
3150,新じゃがGAMES【じゃがコロ】,,685,2026-09-05,0.08,1.0,アクション（横スクロール）,外す（登録者が少ない）,,https://www.youtube.com/channel/UCyiBkUn-i3yiKMds0xnwzgQ,深海でスフィン・クイズ発見!!!!ここに来た理由はなんと…。(マリオオデッセイ#64)
3151,しろら,,685,2026-10-06,0.0,0.0,,外す（登録者が少ない）,,https://www.youtube.com/channel/UCNttSu51V_rAHjTWtw7cNkA,
3152,コウさんらしい,,682,2026-08-13,0.47,1.0,アドベンチャー,外す（登録者が少ない）,,https://www.youtube.com/channel/UCc7bfVluh3AON1k5qmVIsDw,フリーホラゲー「ホノボノ」の再現ミニゲームに参加してみた。
3153,白黒猫〜モノクロネコ VTuber,,682,2026-09-24,0.56,1.0,RPG,外す（登録者が少ない）,,https://www.youtube.com/channel/UCu7h5aHJUiWijw7Q7y-au9Q,【#トルネコの大冒険 】洞窟デートしませんか？！ #part6 【#ネタバレあり】
3154,VTuber構造分析室,,681,2026-10-09,0.0,1.0,,外す（登録者が少ない）,,https://www.youtube.com/channel/UCmMICLQAp1uwfXwRAu0vWuw,ぶいすぽの親会社bravegroup、なぜ80億円を集め16社までも増やしたのか？
3155,慎一3,,679,2026-08-21,1.0,1.0,,外す（登録者が少ない）,,https://www.youtube.com/channel/UC6VVEEyOISTk3WtERvQAQ4g,【パワプロ】２年で戦力外？最弱キャラの「二上」を育成してみた結果。。。
3156,takumin,,676,2026-08-28,0.38,1.0,アドベンチャー,外す（登録者が少ない）,,https://www.youtube.com/channel/UCVL4T16UXrZeCIJeo1tSx5Q,コッソリゼルダの伝説 Breath of the WILD
3157,ホロライブ秘密の研究室【博衣こより切り抜き】,,672,2026-10-08,0.0,0.0,,外す（切り抜き）,,https://www.youtube.com/channel/UCVmJ1pev3zUJPFQniSo_25w,
3158,駄ヶ志家せんべい,,671,2026-08-31,0.17,1.0,シューター,外す（登録者が少ない）,,https://www.youtube.com/channel/UCHMpjaHLfNn-1yXZ83ZHgGw,優等中はマジメに乗ってください 【wot】 ps4 ps5 xbox #wotmajp #wotコンソール
3159,薬味わさび,,671,2026-09-01,0.27,1.0,パズル,外す（登録者が少ない）,,https://www.youtube.com/channel/UCs8TwTsi99l-hp9FMYAY_cQ,【番外編①ヨッシーアイランド】コウノトリに変わって赤ちゃんマリオを私が頑張って親元に届けちゃう！
3160,RACにょき,,670,2026-08-29,1.0,1.0,,外す（登録者が少ない）,,https://www.youtube.com/channel/UCZFjVHBH1_ikf2QR5CJ5WyA,スイフトで野良1000人と会話旅。【VALORANT】
3161,esports_ACE ch,,665,2026-09-13,0.84,0.37,,外す（登録者が少ない）,,https://www.youtube.com/channel/UCz290fSwNxhMZjRS62wgyXg,【鉄拳8】ドンのりお杯【TWT】G-Project DOJO
3162,きさらぎ　訛る人,,664,2026-09-15,0.0,0.0,,外す（登録者が少ない）,,https://www.youtube.com/channel/UCirZc-Iw5RFcvF2pNi_uafA,
3163,ヲルネ堂 - worunedo -,,663,2026-09-25,0.35,1.0,シミュレーション,外す（登録者が少ない）,,https://www.youtube.com/channel/UChuQxkz1aqeuZORCLN-IbJg,【死月妖花～四月八日～】彼女たちの幸せな結末を見届けるために読み進めるフリーホラーノベル #84【#ヲルネ堂 のゲーム記
3164,仮面バーテンダーうみだい,,662,2026-09-29,1.0,1.0,,外す（登録者が少ない）,,https://www.youtube.com/channel/UC84srRQujxMMKKive6LXoZw,【 #スト6    /初見歓迎】縦型配信│現役バーテンダーが仕事前にエレナグラマスチャレンジ！MR1542～【仮面バーテ
3165,Yotsumi Shiro Sub channel,,662,2026-09-12,0.0,0.0,,外す（登録者が少ない）,,https://www.youtube.com/channel/UCNXetazjep5apHNJuPTEj9A,
3166,花袋こもる_komoru katai,,659,2026-10-03,0.82,1.0,,外す（登録者が少ない）,,https://www.youtube.com/channel/UCV362qrJxLQ90TyNoK-8g4g,【空の軌跡 the 1st】# 4 オリビエ…おもしれー男。シリーズ完全初見※ネタバレ注意【#新人Vtuber / 花袋
3167,ぶいぷち【ぶいすぽ切り抜き】,,659,2026-10-09,0.0,0.0,,外す（切り抜き）,,https://www.youtube.com/channel/UCrfiKVumzn2xoYfvHYBGppw,
3168,ゆっくりレトロゲーム博物館,,658,2026-10-09,0.14,1.0,RPG,外す（登録者が少ない）,,https://www.youtube.com/channel/UCOmUa4z7xKKfefI7d7BEAlA,【ドルアーガの塔】攻略を見ないでクリアを目指す！宝箱は何個出現させられるか検証【ゆっくり実況】
3169,たけむらのやさしいゲーム実況,,658,2026-08-28,1.0,1.0,,外す（登録者が少ない）,,https://www.youtube.com/channel/UC0soQm90Wrwyd6RFwj-iLiw,#15【チャプター5】アズゴアさんがこんなことをするなんて…【DELTARUNE考察初見実況】
3170,レモン,,658,2026-10-06,0.71,1.0,,外す（登録者が少ない）,,https://www.youtube.com/channel/UCZj54huwC54WO9XgDWI_Rgw,【Minecraft】HIVE参加型！初見さん、初心者さん大歓迎！【統合版】#hive
3171,みらぺ🦊🔥【オペ専】,,650,2026-09-07,1.0,1.0,,外す（登録者が少ない）,,https://www.youtube.com/channel/UCfaHgboylIaqTbmuS8StSGA,【閲覧注意】オペ使いによる ちょい過激偏見【ヴァロラント/VALORANT】
3172,おやどり,,650,2026-09-12,0.0,0.0,,外す（登録者が少ない）,,https://www.youtube.com/channel/UChAmJvHq7-Ish81KJ1EBhZw,
3173,TAKA's factory【インディーゲーム開発者】,,649,2026-10-07,0.0,1.0,,外す（登録者が少ない）,,https://www.youtube.com/channel/UCpyZcqDVsq74LYe6NRi87fw,[MV]花のように　『奇跡の探偵』Ending Theme
3174,さばの塩焼き,,649,2026-09-22,0.5,1.0,ストラテジー,外す（登録者が少ない）,,https://www.youtube.com/channel/UCDxUnh-x_QolYXhxYiI9mxw,単体攻撃のみで風雲にゃんこ塔攻略（総集編）
3175,カースト,,648,2026-09-20,0.0,1.0,,外す（登録者が少ない）,,https://www.youtube.com/channel/UCL6_nW94nYgriJlRtV3KovQ,雑談配信！Clの抽選会やラ・リーガ、プレミアリーグのこと全てを網羅する配信！
3176,Tokky_09,,645,2026-09-10,1.0,1.0,シューター,外す（登録者が少ない）,,https://www.youtube.com/channel/UCnb0iVuc3ISX0u-VYdFSBHQ,[APEX]Twitchで横型も配信中 #apex #アラサー  #エーペックス ＃ランク ＃shots #shortv
3177,夕凪 メロン,,643,2026-08-30,0.38,1.0,アーケード,外す（登録者が少ない）,,https://www.youtube.com/channel/UCVHa4WoHsIIOYj2WtGy0iQw,【Invisigun Reloaded】視聴者参加型インビジガン(どなたでも) #44【夕凪メロン/Vtuber】
3178,キラのスト6研究所【解説切り抜き】,,643,2026-09-03,0.0,0.0,,外す（切り抜き）,,https://www.youtube.com/channel/UC4ZqBNP8kQse3ehTPLN1wDg,
3179,パティシエさしっぺのゲーム工房,,640,2026-08-24,0.58,1.0,RPG,外す（登録者が少ない）,,https://www.youtube.com/channel/UCYNF11J6Iufi2g3SdaEg46Q,#1【Dinkum｜steam版】シーズン２！新たな島で開拓スタート！
3180,ENU・AI,,640,2026-09-22,0.67,0.47,レース,外す（登録者が少ない）,,https://www.youtube.com/channel/UCuRgC7aJ_0ablLUWav8Ddxg,F-ZERO 99 - 2026 Weekly Ranking Challenge / THE FINAL PART
3181,KTN,,639,2026-09-19,1.0,1.0,,外す（登録者が少ない）,,https://www.youtube.com/channel/UCyduYtSdoG09sJIeJgXh39g,鉄拳８ スティーブ陸～　まったり昼鉄
3182,IQ200の蹂躙APEX,,637,2026-08-21,0.71,1.0,シューター,外す（登録者が少ない）,,https://www.youtube.com/channel/UCZq0UOHYeNBxSCU9EflHJrw,【総合2位】初戦チャンピオンから順当にポイントを重ねるもその途中でプチ喧嘩が起こってしまうYukaF達www【Apex/
3183,大森ごはん,,636,2026-08-27,0.0,1.0,,外す（登録者が少ない）,,https://www.youtube.com/channel/UC2-pKoULIW4vWOk0zDqWPiA,【ライブ配信】仕事終わりにVモンキー！配信実践！
3184,天城まいと ,,636,2026-09-03,0.5,1.0,シミュレーション,外す（登録者が少ない）,,https://www.youtube.com/channel/UCNaz_j6C48Imyx5IJrO9F9g,【machine party】過去一面白いパーティゲームがあったのでコラボします 【ライブ配信】
3185,アザー,,636,2026-09-12,0.0,0.0,,外す（登録者が少ない）,,https://www.youtube.com/channel/UCNuULluzd1_gGKRZf47OClA,
3186,海汐しゃち / Mishio Shachi,,635,2026-10-03,0.95,1.0,アドベンチャー,外す（登録者が少ない）,,https://www.youtube.com/channel/UC7hqga1_zUSnpUQVpcz-LXQ,【原神/朝活】10月の幻想シアター攻略！！今月は朝から攻略してやるぜぃ【Genshin Impact / 海汐しゃち /
3187,ユリカケ Yurikake,,634,2026-08-27,0.79,1.0,アドベンチャー,外す（登録者が少ない）,,https://www.youtube.com/channel/UCs8etaUxsbqH46fwokeRwvg,シリーズ最高傑作と呼ばれる恐怖と感動のお宝集め【PIKMIN２】＃２０
3188,超勇者配信,,633,2026-08-28,0.91,1.0,,外す（登録者が少ない）,,https://www.youtube.com/channel/UC2hXkGrdYGaxyLc-nfAPFBA,【スト6】おはようスト6 #581  [Street Fighter 6](2026/08/28)【リュウ】
3189,きたごー,,632,2026-08-28,1.0,1.0,アドベンチャー,外す（登録者が少ない）,,https://www.youtube.com/channel/UCUoOQACDGgCmpgM-eN_bqMQ,音立てなきゃ大丈夫らしい【BIOHAZARD RE:2】
3190,To-ru ch.七色トオル,,630,2026-08-28,0.58,1.0,,外す（登録者が少ない）,,https://www.youtube.com/channel/UC4JzfHR4pY7RpJe6-v-Zgpg,初めてのスタデ開封！絶対にオリパに手を出してはいけない理由お見せします！！！＃ポケモンカード　＃ポケカ #スタデ100　
3191,あさひ,,628,2026-08-29,1.0,1.0,アドベンチャー,外す（登録者が少ない）,,https://www.youtube.com/channel/UC1ESv8miZ0VuljFrJ-YfaNQ,【コラボ配信】2026年最後の納涼！コラボで協力してホラゲー実況！【BACKROOMS:ESCAPE TOGETHER】
3192,Kotori.CH琴里 函 ,,627,2026-08-30,0.75,1.0,アドベンチャー,外す（登録者が少ない）,,https://www.youtube.com/channel/UC3aLHQ-U5yypSTVcx-1wZYw,自分だけが生き残る価値を示せ！【マシン・パーティー】コラボ配信
3193,yuchanfv!,,626,2026-08-28,1.0,1.0,シューター,外す（登録者が少ない）,,https://www.youtube.com/channel/UCPhHhLrRtG2zA-Yg-9jAKAg,マイクラ参加型！＃マインクラフト＃参加型＃統合版＃マイクラ＃初見さん大歓迎
3194,sedowasabi,,626,2026-08-27,0.4,1.0,アドベンチャー,外す（登録者が少ない）,,https://www.youtube.com/channel/UCaSypo_WcwLLGT1656nod4A,【パラノーマルストリーミング】フリーホラゲは最終的に村に行きがち
3195,Hyzi_ハイジ,,625,2026-10-03,1.0,1.0,アドベンチャー,外す（登録者が少ない）,,https://www.youtube.com/channel/UC-2SJf0MeWlVgzXnM_kO53g,まさかの才能開花！？「えかきうた大合戦」#えかきうた大合戦#お絵描き#画家#画伯
3196,古参,,625,2026-09-26,0.0,0.0,,外す（登録者が少ない）,,https://www.youtube.com/channel/UCmDmtmSvROMq0ZwbBwyJxig,
3197,Mizore Ch. 滴みぞれ,,621,2026-09-27,0.74,1.0,RPG,外す（登録者が少ない）,,https://www.youtube.com/channel/UCl87nVKn6Mv6FaUjbiPixmg,【#マリオカートワールド】視聴者参加型❄️眠くなるまで🤣#3【#滴みぞれ】
3198,寒暖コアラは積みゲーで遊びたい,,621,2026-09-14,0.83,1.0,パズル,外す（登録者が少ない）,,https://www.youtube.com/channel/UCJ6EQi5QSQ-4zsoLWnIRG3A,【学校であった怖い話】秋の夜長にはホラーゲーム：０１【SFC】
3199,レラン・ジ・エクルヴィス / Lelan des Ecrevisse,,620,2026-09-22,0.31,1.0,RPG,外す（登録者が少ない）,,https://www.youtube.com/channel/UCIH-2o8QyrvlI9-t0CX2veg,#17【RPG初心者】ロマンシング サガ2 リベンジオブザセブン　初めてのロマサガ２　【Romancing SaGa2 
3200,たくまるげーむs,,620,2026-10-07,0.0,1.0,,外す（登録者が少ない）,,https://www.youtube.com/channel/UCYf6l-522vqBQQOI6AxEXVg,【図鑑埋め配信】固定コメ必見:グロウザブレインロットやってくよ～
3201,鯛めし【ぶいすぽっ!切り抜き】,,616,2026-09-22,0.0,0.0,,外す（切り抜き）,,https://www.youtube.com/channel/UCkQPawSgiPj1D_kGWR0Ipbg,
3202,一角獣(通称ゆにこ)🦄,,616,2026-08-26,0.8,1.0,アドベンチャー,外す（登録者が少ない）,,https://www.youtube.com/channel/UCpZLulUr4RdyJexZ4Waqdqw,世界で大人気の『子供が消える幼稚園』の真相を暴くホラーゲーム【GARTEN OF BANBAN ４】前編
3203,きょらちゃん,,615,2026-09-29,0.12,0.71,,外す（登録者が少ない）,,https://www.youtube.com/channel/UCg4umjuKqUoWXZW6Bt0xh7w,【鉄拳8】低音お姉さん　同時配信テストだよ～　クニミツ🔰
3204,桃井【切り抜き】,,615,2026-09-22,0.0,0.0,,外す（切り抜き）,,https://www.youtube.com/channel/UCHzfP5Cm6p9HGX1fZknO0pw,
3205,フルバイバッキー_fullbybakky ,,613,2026-08-17,0.0,0.0,,外す（登録者が少ない）,,https://www.youtube.com/channel/UCuVdo1n9h_tgLJvU86nNpfg,
3206,Ren Ch. 吹雪蓮,,609,2026-09-22,1.0,1.0,,外す（登録者が少ない）,,https://www.youtube.com/channel/UCQxwZLI0dp0oXUs6V35Pvcw,楽しんで勝つ★Xマッチ特訓DAY!!【スプラトゥーン3】❄🌸横型配信!!
3207,椎名架恋 / しいな かれん,,608,2026-09-21,0.33,1.0,,外す（登録者が少ない）,,https://www.youtube.com/channel/UC2yjagcxuiZdvU0fnTj4_CQ,【マリオカート８ デラックス】気圧でつらいから、ねこと無免許運転！かっとばせ～～～！！（暴走＆発狂注意？！）【新人Vtu
3208,機井キルト Hatai Quilt,,605,2026-08-29,0.95,1.0,,外す（登録者が少ない）,,https://www.youtube.com/channel/UCsRdQEay5W8G8ywGcmKXoxQ,【原神】世界任務最後まで！前任氷神とグライアイくんの秘密に迫る…Part178【初見実況】※ネタバレ禁止・アドバイス大歓
3209,狸谷ぽん,,605,2026-10-05,0.8,1.0,アドベンチャー,外す（登録者が少ない）,,https://www.youtube.com/channel/UCEb9JXS1wjJb-Wio1IYZB_A,#12 【Windrose】出航！　エンスト海賊団【#エンスト配信】｜狸谷視点
3210,taxkex@タケ,,604,2026-09-22,1.0,1.0,シューター,外す（登録者が少ない）,,https://www.youtube.com/channel/UCMFIzAKBKOReR1Toj9cVkBg,[Destiny2 ]夜活でってにー♪ヤバいログイン戦争始まった新情報嬉しいね邪神レイドいくよー！
3211,小鞠まゆ,,604,2026-09-27,0.61,1.0,RPG,外す（登録者が少ない）,,https://www.youtube.com/channel/UCNzZ0gG0inKLgo1AziBWguw,【ホロライブドリームス】配信初リズムゲー！！ガチャリセマラがやりたい！！【個人VTuber】
3212,tampopo ,,600,2026-09-27,0.0,1.0,,外す（登録者が少ない）,,https://www.youtube.com/channel/UCxnXeoASa4tHcfpkCyFXcwA,爆走トロッコでミキサー爆破！💣💥『ドンキーコングバナンザ』#7
3213,やっさんのGAMEROOM,,597,2026-08-27,0.71,1.0,RPG,外す（登録者が少ない）,,https://www.youtube.com/channel/UCDtTkUmJ4AJFdXp4yFQiJIw,【次は竹ランク】色々な寿司を育てて梅コース制覇【わびさび寿司ダービー　#03】
3214,とんがり　,,595,2026-08-27,0.5,1.0,,外す（登録者が少ない）,,https://www.youtube.com/channel/UCRXhdttg_sYrYkX2nAkp1wQ,初めて表に出てくる人が急に毒殺だって！？意味わからん　#45【逆転裁判4】
3215,山田しばけんのRPG専門チャンネル,,594,2026-08-15,0.8,1.0,RPG,外す（登録者が少ない）,,https://www.youtube.com/channel/UCudRhGuQlJXnJ1ifDUDYFUA,【ドラゴンクエストⅢ】1Gも減らさないドラクエⅢ宿屋も武器も道具屋もすべて出禁part4【山田しばけん】
3216,饒舌な小三郎のゲーム小屋,,593,2026-09-07,0.83,0.94,アドベンチャー,外す（登録者が少ない）,,https://www.youtube.com/channel/UCiR_Cj0d4_ctfNMzz0YfGEg,【428 〜封鎖された渋谷で〜】初見実況 #6 | 御法川ルートで各主人公が繋がってくる？タマのバッドエンドは回避できた
3217,コシヒカリ3合:Meg,,592,2026-08-31,0.5,1.0,パズル,外す（登録者が少ない）,,https://www.youtube.com/channel/UCtCw9LQoJRawWTMG45msYCA,"【初見プレイ】 No, I'm not a Human ホラーはやめてくださいね…※初見さん常連さん大歓迎"
3218,モカと不思議な黒猫【レトロゲーム実況】,,591,2026-09-02,0.0,1.0,,外す（登録者が少ない）,,https://www.youtube.com/channel/UCzzAG2q2fP4KxXRkvg9t7CA,バルトロン　一般ＪＫモカ VS ショウエイシステム【ファミコン実況】モカと不思議な黒猫
3219,南乃 ふたば🌱Nan-no Hutaba,,588,2026-10-08,1.0,1.0,シューター,外す（登録者が少ない）,,https://www.youtube.com/channel/UCRZmSYeP0jsi5eE1QP3jpOQ,【QUARANTINE ZONE】#8| 最終回！この戦いを終わらせに来た！※雑談多め＃ゲーム実況
3220,すくウル,,586,2026-08-25,1.0,1.0,,外す（登録者が少ない）,,https://www.youtube.com/channel/UCWiBOZOWmePWbuw27lFwHig,海外で話題の『SAN値が削れるホラーMOD』が過去一ヤバい【マイクラ】【新人ゲーム実況グループ】
3221,オジジとオババと思い出作り,ストリーマー,585,2026-10-01,0.0,1.0,,外す（登録者が少ない）,,https://www.youtube.com/channel/UCc3hFDO1A4uxSl_yKsljJYg,ジンギスカンパーティ🎈オジジとオババと思い出作り がライブ配信中！
3222,レイの工房,,585,2026-09-22,0.0,1.0,,外す（登録者が少ない）,,https://www.youtube.com/channel/UCHK67N9KT3GUoA1rIsnBkUw,【アレックス】めっちゃ自己流な希望の使い方講座！【with夜語トバリ】
3223,神々廻千尋,,583,2026-09-07,0.65,1.0,,外す（登録者が少ない）,,https://www.youtube.com/channel/UC-5kVKTf0uG1HqDvfry9raA,【2026年夏休み企画第３弾】神々廻千尋の夜廻三　第３廻
3224,ゴートジカちゃんねる,,583,2026-09-28,1.0,1.0,パズル,外す（登録者が少ない）,,https://www.youtube.com/channel/UCrXqqnpMXCTfKMc6FP2flqQ,ポピープレイタイムチャプター4が怖すぎてやばいｗｗｗ【PoppyPlaytime Chapter4】
3225,氷見アイル,,580,2026-09-08,0.21,1.0,アクション（横スクロール）,外す（登録者が少ない）,,https://www.youtube.com/channel/UCEA9BOFh-sa0LvUuAXKC1zQ,#236【音ゲー】IIDX 33 Sparkling Shower AC配信・DoFスコア詰め【氷見アイル 】
3226,ぽっこーん　スト6配信,,580,2026-09-09,1.0,1.0,,外す（登録者が少ない）,,https://www.youtube.com/channel/UC04Jsz1q3GHNNzngnFqfNxQ,【スト6】3日ぶりの豪鬼ランクマ！【縦型配信】
3227,一二三まぐろ😸🐟,,575,2026-10-06,0.54,1.0,シューター,外す（登録者が少ない）,,https://www.youtube.com/channel/UCw9ItMEys4-5nD_jH0XUVXg,一二三まぐろ😸🐟　SDガンダム ジージェネレーション エターナル 　実況プレイ　Part9
3228,餡くま-ankuma,,575,2026-08-31,0.15,1.0,シミュレーション,外す（登録者が少ない）,,https://www.youtube.com/channel/UCjBRHBCFA8A--DspkGklNHw,[#将棋ウォーズ] #配信者新星戦 本番。全力で楽しむ！ 　[餡くま視点]
3229,角換わり5201,,575,2026-09-05,0.0,1.0,,外す（登録者が少ない）,,https://www.youtube.com/channel/UCj6jewhEnou9ASJr6x8JfIQ,【サカつく 2026配信 】#53 アクセサリー集めします！※対戦希望あればお気軽に
3230,黄緑色のジャージ,,575,2026-10-07,0.82,1.0,アドベンチャー,外す（登録者が少ない）,,https://www.youtube.com/channel/UCTxSmfeaJ7GD_Gx_2kbOoyQ,この学校、帰れない。【Corpse Party】#3
3231,あみパティあめ,,574,2026-08-28,0.29,1.0,レース,外す（登録者が少ない）,,https://www.youtube.com/channel/UCMgVn8h60Jxgal7K6ihxGsA,#002-004 ダークワイエットゲーム劇場『ポケットモンスター　シャイニングパール』
3232,【レトロゲーム】いろんなゲームゆっくり実況,,574,2026-09-12,0.15,1.0,ノベル,外す（登録者が少ない）,,https://www.youtube.com/channel/UChkwsGYxtLSFBsnsUemIn3Q,【ゆっくり実況】T.M.N.T. タートルズ【レトロゲーム】
3233,イレブンテレビは皆様のおかげで総再生数10万回突破,,573,2026-09-29,0.0,1.0,,外す（登録者が少ない）,,https://www.youtube.com/channel/UCPVgKgdg8e_RJ6qm_DZJoVQ,【 #棋桜 】参加型！友達対局の予約システム導入！みんなで将棋を楽しみながら10月1000人を目指す！
3234,ダイフク　ゲームch,,572,2026-10-03,0.85,1.0,RPG,外す（登録者が少ない）,,https://www.youtube.com/channel/UCgfbOzgYr4g9vKKCrfnZnoQ,【雀魂】やかましい4人で麻雀【音量注意】【ダイフク視点】#雀魂  #コラボ配信  #ゲーム実況
3235,沖縄移住ゲーマーゆう,,570,2026-08-30,0.83,1.0,アドベンチャー,外す（登録者が少ない）,,https://www.youtube.com/channel/UCPAgjWR434v9opT71LM_wNQ,裏ドルアーガの塔 #1 The Tower of DRUAGA Another Tower #ゲーム実況 #レトロゲーム
3236,カド吉,,570,2026-09-25,0.08,1.0,ストラテジー,外す（登録者が少ない）,,https://www.youtube.com/channel/UCN5FP8t807zdRPksxkAknvQ,【FF7EC】ロサンゼルスのSEVENTH HEAVENに行ってきた【Vlog】
3237,アミーゴ,,569,2026-08-31,0.89,1.0,,外す（登録者が少ない）,,https://www.youtube.com/channel/UCD5X25BG9zEC7fFdBPmaVnw,【シルバー帯】5日でどこまで上がる？5日目 #オーバーウォッチ2  #あみチャーハン #ゲーム実況 #ゲーム配信 #個人
3238,茶鹿秀太(しゃろくしゅうた)@A little mermaid,,569,2026-08-29,0.08,0.92,シミュレーション,外す（登録者が少ない）,,https://www.youtube.com/channel/UCMS0cbfnEiWlikocq4urnEg,【#Fog_LIVE】Blue_Fogお誕生日記念 歌枠リレー　　誕生日に爆竹のファンファーレ【茶鹿秀太】
3239,琥珀かおる🥃,,568,2026-08-29,0.05,1.0,シミュレーション,外す（登録者が少ない）,,https://www.youtube.com/channel/UCd0QBIQHPC_9_4zOLp5R4Vg,【将棋】＃２４１　配信者新星戦の練習をする三間王【将棋ウォーズ】　#short
3240,おさかなチップス2,,568,2026-08-24,0.0,1.0,,外す（登録者が少ない）,,https://www.youtube.com/channel/UC53u7Zzpxp7qdd4Tp4v-xUA,おばかなチップス2 がライブ配信中！
3241,BROOKSのゲーム箱,,567,2026-10-03,1.0,1.0,アドベンチャー,外す（登録者が少ない）,,https://www.youtube.com/channel/UCC1jBjnsCT1tyP3JXo3RAag,【Cursed Companions】クリアする為に愛の言葉を囁き合おう♪♪【TAC視点】
3242,葉月 はぁてるch,,566,2026-09-22,0.85,0.8,ストラテジー,外す（登録者が少ない）,,https://www.youtube.com/channel/UCmo33In3hJppAt5vglF-uYw,【Valorant】バナナをたたき起こして、チルVALO！【葉月視点】
3243,エマノGames(ゲーム実況),,561,2026-09-27,0.43,1.0,シミュレーション,外す（登録者が少ない）,,https://www.youtube.com/channel/UC_FhOfcSsLlxpLGIE5EmLzQ,【みんゴル ワールド】月まで飛んでけぇぇぇ～コノヤローwww【実況#220/みんなのゴルフWorld/あやめヶ原ｶﾝﾄﾘ
3244,まるしー【引き笑いゲーム実況】,,559,2026-08-28,0.77,1.0,,外す（登録者が少ない）,,https://www.youtube.com/channel/UC4ipTmV1fvlDKPZSND0eRXg,【バナンザ初見】引き笑い #3【ドンキーコング バナンザ】
3245,おれんじの俺んち,,558,2026-09-24,0.5,1.0,パズル,外す（登録者が少ない）,,https://www.youtube.com/channel/UCGMSAmiDUj0Grwz6Qrh2POQ,【B面】切ないアクションパズルゲームが高難易度化した結果【With My Past  - 私の過去とともに】実況プレイ
3246,紅魔館ナイトチャンネル【ゆっくり実況】,,558,2026-09-28,0.2,1.0,RTS,外す（登録者が少ない）,,https://www.youtube.com/channel/UC1VHERk16Hu50ZnFWVCCNzQ,【食料問題は解決】パチュリーの「They Are Billions」#2【ゆっくり実況】
3247,すだこの巣,,557,2026-09-27,0.85,1.0,RPG,外す（登録者が少ない）,,https://www.youtube.com/channel/UClgGhMgvlRcnUItP7fDRlhg,PS　トルネコの大冒険２
3248,ゆっくりかも,,556,2026-09-01,0.45,1.0,シミュレーション,外す（登録者が少ない）,,https://www.youtube.com/channel/UCfADrHPJ6TNJTMveUDnRD-Q,【Cities: Skylines】#08 のんびりと【ゆっくり実況】
3249,田中カヌレちゃんねる,,555,2026-09-13,0.4,1.0,,外す（登録者が少ない）,,https://www.youtube.com/channel/UCzTDtVNMNSLGj2KX53LkCUA,【初見さん大歓迎/雑談】ZA☆TSU☆DA☆N【田中カヌレ/個人勢Vtuber】#雑談 #vtuber
3250,SHIN's Fun Factory (シンのあれこれ),,554,2026-08-23,0.0,1.0,,外す（登録者が少ない）,,https://www.youtube.com/channel/UCvdYjpWua-U8wWbDIg5qZEQ,将棋ウォーズ1手10秒三段になりたいおじさん
3251,雲仙【雀魂ゆっくり実況】,,554,2026-08-30,1.0,1.0,,外す（登録者が少ない）,,https://www.youtube.com/channel/UCDdnItrmHwkWUBqU7C-pt7w,"【雀魂】”振聴""多面張ってどのくらい信用していいのか分からん？？【ゆっくり実況　雀豪3編＃56】"
3252,あまの,,548,2026-08-28,1.0,1.0,アクション（横スクロール）,外す（登録者が少ない）,,https://www.youtube.com/channel/UCXcIzmzqJnFA-d343td6yTw,シルクロードクラシック雨天マスターズ！第24回大会【みんなのゴルフワールド】任天堂スイッチ版　任天堂スイッチ2でプレイ
3253,えれたまch / 【プロスピA×音声実況動画】,,548,2026-10-04,0.25,1.0,,外す（登録者が少ない）,,https://www.youtube.com/channel/UCfXVDRiDcHBck-HKP1KX6Ow,【プロスピA】一番速いのはどれだ!?ノビ!豪速球!ジャイロボール!球持ち!【COEIROINK】
3254,ずむちゃ@公式切り抜きチャンネル,,547,2026-09-19,1.0,1.0,RPG,外す（切り抜き）,,https://www.youtube.com/channel/UCh081zVADktl8rYfd6pwGsw,【エルデンリング】Eldenring【twitch同時配信】
3255,グリンの趣味部屋,,545,2026-09-07,0.64,1.0,,外す（登録者が少ない）,,https://www.youtube.com/channel/UCTOVIyO2d4XWMbAtV-97HTw,【#VALORANT】スイフトで優しい野良に会いに行く！ #参加型【初見さん大歓迎 】 #vtuber
3256,さばろん,,544,2026-09-19,1.0,1.0,ポイントクリック,外す（登録者が少ない）,,https://www.youtube.com/channel/UCVgxBJQInZ_7Jj5yeWNpXeA,【ARK】ASA公式PVPスモールトライブRE Part:10【ゆっくり実況】
3257,ふゆさくら,,543,2026-09-01,0.15,1.0,,外す（登録者が少ない）,,https://www.youtube.com/channel/UCt7wgwXEulXt4xpS-HrQMSQ,♯７おまけ【ＦＦ５ピクセルリマスター】筋肉はすべてを解決する！素手縛り攻略！！オメガ・神龍討伐！【初見さん歓迎！】
3258,NOLTUSAN【ノッサン】ch,,543,2026-09-13,1.0,1.0,シューター,外す（登録者が少ない）,,https://www.youtube.com/channel/UCNTF6Fr6ISsP-AetaPKPPYw,【APEX】破損プラウラーが最強らしい!!#ゆっくり実況 #apex #プラウラー
3259,緋弾‐ひだん‐,,540,2026-09-08,0.75,1.0,ストラテジー,外す（登録者が少ない）,,https://www.youtube.com/channel/UCTle0Ce4uLUXKc3iQMlFvOQ,"｛#初見歓迎 /#緋犬海猫団｝おもしろ釣りゲー遊んでみるぞ！ ""How to Fish""【#新人vtuber #コラボ "
3260,まっちゃくんですよ,,539,2026-08-26,1.0,1.0,,外す（登録者が少ない）,,https://www.youtube.com/channel/UC02HRxD8noJ7sECzvMU58tg,大会で戦った激つよぷよらーと再戦！！【ぷよぷよテトリス2】#ぷよぷよテトリス2 #tetris #games #sega
3261,幽透乃凪_usuinona#登録者600人目標!!,,537,2026-09-17,0.65,1.0,アドベンチャー,外す（登録者が少ない）,,https://www.youtube.com/channel/UCIehKJCuJzCW2DrdcPZVhBw,【#ホラゲ配信 】 OUTLAST2  PART3　 #ゲーム配信  #新人vtuber #ホラーゲーム　グロ注意自己責
3262,メタモン攻略ch,,535,2026-08-28,0.0,0.0,,外す（登録者が少ない）,,https://www.youtube.com/channel/UC9Hg5VEk-CKoeUd3amMLfCQ,
3263,きまま,,534,2026-08-29,0.0,1.0,,外す（登録者が少ない）,,https://www.youtube.com/channel/UCnNF5GjlY5m8vteVoS8FeKw,※開始時間未定【#実写 】再び帰ってきたリングフィットォォォオオ！！！＃4【#リングフィットアドベンチャー】
3264,ブロッコリー王子,,533,2026-09-02,0.28,1.0,アクション（横スクロール）,外す（登録者が少ない）,,https://www.youtube.com/channel/UCKw446MjS5y0dkjWrfmflVQ,【初見さん大歓迎】神配牌ください【雀魂】【参加型】
3265,めいこのめ🌱ライブ配信メイン,,532,2026-10-06,0.0,1.0,,外す（登録者が少ない）,,https://www.youtube.com/channel/UCSOHscP3KJykHwpG2FxVoog,忍足侑士vs忍足謙也三角関係エンドで喧嘩する💗謙也タッチMAXスチル💗告白＆ネタバレ有り【テニプリ】
3266,シーオーエム【COM】です,,531,2026-09-04,0.6,1.0,,外す（登録者が少ない）,,https://www.youtube.com/channel/UCEK6Xg9LXPm1TJrRABVc-zQ,せっかくだから新キャラのカニを使おう「マリオカートワールド」【マリカ】
3267,爽やか,,529,2026-09-21,0.0,1.0,,外す（登録者が少ない）,,https://www.youtube.com/channel/UC0sIrcpkF7FJVjYg2bew22Q,スーパーマリオメーカー2でSASUKEワールドカップ2026を再現してみた
3268,アリン•アンスリューム,,529,2026-09-27,0.16,1.0,シューター,外す（登録者が少ない）,,https://www.youtube.com/channel/UC9j4IOGkJtILQFVgNqOB2lw,OBS配信　グラブルリリンクエンドレスラグナロク　視聴者参加型
3269,おでおでん,,528,2026-10-08,1.0,1.0,,外す（登録者が少ない）,,https://www.youtube.com/channel/UCI53TevlTna4vDGE3QAWZCg,【スーパーダンガンロンパ２】ここから先は慎重に言葉を選べ
3270,カズマのゲーム修行,,528,2026-09-21,1.0,1.0,,外す（登録者が少ない）,,https://www.youtube.com/channel/UC9eHsThaWjSYTqXoHHzZL6w,【スト６】ブランカもうちょっとでマスターだから見てて(*⁰▿⁰*)【SiNカズマ】
3271,ヴィヴィおのCh.,,526,2026-08-31,0.93,1.0,RPG,外す（登録者が少ない）,,https://www.youtube.com/channel/UCWgm1vN8uItVwvGnGXW7nYw,【 #FGO】ヴィヴィおの明後日までになった90++周回をひたすら繰り返す雑談配信！！《縦型配信》
3272,つば,,525,2026-09-24,0.0,1.0,,外す（登録者が少ない）,,https://www.youtube.com/channel/UCzik9Y03PwVE14DWvZtud7w,【CHUNITHM】適当配信 #CHUNITHM #チュウニズム #音ゲー
3273,ゲーム実況　uiton,,524,2026-08-23,0.18,1.0,,外す（登録者が少ない）,,https://www.youtube.com/channel/UC3uLooxHy8v8TZWJPkFfJ4A,プリキュアファンの方が作った８股男になれる神ゲー【俺の彼女は元プリキュアですがそれが何か】#１
3274,アルティメット茶碗蒸し,,523,2026-09-25,1.0,1.0,RPG,外す（登録者が少ない）,,https://www.youtube.com/channel/UCF0Z8bjSijRrsD7ILEyibnA,【図面なし】龍泡泡旅行記・2＆3【アークナイツ:エンドフィールド】
3275,GEBOさん【ゲーム実況】,,522,2026-10-05,0.62,1.0,シミュレーション,外す（登録者が少ない）,,https://www.youtube.com/channel/UCBDbCRLyBxbEXfmK91vFCLw,深夜にタクシー運転手をしたらとんでもない事に....【樹海への道：Road to Jukai】
3276,ふわ推しタイム【VTuber切り抜き】,,520,2026-09-19,0.0,0.0,,外す（切り抜き）,,https://www.youtube.com/channel/UCrDZsztmF2tXeAOiWYBu0fw,
3277,raimgi,,518,2026-09-21,1.0,0.89,RPG,外す（登録者が少ない）,,https://www.youtube.com/channel/UC2u3xRLr-uYXzA27AvrlNpQ,【FF14】日課！ #朝活
3278,喧音波(やかまし おんぱ),,516,2026-09-26,0.81,1.0,シミュレーション,外す（登録者が少ない）,,https://www.youtube.com/channel/UCnMiYl9UCAjgrxtkQTubdhg,【 How to Fish 】#1│ほのぼの釣りライフ【 喧音波 / #新人vtuber 】
3279,チサータチャンネル,,515,2026-08-24,1.0,1.0,,外す（登録者が少ない）,,https://www.youtube.com/channel/UCn2pGNXNHvsoGgxTXiWf3Ag,【ゆっくりゲーム実況】　ゼルダの伝説　ブレスオブザワイルド　実況パート１０２　厄災が起こった悪夢の日。それでも歪んだ歴史
3280,SHO拳チャンネル,,511,2026-08-26,1.0,1.0,,外す（登録者が少ない）,,https://www.youtube.com/channel/UCTlsaUeTv82ofJId7AzlE8A,【鉄拳8/steam】破壊神伍～分からない事はすぐに調べるマン！
3281,ぴょんきち。,,509,2026-09-22,0.92,1.0,RPG,外す（登録者が少ない）,,https://www.youtube.com/channel/UCIUNFzsF0bGtk-i2HML_0HQ,超ムズい「パリィ」を使って冒険するゾ『MORTAL SHELL2』
3282,くらもGames,,509,2026-10-04,1.0,1.0,アドベンチャー,外す（登録者が少ない）,,https://www.youtube.com/channel/UC5BtGXFp0DDY-SixJfbZ1zA,シンプルに見えて難しいステージ #6 【Viewfinder】
3283,【ゲーム実況検証ch】ちゃんねるしろがね-sH1rOgΛnΞ-,,503,2026-09-23,0.3,1.0,RPG,外す（登録者が少ない）,,https://www.youtube.com/channel/UCNLlhEM-qh3m3s6mU3snlBQ,【FINAL FANTASY XIV】改めての新生エオルゼア外伝 ジャックさんの日常 #2【ちゃんねるしろがね/sH1r
3284,四方山けぽる,,502,2026-09-22,0.41,1.0,アドベンチャー,外す（登録者が少ない）,,https://www.youtube.com/channel/UCQEpi55I3YWdWCMIiFEsFxQ,【#3🍖】デボラ派けぽちゃん、DQM4体験版で仲間を8体見つける！【四方山けぽる】
3285,勇気六道,,502,2026-10-08,0.0,1.0,,外す（登録者が少ない）,,https://www.youtube.com/channel/UCq31albuyHuP4RXdhjSwovA,【解説】Orcaさん公認呪術廻戦mod公式アドオン『jujutsucraftv』解説パート3 建物編
3286,Yugoのなんでも部屋,,497,2026-08-25,1.0,1.0,ポイントクリック,外す（登録者が少ない）,,https://www.youtube.com/channel/UCqqOx8kT_7GpqgQUTO2wY2w,4人だけでHiveの名作「Murder Mystery」を遊んだら・・・【ゆっくり実況】
3287,マーサー王×般若翁の部屋  /ゲーム実況チャンネル,,493,2026-08-27,0.33,1.0,,外す（登録者が少ない）,,https://www.youtube.com/channel/UCbiv3b02eWF6trP9pROIu-g,名作！バイオハザードをやってくよー♪怖かったら逃げるから！あとはよろしく✨【バイオハザード4リメイク】
3288,がんばれ山田くん2号,,491,2026-09-22,1.0,1.0,,外す（登録者が少ない）,,https://www.youtube.com/channel/UCbAKCmBnZGlcKmGIFm7DPsQ,"【検証】SEKIROって本当に難しいのか？ 初見,死にゲー未経験者が24時間チャレンジした結果"
3289,だいくれch,,490,2026-08-26,1.0,1.0,ストラテジー,外す（登録者が少ない）,,https://www.youtube.com/channel/UCz0lWq63kk_sl4ncaIukQ9w,新キラージャッジメント来たぞ！過去最高難易度のキラー！【Dead by daylight】【DBD】
3290,uyaya切り抜き,,489,2026-09-24,0.0,0.0,,外す（切り抜き）,,https://www.youtube.com/channel/UCurqd5LAu6s-0gE4cQOLDvg,
3291,-toyuri-【マイクラ実況】,,486,2026-10-09,0.0,1.0,,外す（登録者が少ない）,,https://www.youtube.com/channel/UC4ATwlBxXOv8-YmtIBsKAeQ,【参加型】今日も参加型配信やっていくぞー！
3292,ぱーてぃBoy   ゲームチャンネル,,483,2026-09-19,0.85,1.0,ストラテジー,外す（登録者が少ない）,,https://www.youtube.com/channel/UCgqT7lkWu-LRuuOZMmIB-Dw,#31　鉄拳8 破壊神？僕はいけない、破壊神。ｗ
3293,【まぐとろろ】,,483,2026-08-31,0.67,1.0,シューター,外す（登録者が少ない）,,https://www.youtube.com/channel/UCYu23Qt95L6ldRFuaBp6t8w,【タルコフ】これもまたタルコフ。ストレスMAXライトハウス編
3294,ちーいずファミリー ゆるっと日常とゲーム,,481,2026-10-02,0.85,1.0,音ゲー,外す（登録者が少ない）,,https://www.youtube.com/channel/UCtDEtLcPnZzY3OInMuXYOEQ,【フォートナイト】ちーいずのゲーム配信！【500人まであと19人】
3295,白羽雪人,,479,2026-10-01,0.6,1.0,シミュレーション,外す（登録者が少ない）,,https://www.youtube.com/channel/UC89A-RzVAlyZny13pJW7LtA,お掃除ロボが優秀すぎて絨毯洗いがほぼ自動化したお掃除ゲームを実況プレイする #7【絨毯を洗うゲーム】
3296,のこし,,477,2026-09-25,0.0,0.0,,外す（登録者が少ない）,,https://www.youtube.com/channel/UC-sm8bu6kbepOaNkwuUEV4Q,
3297,e-sports cafe ZERO,,475,2026-09-11,0.7,0.95,ポイントクリック,外す（登録者が少ない）,,https://www.youtube.com/channel/UCaC7oyYhgsC_3neyTVS8MQg,【ポケモンチャンピオンズ】第3回POKEZERO CUP【e-sports cafe ZERO】
3298,すまいるしょー!,,474,2026-09-03,0.67,1.0,,外す（登録者が少ない）,,https://www.youtube.com/channel/UCyiEZjOUVkOmC6mM0YsWr7w,【悲報】義勇さん、蜜璃ちゃんに刃を向け伊黒さん大激怒。【鬼滅の刃ヒノカミ血風譚2】【ゲーム実況】【甘露寺蜜璃】【冨岡義勇
3299, qno ch くのチャンネル,,474,2026-09-06,0.3,1.0,シミュレーション,外す（登録者が少ない）,,https://www.youtube.com/channel/UCU_krj0yraolrlDL_rHj5ig,"【Supermarket Chaos】なんか4,668個の商品を片付けなきゃいけないらしい。"
3300,ちょも,,473,2026-08-28,0.0,1.0,,外す（登録者が少ない）,,https://www.youtube.com/channel/UCCY6Yv-24ZfkPL4Ra5tCsOA,【棋桜】水着ユキさんガチャ引くぞ！
3301,せんるくす,,473,2026-08-25,1.0,1.0,,外す（登録者が少ない）,,https://www.youtube.com/channel/UC92gjkOH9UIcrguuF6Rcn6A,【白猫攻略】浴衣ルカを入れたトリプル暴風PT 打練磨〈破〉超級 #白猫プロジェクト
3302,星泉あぽろ / Hoshizumi Aporo,,473,2026-09-27,0.73,1.0,インディー,外す（登録者が少ない）,,https://www.youtube.com/channel/UCVY2zp1mdcTek9GeKGCwVHg,【 VALORANT 】9月も終わりだね～ってことで参加型スイフトやるよ～ 星泉あぽろ/Hoshizumi Aporo
3303,紅ーbeni,,471,2026-09-19,0.95,1.0,シミュレーション,外す（登録者が少ない）,,https://www.youtube.com/channel/UCNqWNViPFRkmtN4XaHF6Tcw,【鉄拳8/TEKKEN8】鉄拳はやればやるほどいいんだよ(個人の意見です)
3304,蓮野,,470,2026-10-08,0.0,1.0,,外す（登録者が少ない）,,https://www.youtube.com/channel/UCDPJCfjHLxTeiPmc5EZ9RKQ,【Sicilian Defence】東北きりたんのほぼ月刊chess #5
3305,ハタミヤ,,469,2026-08-11,0.7,1.0,RPG,外す（登録者が少ない）,,https://www.youtube.com/channel/UCq0mpqNNMfai92KuLPBGM3w,#56 【FINAL  FANTASY VIII】FF8を初見プレイ！【女性実況】
3306,VS.LEAGUE [Vtuber将棋リーグ],,469,2026-09-12,0.0,1.0,,外す（登録者が少ない）,,https://www.youtube.com/channel/UCbIEo345eyU_6k_jGJaOsLg,【#将棋 /#vtuber 】 VSリーグ振り返り配信
3307,伊椎 馨 / Kaworu Ishii,,467,2026-08-30,0.67,1.0,,外す（登録者が少ない）,,https://www.youtube.com/channel/UCGJWNWTxMaHdjeW4wbzBI-A,【メイドインバイト】可愛い性別不詳メイドとの日々【伊椎 馨いしい かをる／個人VTuber】
3308,わんばうちゃんねる,,465,2026-09-04,0.11,1.0,,外す（登録者が少ない）,,https://www.youtube.com/channel/UCLUHUkwR1WJsujUBkDU2b_Q,【#雑談配信】#9 酒！飲まずにはいられないッ！【御手伏ほえる/御手伏うなる】#vtuber
3309,霧懐ハカナ / Munatu Hakana,,464,2026-09-06,0.75,1.0,シミュレーション,外す（登録者が少ない）,,https://www.youtube.com/channel/UCg2F-C8syLh5uwhcVXZnelg,仕事中に謎の儀式を手伝わされるガソスタ経営が楽しすぎる！【Shift At Midnight】 Part2
3310,ユメヒロ【Yumehiro】,,462,2026-09-03,0.56,1.0,RPG,外す（登録者が少ない）,,https://www.youtube.com/channel/UCWzpFCRGXTWhOOnyusw2tPw,【Beast of Reincarnation】ボスカラスがダルすぎんだよ！！【#9】
3311,六海の遊び場,,462,2026-10-07,1.0,1.0,シューター,外す（登録者が少ない）,,https://www.youtube.com/channel/UCEyuMFfIE00KIoL_rMHwzvg,【バイオRE4】スタンダードS+初挑戦 #2【ネタバレ注意】
3312,星空りん@創作系Vtuber,,461,2026-09-26,0.0,1.0,,外す（登録者が少ない）,,https://www.youtube.com/channel/UCP1s6WzCzpUACNXa6IRY0kQ,【朝活／雀魂】日曜の朝は、勝敗よりごきげん優先☀️🀄✨【初見さん大歓迎】
3313,ババデル,,461,2026-10-07,0.6,1.0,RPG,外す（登録者が少ない）,,https://www.youtube.com/channel/UCqFaNciV2rZVl78HqAdPqKQ,【スタレゾ/参加型/雑談】装備集め！ステ調整！新設ギルメン募集中！【PC/PAD】
3314,セリーナ　鳴潮メイン,,460,2026-09-29,0.0,0.0,,外す（登録者が少ない）,,https://www.youtube.com/channel/UCQHeJxhIjIaidTP9Lg1XiqA,
3315,黒猫にゃんだーシミュレーション実況所 「街づくり.鉄道】,,459,2026-09-12,0.94,1.0,シミュレーション,外す（登録者が少ない）,,https://www.youtube.com/channel/UCclkFnt7IUgg7oBHpuaKM-g,バス車庫を増やしても車両不足が消えない！？駅前の渋滞も解消してみた#94 【Cities: Skylines 2】
3316,ユウ=シュトライカー,,456,2026-08-24,0.5,1.0,インディー,外す（登録者が少ない）,,https://www.youtube.com/channel/UCHgZCttQKW-xxndM44xYinQ,【ARK:Aberration Ascended】イーリンをテイムしたいよ#3（ARK/ASA/スコーチドアース）
3317,Y.のゲーム倉庫🍎Mの裏庭,,455,2026-08-29,0.89,1.0,シューター,外す（登録者が少ない）,,https://www.youtube.com/channel/UCiH_vslJNQaWKTKKzXVKWcg,​PS5【EDF6】エアレイダー突然HARD！M57・M58・M59の大空洞で爆弾パーティー大乱戦！(#29)🍎Yuno
3318,AIG Channel,,454,2026-08-29,0.68,0.95,,外す（登録者が少ない）,,https://www.youtube.com/channel/UCf5PVVUxEJ55rwO_im9Zxxg,教授を投げさせながら育てる、まさにフィールドワーク【パワプロ2026 栄冠ナイン七ツ星高校編#16】
3319,カル(Kalu),,452,2026-09-26,0.0,1.0,,外す（登録者が少ない）,,https://www.youtube.com/channel/UCZsGR9GmIor0GjIYMcy4G0Q,まずは基本操作だけで黄金ライネル討伐
3320,のののちゃんねる,,449,2026-08-28,0.85,1.0,シミュレーション,外す（登録者が少ない）,,https://www.youtube.com/channel/UCNPvNCO-_Na685fQ-5A6ILg,【棋桜 -KIOU-】将棋指すよう【縦型配信】
3321,しおみんの3日目でバナナ1本。,,449,2026-09-19,0.41,1.0,,外す（登録者が少ない）,,https://www.youtube.com/channel/UC8A0QpDKYW9fCXpwVwvj6yw,#7🧺【トルネコの大冒険】初見プレイ！目標はリレミト。。。
3322,Duke  CH,,449,2026-09-19,0.67,1.0,,外す（登録者が少ない）,,https://www.youtube.com/channel/UC0e8FHkpEBkVefRV4v2HX-Q,【荒野行動】増殖Emoji達と荒野行動
3323,ピコピ子,,448,2026-10-06,0.0,1.0,,外す（登録者が少ない）,,https://www.youtube.com/channel/UCCw8pm9gqKVSTn309lqDiFw,リクエスト枠 (FC)覇邪の封印　#13　#ゲーム実況　#レトロゲーム
3324,狐結【Komusubi】,,446,2026-10-03,0.83,1.0,アドベンチャー,外す（登録者が少ない）,,https://www.youtube.com/channel/UCu0wnt_uaCmj-HCQ1uNI23A,【ARMORED CORE VI】#6  Sランク全埋めって大変な気が......　シリーズ完全初見　※ネタバレあり
3325,熊乃ドラクルch,,445,2026-09-22,0.5,1.0,アドベンチャー,外す（登録者が少ない）,,https://www.youtube.com/channel/UCxg6A7tmaUOnS0WO5Yn-LYg,最終回【初見実況】春ゆきてレトロチカ　実写ドラマを駆使した本格推理アドベンチャーに挑戦だ！！さあ、推理の時間です♪　#春
3326,おやさい,,445,2026-09-07,0.85,1.0,シューター,外す（登録者が少ない）,,https://www.youtube.com/channel/UCv5TKEPjwWknlVqIYwssfJg,[Delta force / 参加型]　久々にさわる！
3327,仲村あずにゃんチャンネル,,444,2026-08-29,0.7,1.0,RPG,外す（登録者が少ない）,,https://www.youtube.com/channel/UCZhrYuUtFRUq2gau9Zbu9tw,#9【Grounded2】公園広場探索しながら進める ライブ配信
3328,しゅらりん🐸🎐,,444,2026-09-28,0.8,1.0,シューター,外す（登録者が少ない）,,https://www.youtube.com/channel/UC9oEZd6mcktBkTNuqkqrtKw,【エルデンリングナイトレイン】※コラボ配信※　さぁさぁ皆様聞いて驚け！！見て笑え！！
3329,SABANO  GAME 【登録者450人目標】,,443,2026-08-24,0.7,1.0,,外す（登録者が少ない）,,https://www.youtube.com/channel/UC0ozYL8bhITg7ocDMlUARuA,なんかするよ
3330,永都七々はこれでもゲームがすき!,,442,2026-08-29,0.33,1.0,アドベンチャー,外す（登録者が少ない）,,https://www.youtube.com/channel/UCur-vuj37wgJVGgtfwIU6Kg,格安・即日入居ＯＫ！【事故物件アパート】ホラーゲーム実況プレイ#part1
3331,STACEY,,439,2026-08-19,1.0,0.0,シミュレーション,外す（登録者が少ない）,,https://www.youtube.com/channel/UCtd1m_D5lj-vomRsAlspgWQ,TUTO MODS RÉALISTE MINECRAFT
3332,狗叉ケイ,,438,2026-09-27,0.76,1.0,RPG,外す（登録者が少ない）,,https://www.youtube.com/channel/UC5ZUWK4lhu-F3-728Y76dUA,【ELDEN RING】初見プレイ！竜ツリ絶対倒すマン【狗叉ケイ/#狗叉ライブ中 】
3333,かいねこ / ゆっくり,,434,2026-08-28,1.0,1.0,シミュレーション,外す（登録者が少ない）,,https://www.youtube.com/channel/UCJ-M2CWrQCEbRZ2lIBB0QeA,【ゆっくり実況】熊退治に向けて鎧作成しようとするが素材不足！？熊退治の準備【Mandate Order】#3
3334,ゆっくりカート部,,433,2026-09-11,0.69,1.0,,外す（登録者が少ない）,,https://www.youtube.com/channel/UCK1IiSfMS09hbJ5tTXDD82w,【検証】練習開始から5分、30分、1時間でタイムはどれくらい更新できる？練習時間別TA!【DKスノウマウンテン】　　【マ
3335,もこう信者,,431,2026-08-27,0.0,0.85,,外す（登録者が少ない）,,https://www.youtube.com/channel/UCwaHeYWdQ-y3P_2u3Fi_e_Q,[配信🔴]CHUNITHMやるZE ユニ黒で破滅
3336,譜音 優愛CH,,431,2026-09-04,0.4,1.0,アドベンチャー,外す（登録者が少ない）,,https://www.youtube.com/channel/UCshlaTVV6QMOp9TmQUUxVsQ,【鬼武者 Way of the Sword】おじさん、侍になるゲームが大好きなんだ#0～夜勤前に触りだけやります～
3337,Puteko Games,,431,2026-09-19,0.33,1.0,シミュレーション,外す（登録者が少ない）,,https://www.youtube.com/channel/UC_iZB9VeA87k4k0MwQQFG4A,【Vacation Cafe Simulator】🏍スクーターを買う👛 | #03【Steam】
3338,Jprocom,,430,2026-08-23,1.0,1.0,RPG,外す（登録者が少ない）,,https://www.youtube.com/channel/UCAnxbsc7c9X8MFvlC_taowA,TOPレーナーの生態について③【LoL】【リーグオブレジェンド/TOP】
3339,上原りせ,,424,2026-08-30,0.95,1.0,シューター,外す（登録者が少ない）,,https://www.youtube.com/channel/UCsxhW7p2BX8gLRQXrNIanVg,【RUST】2回目の参戦で優勝！？RUSTでバトロワ！キルするぞ！【TJA4RUSTNEXUS】#TJA4 #tja4r
3340,motomo,,424,2026-09-26,0.0,1.0,,外す（登録者が少ない）,,https://www.youtube.com/channel/UC_QaFEICr5FzOljExNtv5Og,【ヒカニチ】カラオケだね、楽しみます
3341,げのたのレトゲ,,423,2026-08-28,0.94,1.0,RPG,外す（登録者が少ない）,,https://www.youtube.com/channel/UCZJsKbpI9w_nCQoo2H3rbdw,【FF6】30年越しの初クリアへ！40代が小学生時代の挫折に挑むファイナルファンタジーVI 実況配信
3342,猫の二度見ゲーム,,421,2026-09-27,1.0,1.0,格闘,外す（登録者が少ない）,,https://www.youtube.com/channel/UCqILRTAS2k6mYk0AHTOe21g,【ヒロアカUR】260927 参加型、人来たらカスタム
3343,ぬえトラ,,421,2026-08-28,0.05,0.74,アクション（ハクスラ）,外す（登録者が少ない）,,https://www.youtube.com/channel/UCO-vI3g4IPtMev9eUDJyJGA,【💩】ソロでのんびりG級クリアまで 村クエ下位から【MHP2G】 #3
3344,ざっそ,,420,2026-08-27,1.0,1.0,シューター,外す（登録者が少ない）,,https://www.youtube.com/channel/UC9IBxoV5ceYwUZ08bwX15lA,【パルワールド/PS5】夏風邪には十分に気をつけましょう
3345,アバランチ,,420,2026-10-01,1.0,1.0,,外す（登録者が少ない）,,https://www.youtube.com/channel/UC8_3nED8X0yoCg2dIqp68ew,【モンスト】バナージ＆ユニコーンガンダムで行ってみよう！【VOICEVOX実況】
3346,ねろりの好きなやつ!,,419,2026-10-06,0.11,1.0,クイズ,外す（登録者が少ない）,,https://www.youtube.com/channel/UCyWn-rfixOiV5sYMYPmPI_w,実にそそるモキュメンタリーホラーADV【『スクジサマ』を巡る考察】2章
3347,おにぎりV3,,418,2026-09-27,1.0,1.0,RPG,外す（登録者が少ない）,,https://www.youtube.com/channel/UCXIbEjJlG6-TymM0nJgAogw,【SF6】二日連続の朝活ランクマ【カスタムも募集中】　#生配信  #sf6
3348,Sim好き饅頭 byゆっくり,,417,2026-09-11,0.0,1.0,,外す（登録者が少ない）,,https://www.youtube.com/channel/UC9c58sVxIe97oxr7vsltDkA,【ゆっくり実況 × カイロソフト】ふれあい出版局でカイロくんを雇う！【経営シミュレーション】
3349,(紺野こん)ストーリー重視のゲーム実況,,416,2026-08-30,0.05,1.0,パズル,外す（登録者が少ない）,,https://www.youtube.com/channel/UCoFTsN2Rm0MulcCObxi7jGg,原神 女性実況 【のんびりドーマンポート探索】 女性配信 初見
3350,Izuhaku,,414,2026-09-14,1.0,1.0,,外す（登録者が少ない）,,https://www.youtube.com/channel/UChJZ9lj4qGeTJBQJktVVlYA,【#スタレゾ】#69　S3レイドハード勢揃い！果たして連戦はクリアできるのか⋯！？　 朝夕メンバー募集！続々加入中！ /
3351,猫神-NEKOGAMI-,,411,2026-09-19,0.67,1.0,アドベンチャー,外す（登録者が少ない）,,https://www.youtube.com/channel/UCXzB8t71ktFp7BngF-ZW29g,シルバーウィーク特別企画！ロビン倒すまで別ゲー実況できまテン！【くまのプーさんのホームランダービー 】
3352,ずんれい【ゆっくり&ずんだもん】,,409,2026-09-26,0.75,1.0,シミュレーション,外す（登録者が少ない）,,https://www.youtube.com/channel/UC5ETMYihr0ExUcHrm4FSMcw,4桁のパスワードを謎解きから見つけ出すゲームが面白すぎる【ゆっくり実況】【What's the Password?】
3353,アトラス ブレス・のんびりゲーム実況部屋,,408,2026-08-02,0.19,1.0,,外す（登録者が少ない）,,https://www.youtube.com/channel/UCIbWrbjplRy-R_4ROFSShEg,【縛りプレイ】Gジェネ クロスレイズ 第33話
3354,ぷらちな!白金 麗愛,,408,2026-10-04,0.2,1.0,格闘,外す（登録者が少ない）,,https://www.youtube.com/channel/UCOCgrU8yyLK__YB2t8fJkyw,【400人記念】ロックマン クラシックス コレクション クリア耐久！！！2枠目！！！！【目指せ1000人】
3355,アヒルのおやつ【大空スバル切り抜き】,,407,2026-09-27,0.0,0.0,,外す（切り抜き）,,https://www.youtube.com/channel/UCO1ZUSeZgixEFQ-9xdZym3g,
3356,Hinomoto Bada Ch. 陽ノ元ばだ,,404,2026-09-27,0.37,1.0,RPG,外す（登録者が少ない）,,https://www.youtube.com/channel/UCixCXsdxqTMnIDPbTsnjwZg,【刀剣乱舞ぱずぎり】初見歓迎❗第二章、ノーマル男子縛りで初見攻略❗ ※ネタバレ注意【陽ノ元ばだ】#2
3357,バトルドーム,,404,2026-10-03,1.0,1.0,,外す（登録者が少ない）,,https://www.youtube.com/channel/UCUxODiXERMnQF-V137UDUZg,ジェネシス9日目 ARK Survival Ascended
3358,anicca【ゆっくり実況】,,402,2026-09-22,0.0,1.0,,外す（登録者が少ない）,,https://www.youtube.com/channel/UC70md5sWJd-7mUmgJCOnAAw,【ゆっくり実況】最難関の「強者の洞窟」攻略！攻略生物はあの化け物？【ARK ASA】part21
3359,永遠野イツカ,,402,2026-09-29,0.88,1.0,アドベンチャー,外す（登録者が少ない）,,https://www.youtube.com/channel/UCCYO1DlWgh5LlkdxTvrmdUw,【雑談＆ゲーム】スーパーイツカの日2026【VTuber】
3360,ヤスリンゲームズ,,400,2026-09-12,0.3,1.0,RPG,外す（登録者が少ない）,,https://www.youtube.com/channel/UCUnXNl5nQWYL7gkvCP-J0AA,【switch版みんなのゴルフワールド #35】新作でも脳筋ゴルフ　ワールドツアー Sランク攻略
3361,花緋@オレオの化身,,398,2026-08-28,0.67,1.0,,外す（登録者が少ない）,,https://www.youtube.com/channel/UC1aQVuHlUt3GzEK7lOW222A,【Minecraft】初心者が洞窟に行った結果…オレオハウス作ります🍪🥛【花緋帝国#2】
3362,チリパッコリ,,398,2026-09-01,0.0,1.0,,外す（登録者が少ない）,,https://www.youtube.com/channel/UCrE-kfMUJWlwSSlid-f08Mg,レジェ3からマスターまではどれくらいかかるのか　#ブロスタ 
3363,ケンケン,,398,2026-09-16,0.0,0.17,,外す（登録者が少ない）,,https://www.youtube.com/channel/UCZ66BLls_k5k6dt-hqmJ1Nw,【最終回】青鬼X part10
3364,日本四人将棋連盟,,397,2026-08-11,0.0,1.0,,外す（登録者が少ない）,,https://www.youtube.com/channel/UCEiqEPE7EcVu0dGb3lj0YGA,【四人将棋】夏の早指し祭２０２６
3365,らいざ-Ryzer-,,397,2026-09-06,0.33,1.0,ストラテジー,外す（登録者が少ない）,,https://www.youtube.com/channel/UCM9Y6--6zGxtuwl02IZjHag,【シージ(R6s):新人研修：53日目】アンランク参加型：FPS初心者🔰｜新シーズン到来✨ 多分経歴的には大先輩💦｜次世
3366,乙(ぶすの国の乙女彦),,396,2026-08-27,0.47,1.0,アドベンチャー,外す（登録者が少ない）,,https://www.youtube.com/channel/UCoLG7etLfZ8iMe8be1R_b4w,JKが丸太持って無双する謎解きゲームってなんぞ？【おばけなんて怖くないJK VS 学校迷宮】
3367,森です,,396,2026-09-02,0.33,1.0,アクション（横スクロール）,外す（登録者が少ない）,,https://www.youtube.com/channel/UCYpe30QCHpKVItOxSvWvjYw,〖ドキドキ文芸学部〗ギャルゲーではなかった　最終回
3368,にじこれ!,,396,2026-09-24,0.64,1.0,シューター,外す（登録者が少ない）,,https://www.youtube.com/channel/UCHsav-5aLxcP_juIH41IwTg,【WARDOGS】戦況をひっくり返せ！激戦区の要衝に自作FOBを建てて前線を押し上げる生配信【参加型/初見歓迎】
3369,みかん | まったりゲーム記録,,394,2026-09-05,0.0,1.0,,外す（登録者が少ない）,,https://www.youtube.com/channel/UCsWv43b07QSf9kFK_TLFFrQ,【#26】ハナダジムを掘り起こして修復してみた（声なし）|建築センス０から始める街づくり【ぽこあポケモン】
3370,ペテンのゲーム部屋,,393,2026-09-04,1.0,1.0,,外す（登録者が少ない）,,https://www.youtube.com/channel/UCFC-sE5Q_Y5S9aLhPXHUbsA,【スマブラ検証】初心者が100時間プレイしたらスマブラVIP行けるのか？Part3
3371,ユーリ,,392,2026-08-28,0.2,1.0,アドベンチャー,外す（登録者が少ない）,,https://www.youtube.com/channel/UCwiyQN71nkO7T-aRjDHXPyw,ゼルダの伝説BotW～マスターモードハート３縛り～٩(๑òωó๑)۶#34
3372,王将マモル,,391,2026-08-28,0.0,0.75,,外す（登録者が少ない）,,https://www.youtube.com/channel/UCsrVy9sTWfDw5nZlKA5V2Ag,【将棋ウォーズ】配信者新星戦練習配信！！
3373,小巡 茉乃星 / Komeguri Manoa,,391,2026-10-01,0.1,1.0,ポイントクリック,外す（登録者が少ない）,,https://www.youtube.com/channel/UC4VNymife4PCEWz2c3EFasg,自由行動が自由すぎるはばたき学園【ときメモGS1】#8
3374,おそ美まお,,390,2026-09-27,0.25,0.83,,外す（登録者が少ない）,,https://www.youtube.com/channel/UCtcnyJRd9-twp7K_hdbrWcw,【初見】#2 オープンワールドが苦手な女、ブレワイ10周年までにクリアできるのか？【ゼルダの伝説ブレスオブザワイルド】
3375,織光(おりひか),,387,2026-10-02,0.7,1.0,RPG,外す（登録者が少ない）,,https://www.youtube.com/channel/UCiV8RO66c-eOsUK-MTNZqeQ,【Gジェネエターナル】V2アサルトバスターが出るまで止まれない！1.5周年限定ガチャを回した結果…
3376,スラスラチャンネル,,386,2026-09-27,0.0,1.0,,外す（登録者が少ない）,,https://www.youtube.com/channel/UCbFvLb___lVCEU9Od4i3F3w,【初投稿】9歳が作った！ゆっくり実況
3377,nekoのゲーム天国,,386,2026-09-06,0.2,1.0,格闘,外す（登録者が少ない）,,https://www.youtube.com/channel/UCgOHt5eYoNYX-PwSqeZtxRg,#11【 #コーヒートーク 】Tokyoでカフェはじめました（ネタバレあり）【nekoのゲーム天国】
3378,【公式】おだじま,,385,2026-10-02,0.28,1.0,シミュレーション,外す（登録者が少ない）,,https://www.youtube.com/channel/UCp5oVKxxAxVXA0HpGg3nXUg,【雀魂・段位戦】朝になった！じゃあ麻雀だね！【朝魂】
3379,松葉菊,,378,2026-08-28,0.95,1.0,アクション（横スクロール）,外す（登録者が少ない）,,https://www.youtube.com/channel/UCJFJgjxiZNatml3b1AI5IuQ,【鉄拳8】パッドで麗奈さん#153　スリムレイナ時々ボブ【TEKKEN8/Reina】
3380,すーぱーにゃむにゃむ,,377,2026-08-28,0.05,1.0,,外す（登録者が少ない）,,https://www.youtube.com/channel/UCPuMvvaV2aOxa2Rcp_Cg9xA,#148 みんなのゴルフ ワールド【PS5】マッチ参加型！あわよくば...
3381,松風ときわのゲーム実況チャンネル,,377,2026-09-16,0.1,1.0,,外す（登録者が少ない）,,https://www.youtube.com/channel/UCm5SWBXrDQLdMnA0CXizLyQ,SeeDはなぜと問えないので代わりにリノアが聞いてくれませんかね?!【FF8初見実況】#27
3382,嵐ナギ🌪🐺(Yamakaze Nagi),,376,2026-09-18,0.95,1.0,アクション（横スクロール）,外す（登録者が少ない）,,https://www.youtube.com/channel/UCvyuzUzuvhRNpltmdlxpyRg,【VALORANT】チャンピオンズの肩慣らしよぉ～ん　 #186    　※概要欄見てね！【#個人vtuber  】 #
3383,いもぞうきん,,375,2026-08-28,0.18,1.0,,外す（登録者が少ない）,,https://www.youtube.com/channel/UCc8lhet_4eEZjLKKMVxxASQ,【オールG一平】VS【世界制覇大谷】オーペナ何年後に勝てるのか【パワプロ2025】#5
3384,ヴィラゲーム【ウイイレ】,,374,2026-09-27,0.0,1.0,,外す（登録者が少ない）,,https://www.youtube.com/channel/UChvU3oIhQguEzDn-zfkPczg,【絶体絶命】まさかのPK2本献上で大ピンチ！？日本レジェンド軍の運命は西川に託される...。【歴代日本代表レジェンドCL
3385,ももあちゃ,,374,2026-09-26,0.65,1.0,シューター,外す（登録者が少ない）,,https://www.youtube.com/channel/UC8fxdcYHvFBFkv6C1GPoMGA,とある作業の為、おらに力を分けてくれぇェェww【作業雑談】
3386,にゃんこ愛好家🐈,,373,2026-08-26,0.0,0.5,,外す（登録者が少ない）,,https://www.youtube.com/channel/UCRifu4c25IncnWYJJmE08sg,4）
3387,UN GEE,,373,2026-09-26,0.2,1.0,シューター,外す（登録者が少ない）,,https://www.youtube.com/channel/UCuum64SvRYgK-lhNyo-ZzCQ,[エースコンバット7] エースコンバット7生活最終回
3388,グスマンゲームCH,,373,2026-10-08,1.0,1.0,,外す（登録者が少ない）,,https://www.youtube.com/channel/UCoCY4r05hTdQfpnSjLvg1rw,【栄冠ナイン】天才の物語を始める  ポリコレ国際高校 13年目夏～ ＃３５【パワプロ2026】
3389,とくちゃのヒトリゴト,,371,2026-09-08,0.43,0.93,シューター,外す（登録者が少ない）,,https://www.youtube.com/channel/UC3C_IWNZl2akaPmX1MYkIVQ,縦　リク編　キングダムハーツ チェインオブメモリー　#最終回
3390,鎌柄ライ -kamatsuka.rai-,,370,2026-09-08,0.33,1.0,,外す（登録者が少ない）,,https://www.youtube.com/channel/UCVqJzirP1Fnvhrgc-5s4Wxw,#244  ただいまー！おひさスト６やるぞー！　Mブランカ【スト６】　鎌柄ライ -kamatsuka.rai-
3391,ホロライブ好きの【ホロライブ切り抜き】,,370,2026-09-12,0.0,0.0,,外す（切り抜き）,,https://www.youtube.com/channel/UCuxWCT5YGMbf5El2kcIE-Fg,
3392,ゲーム イズ ライフチャンネル,,369,2026-09-06,1.0,1.0,パズル,外す（登録者が少ない）,,https://www.youtube.com/channel/UCCchX4aT7OLt4I0YUYYcgJw,【 Police Officer ＃2 】様々な事件を解決する　警察官シミュレーター
3393,山田といっしょ,,369,2026-09-28,0.0,0.0,,外す（登録者が少ない）,,https://www.youtube.com/channel/UCjJ61Inqd9x_SYsn-qNidoQ,
3394,えるる,,369,2026-09-22,1.0,1.0,シューター,外す（登録者が少ない）,,https://www.youtube.com/channel/UCJrOOQbNKZr7KYS2shutIvw,【VALORANT】part16~20までの総集編！！【ゆっくり実況】#ゆっくり実況 #valorant
3395,化賀研究室 /Kuriya Kaga,,368,2026-09-01,0.3,1.0,RPG,外す（登録者が少ない）,,https://www.youtube.com/channel/UCR0auMM-Gm_iDz2M3xyYR5g,【ドラえもんのどら焼き屋さん物語】残るお菓子ももう少し【ゲーム実況/Vtuber】
3396,ふぉれあん-FOREUN,,368,2026-09-27,1.0,1.0,シミュレーション,外す（登録者が少ない）,,https://www.youtube.com/channel/UCpVSjoVm0b56zDH23D87epw,金色の美酒を辺境の地で！【Farthest Frontier |ゆっくり実況】#20
3397,カルボナーラ,,363,2026-08-29,0.0,0.0,,外す（登録者が少ない）,,https://www.youtube.com/channel/UCr5LYrpKlxwfI2oyBk2pwpg,
3398,桜木萌乃,,362,2026-10-05,0.7,1.0,シューター,外す（登録者が少ない）,,https://www.youtube.com/channel/UC6hJUacrjrsuzC5seE4uHWQ,コラボ配信！４人で協力！ミメシス！概要欄必須です！
3399,はっぴーくれいじーず【ゲーム攻略】,,357,2026-10-06,0.6,1.0,シューター,外す（登録者が少ない）,,https://www.youtube.com/channel/UC1hMBv8goWAaKOiWy7o62mg,【エースコンバット8】初心者必見!後悔する前にやるべき10選!/おすすめ最強機体/金策/パーツ/ミッション攻略のコツなど
3400,きょお【SAI京都】,,356,2026-10-06,1.0,1.0,シューター,外す（登録者が少ない）,,https://www.youtube.com/channel/UCeZ9ivCWTfBJC9t5MdLnvxQ,【DELTA FORCE】高性能エンジンオイルを求めて ＃20【FPS初心者】
3401,しゅぴなんだよ,,355,2026-09-24,0.0,1.0,,外す（登録者が少ない）,,https://www.youtube.com/channel/UCQjcWloF7EM7K8o7ClmWQAg,【参加型】多分ゴールド　ランクどこまでいけるかな
3402,こころのこり【ゲーム実況】,,355,2026-10-06,0.47,1.0,,外す（登録者が少ない）,,https://www.youtube.com/channel/UCJJw4Ke3XQUIbk-pbrwjXgg,【ポケモンチャンピオンズ】視聴者参加型スカウトバトル！みんなで楽しもう！【#縦型配信　】
3403,乱狐,,354,2026-09-05,0.83,1.0,シューター,外す（登録者が少ない）,,https://www.youtube.com/channel/UCi5C_lDH2tX_UfqX6Z3Mlwg,緊張感の無いシージ集その26#シージ #レインボーシックスシージ #rainbowsix #r6 #r6siege #r
3404,ぶいすぽ大好き【ぶいすぽ切り抜き】,,352,2026-08-26,1.0,1.0,シューター,外す（切り抜き）,,https://www.youtube.com/channel/UCuU9e0PFrosL10cTPoUmMXQ,必死に追ってきた敵、トランジットに間に合わず終了ｗ【Escape from Tarkov】本日もうぉうぉれいどぉと　【ぶ
3405,天澪ナギ  @Daysai実況者,,352,2026-10-04,0.0,0.0,,外す（登録者が少ない）,,https://www.youtube.com/channel/UCRTJ5RN0Ibb0Zok0TmmCAew,
3406,まっさん,,349,2026-10-06,0.0,1.0,,外す（登録者が少ない）,,https://www.youtube.com/channel/UCSvELfWqi0QdRIiEenDpxzg,総統閣下はドリフトがしたいようです。
3407,アニータゲームch,,349,2026-10-04,1.0,1.0,RPG,外す（登録者が少ない）,,https://www.youtube.com/channel/UC35ig-CGqfdP1Xbm1GQ2gRw,【モンハンワイルズ】みんなで素材/護石集め＆HR上げ！狩りを楽しむ3乙OK参加型【初見さん大歓迎】
3408,よこぴーゲームch,,347,2026-08-28,0.0,1.0,,外す（登録者が少ない）,,https://www.youtube.com/channel/UCWYCDqkX_VA4TbNO4GAx-FQ,[R6S]ガンガンいこうぜ！勢いが大事！！
3409,あの女,,347,2026-10-06,0.73,1.0,シミュレーション,外す（登録者が少ない）,,https://www.youtube.com/channel/UCNWACb3HP0bIL8mSmOht0IA,まだこんなしょうもないことしてんのかよ【龍が如く極】#23
3410,積読しおり,,347,2026-09-27,1.0,0.6,シューター,外す（登録者が少ない）,,https://www.youtube.com/channel/UCiQ5kbbPLhsNAJAdTIS9Ccw,【視聴者参加型マイクラ】みんなで大航海だっ！【Minecraft】
3411,ゆにう娯楽会館,,346,2026-08-29,0.59,1.0,ストラテジー,外す（登録者が少ない）,,https://www.youtube.com/channel/UCykUHg8_eJWKsCY_dMotkjA,#08【ポケモンFR】シオンタウン/ポケモンタワー攻略/VSグリーン再戦【Vtuber】
3412,箱推しクリップ部,,346,2026-10-06,0.0,1.0,,外す（登録者が少ない）,,https://www.youtube.com/channel/UCaidKa6lE3ZDod1G0rNA2fg,【まとめ】2年ぶりの新衣装は黒メイド！新衣装の様々な姿をロールプレイとともにお届けするせなちゃん
3413,おひろ居酒屋,,345,2026-09-28,1.0,1.0,,外す（登録者が少ない）,,https://www.youtube.com/channel/UCRFIU0sYvqKsixn-plCoqwg,【鉄拳８】スランプかも。ランクマ勝てないYO！！
3414,Horly_ホーリー,,345,2026-09-28,0.85,0.8,RPG,外す（登録者が少ない）,,https://www.youtube.com/channel/UC9ozvsW-tqHn4k6Ybu78DOg,かに鯖　おやすみ前のMinecraft 24　かにさんコラボ
3415,熊野るみ,,345,2026-10-04,0.47,1.0,,外す（登録者が少ない）,,https://www.youtube.com/channel/UCO_k3-QsOhLGIkOrYgphFXA,【Staffer Retro初見プレイ#3】超能力で謎を解け！【Vtuber/熊野るみ】
3416,ひつじのうーたん,,344,2026-09-25,1.0,1.0,RPG,外す（登録者が少ない）,,https://www.youtube.com/channel/UC8skeLGgtI7TN98cqEp2SaQ,しあわせの箱を持ち帰るぞ！1名作ゲームを実況プレイ【トルネコの大冒険 不思議のダンジョン ちょっとステキなリマスター】#
3417,Ilnia,,344,2026-10-04,0.93,1.0,シミュレーション,外す（登録者が少ない）,,https://www.youtube.com/channel/UCUs4MFuc3aEr3Z3WfEQsfMA,【RimWorld】ヒトの極限　#2 拠点整備【ゆっくり実況】
3418,ツルちゃん切り抜きFac!,,343,2026-08-26,1.0,1.0,シューター,外す（切り抜き）,,https://www.youtube.com/channel/UCUHA41m1PjD8yFtUftFXZ4g,RUST ズズvs赤髪のとも「仁義なき戦い」に巻き込まれる世渡り上手ツルギ
3419,ビックバン24,,342,2026-10-03,1.0,1.0,ストラテジー,外す（登録者が少ない）,,https://www.youtube.com/channel/UCsfRaac51RgVqGjEPFVOopg,にゃんこ大戦争　大狂乱のネコをルーノスで耐久ゲーしたらやばすぎた@ビックバン24
3420,えあぷれ,,341,2026-09-01,0.0,1.0,,外す（登録者が少ない）,,https://www.youtube.com/channel/UCwKHHJyYHpF9VziOshLnsRQ,【2回もされてたら…】動画勢が将棋ウォーズ初段を目指したら、何戦かかるのか？_パート186
3421,team山口,,339,2026-09-19,0.09,0.55,,外す（登録者が少ない）,,https://www.youtube.com/channel/UCjBPHULzUJqO_0ietmLN9_A,【全力少年】達人３曲目全良狙い&達人赤合格狙い
3422,白波ゆるる,,338,2026-08-29,0.27,1.0,ストラテジー,外す（登録者が少ない）,,https://www.youtube.com/channel/UC1vpRMyxaGP7xSONfdMlQLw,テレビの中からイケおじが出てくるのは聞いてないってえぇ！？【リトルナイトメア２】
3423,謝否(しゃいな)・実況嚙み噛みな人,,337,2026-08-28,0.47,1.0,アドベンチャー,外す（登録者が少ない）,,https://www.youtube.com/channel/UCatG--TvwTNfx5zNB1K_Kqg,【実況①⓪⑥】DS系の作品要素が出てくると嬉しい気持ちなのよ【ゼルダの伝説 ブレス オブ ザ ワイルド】
3424,REI / UNKNOWN,,337,2026-09-25,0.38,1.0,,外す（登録者が少ない）,,https://www.youtube.com/channel/UCpmVHxSrSaTe-iRG_fuaBfA,【完全初見プレイ/雑談OK】ホラーだけどただ人妻の幽霊のケツをしばくゲーム！...どゆこと？ｗ　まぁ尻好きとしてはおもろ
3425,音葉ゆーま,,337,2026-10-06,1.0,1.0,ポイントクリック,外す（登録者が少ない）,,https://www.youtube.com/channel/UCKRvgAn5CzOYppnhHxAvl2Q,【Minecraft】ネザーには行きたい！！！！！
3426,お条。はテンション高すぎる,,334,2026-09-08,0.53,1.0,アクション（横スクロール）,外す（登録者が少ない）,,https://www.youtube.com/channel/UCWbv2DybGpzElqjUZrOfGYw,【Big Walk】IQ弱者の4人が最近話題の謎解き冒険ゲームやっていきます！#2【コラボ配信】
3427,Ar312 :にぶちん,,334,2026-10-09,0.75,1.0,パズル,外す（登録者が少ない）,,https://www.youtube.com/channel/UCohbYkvVQcnkahKEBrBR1lg,【マリオワールド】アキナツさんとコラボ！協力プレイでマリオワールド配信　20261008
3428,Kiraboshi 623,,332,2026-09-24,0.95,1.0,シミュレーション,外す（登録者が少ない）,,https://www.youtube.com/channel/UCDpk8tANRqCKKSzSzpQdDXA,【ぽこ あ ポケモン】のんびり進める街づくり　#75　実況　2026/09/24
3429,1分でゲーム紹介 / 宵 【ゲーム攻略・情報・Vtuber】,,331,2026-09-24,0.0,0.0,,外す（登録者が少ない）,,https://www.youtube.com/channel/UC8n7N3cWCN0E-JQQE5-iw3g,
3430,黒水,,330,2026-09-27,0.0,0.94,,外す（登録者が少ない）,,https://www.youtube.com/channel/UC7EpnjwNHvvpZpEx2kj-sLg,タイムアタック　車種色々
3431,まみたそ,,330,2026-09-29,0.0,1.0,,外す（登録者が少ない）,,https://www.youtube.com/channel/UCJVfmPs9s26jcoNRIlk6hgQ,【雑談】Mamiラジ放送　第21回
3432,氷錐ろびな@新人Vtuber,,329,2026-09-27,0.45,1.0,アクション（横スクロール）,外す（登録者が少ない）,,https://www.youtube.com/channel/UCb46pWOS_ZbXEhjxRtkatgQ,【パワプロ2026】栄冠ナイン練習おまかせだけで甲子園優勝できる？#14【氷錐ろびな】
3433,小小杖(みくろつえ) 新人VTuber,,328,2026-09-14,0.35,1.0,アドベンチャー,外す（登録者が少ない）,,https://www.youtube.com/channel/UC-a23XUG7crXLf_dunKyvuA,【初見さん・ROM専大歓迎！】ちいかわやっと見てきた！【 #縦型配信 】
3434,シューウェンちゃんねる,,326,2026-09-09,0.6,1.0,シューター,外す（登録者が少ない）,,https://www.youtube.com/channel/UCk374UoyX3VxXBQ_N7zeswQ,【つぐのひ -天招ねく救いの糸-】右に進むだけの怖すぎるホラゲーの最新作
3435,K-stop,,325,2026-09-10,1.0,1.0,RPG,外す（登録者が少ない）,,https://www.youtube.com/channel/UCatr08eaVy-sF-aTFJTE8KA,【ホグワーツレガシー】#30 今回はサブクエ回～！各地の探索もするぞ～！耳優ボイスでゲーム実況！
3436,オコチョの反応集,,323,2026-09-29,0.0,0.0,,外す（登録者が少ない）,,https://www.youtube.com/channel/UC-YYnRs_xNFlayl8Y8OfuAA,
3437,さるポン,,323,2026-08-28,0.25,0.95,音ゲー,外す（登録者が少ない）,,https://www.youtube.com/channel/UCZVgw39FOShVtck1YTHgwpQ,2次会
3438,つがぽかゲーマーズ〜ビビり妻と支える夫〜,,322,2026-09-22,0.82,1.0,ストラテジー,外す（登録者が少ない）,,https://www.youtube.com/channel/UC270LKZnZIaPuk21e00_kNg,宇宙編第一章も中盤へ！ の～んびりにゃんこ生活[にゃんこ大戦争#14]
3439,【龍帝国の覇者】ターリク,,322,2026-09-28,0.25,1.0,ストラテジー,外す（登録者が少ない）,,https://www.youtube.com/channel/UCWHKopVUgw8kBGSyce4xwMQ,汎用編成をガラッと変更！そして枠縛りもマイナー揃い？　ゼロレジェンド第32章【ニューホライズン】前半戦
3440,yuru,,321,2026-09-17,1.0,1.0,,外す（登録者が少ない）,,https://www.youtube.com/channel/UC88H3GPnWT1kTjpuGYGfqEg,#7【鬼武者 Way of the Sword】弁慶のストーリーを進める＆狛犬探しの回【Steam版】
3441,玲暁の館~Aki no yakata~,,321,2026-09-16,0.85,1.0,シミュレーション,外す（登録者が少ない）,,https://www.youtube.com/channel/UC8OAROdIYJHjo_FY36lIUCQ,『Forza Horizon 6』主、運転はじめました!!　#85「主、日本上陸!!」夏のシーズンイベント『#視聴者参加
3442,戸柳夕,,318,2026-08-28,0.69,1.0,シューター,外す（登録者が少ない）,,https://www.youtube.com/channel/UCg7wft38e5eQAIIZh7EBg9A,【カスタム練習試合】もんはやかすたむ～よちよちえーぺっくしゅ！～ w/成実ヲルナさん、キリベルさん【Apex/戸柳夕】#
3443,市川家,,318,2026-08-28,0.1,1.0,シミュレーション,外す（登録者が少ない）,,https://www.youtube.com/channel/UC2SRdkbWAouHVNth-EuettQ,【夫婦実況】ブラムスをボコボコにして二度と王と呼べなくしてやるんだ！【ヴァルキリープロファイル PS版】Story. 7
3444,暇人霊夢【にゃんこ大戦争】【スマブラ】,,318,2026-08-21,0.0,1.0,,外す（登録者が少ない）,,https://www.youtube.com/channel/UC_IXh-Xd8ZwAniRExfIIMrg,概要見てね   月未来編やってみた #スマホ編集 #ゆっくり実況
3445,ボドゲおじさん連合,,317,2026-09-12,0.0,1.0,,外す（登録者が少ない）,,https://www.youtube.com/channel/UCAcBPiFqlcymJHSdcnjRwUw,【ガンダムカード】【対戦】BO3対戦前編！「赤青ストフリバーン」vs「緑紫シャアアグロ」!
3446,こせんとくん,,317,2026-10-05,1.0,1.0,,外す（登録者が少ない）,,https://www.youtube.com/channel/UCzo5-itE9VsUZJ8JKY4yP-w,[鉄拳8]ザフィーナ対策しながらクラウディオランクマッチ
3447,吉田爽香 Yoshida Sayaka,,315,2026-10-01,0.5,1.0,RPG,外す（登録者が少ない）,,https://www.youtube.com/channel/UC1Eu7qWBsUssLD0qQg5NvnQ,【KH Re:CoM】完全初見！KHⅡへつながる物語へ！#３ #キングダムハーツ #kingdomhearts #ゲーム
3448,めんたいこのゲームを実況ch,,315,2026-10-09,1.0,1.0,アドベンチャー,外す（登録者が少ない）,,https://www.youtube.com/channel/UC8lXidKm055os2zSdhlMapw,【Lies of P】完全初見で挑戦。高難度ソウルライク、何回死ぬ？【初見実況】
3449,羽久斗【マイクラ】,,314,2026-10-03,0.0,0.0,,外す（登録者が少ない）,,https://www.youtube.com/channel/UCxi297oSo9dFA39H_0dlddQ,
3450,高見‼️,,312,2026-10-06,0.0,1.0,,外す（登録者が少ない）,,https://www.youtube.com/channel/UClaAx3Wa1B7qxzfFrpCg6Cg,SARUも仲間にするし裏ボス倒すまで絶対に辞めないから　【イナズマイレブンGO２】＃１３
3451,ポりゅ,,312,2026-09-21,0.0,1.0,,外す（登録者が少ない）,,https://www.youtube.com/channel/UCyFVQT-_QVeH3NvHovDC_iQ,【ぷにぷに】超妖魔スベテ・ウバウネ来たから回す！
3452,たいすけ,,311,2026-08-27,0.0,1.0,,外す（登録者が少ない）,,https://www.youtube.com/channel/UChKvaN0N2IxAaiHG4hK794A,勇者の掟その59　パフパフや あぁパフパフや パフパフや　【ドラゴンクエスト７リイマジンド】＃59
3453,あらびきのゲーム研究室@あらびきレッドパーカー,,309,2026-09-28,0.0,0.0,,外す（登録者が少ない）,,https://www.youtube.com/channel/UCLLcEbhK_a2_7TzimdI1TOQ,
3454,丸めがねのレトロゲームちゃんねる,,307,2026-08-26,0.05,1.0,,外す（登録者が少ない）,,https://www.youtube.com/channel/UCypOKMV2yn0xCgc_UAZee-g,【天地創造】丸めがねのレトロゲーム配信 26.8.23【スーパーファミコン】
3455,jinchannel.常識仁,,306,2026-10-04,0.61,1.0,シューター,外す（登録者が少ない）,,https://www.youtube.com/channel/UCMyp9NHw2cGaygZaGnRLGsQ,【#apex 】視聴者参加型！ランク潜るぞぉ！【#新人Vtuber 】#ライブ配仁
3456, かどぅ,,305,2026-08-27,0.15,0.85,シミュレーション,外す（登録者が少ない）,,https://www.youtube.com/channel/UC_N7HUsULwWWBcvzpqrgK7w,"【自作レースゲーム ""ON"" テストプレイ配信】コース作ったりタイムアタックしたり【まよなかドライブ】"
3457,きーくんのゲーム実況チャンネル,,305,2026-09-19,0.94,1.0,アドベンチャー,外す（登録者が少ない）,,https://www.youtube.com/channel/UCeqlC5rbrdfD1i7StV_XvAQ,魔改造ババコンガ登場！？獅子猿との１時間半の死闘がきつすぎる！【SEKIRO: SHADOWS DIE TWICE】＃５
3458,望月ツムグ,,303,2026-08-27,0.4,1.0,ストラテジー,外す（登録者が少ない）,,https://www.youtube.com/channel/UCjkFs5vkYvTf8KZONTBlJQQ,【 #秋葉原のガチャショップシミュレーター 】整理整頓出来ました.ᐟ‪【望月ツムグ】
3459,ネルのゲーム実況ch,,302,2026-10-01,0.8,1.0,RPG,外す（登録者が少ない）,,https://www.youtube.com/channel/UCg7Fxehs-Zpm-eLsAa0QKdQ,＃２５　【鬼武者 Way of the Sword】初心者でも気持ちよくパリィできる神ゲー感！
3460,ぴきねこ - pikineco -,,300,2026-09-02,0.62,1.0,RPG,外す（登録者が少ない）,,https://www.youtube.com/channel/UCCAeWg06DWtjUCvwIa__Enw,※ネタバレ注意※真実を解く鍵は失われていた母との記憶【アナザーコード】記憶の扉篇♯5
3461,ゆうきちゃん。,,298,2026-09-12,1.0,1.0,シューター,外す（登録者が少ない）,,https://www.youtube.com/channel/UCcx86-6aNxIhNy_ZRI_GOKg,【鉄拳8/TEKKEN8】vol.98 投げ抜け2のぽんぽんぺいん😂アドバイス、コメント、初見大歓迎！　リリ　LILI
3462,ぴよたん,,297,2026-08-22,1.0,1.0,,外す（登録者が少ない）,,https://www.youtube.com/channel/UC9pdTxcv9KekqravsLlbMgw,【PS5 みんなのGOLF WORLD 】5連勝チャレンジします
3463,ゲーム好きおじさん,,297,2026-10-07,0.0,0.0,,外す（登録者が少ない）,,https://www.youtube.com/channel/UC0I1HpnqX5sVW4oJG73nvnw,
3464,トロファーゆかりの秘密訓練所,,297,2026-10-03,0.95,1.0,アドベンチャー,外す（登録者が少ない）,,https://www.youtube.com/channel/UC348_Ed_70JHxFy3durblKQ,何千回死んでも山頂を目指す高難度アクションをトロコン！ #6 【CELESTE/VOICEROID実況】
3465,夢来ころ🪽【少年ボイス🐶個人勢Vtuber】ギャップ系歌い手・実況者,,291,2026-10-06,0.32,1.0,ストラテジー,外す（登録者が少ない）,,https://www.youtube.com/channel/UCL7xcoFauh15EtnZdrnO5eQ,【初見さん大歓迎!!ギャップ有ショタボ】ゆめころ雑談#8
3466,☆たくみ様★,,290,2026-08-22,1.0,1.0,ストラテジー,外す（登録者が少ない）,,https://www.youtube.com/channel/UClQSp1pw8RrhwdzNbyJc9IQ,☆たくみ様★鉄拳8配信『Bob♡』
3467,散々サビ残ボンプ,,290,2026-09-28,1.0,1.0,,外す（登録者が少ない）,,https://www.youtube.com/channel/UCy2XOhEHcne_lwWhUdCBLQQ,【ゼンゼロ】ベーグル計画 高難易度3M投資10Mアチーブメント攻略【Ver3.2】
3468,兎山でに子@Vtuber  鉄拳8配信,,290,2026-09-10,0.95,1.0,,外す（登録者が少ない）,,https://www.youtube.com/channel/UC0geB0b0YKNBzN_BzNkm8Uw,ボブランクマ【TEKKEN8/鉄拳8】　#鉄拳8 #TEKKEN8 #ゲーム実況 #新人Vtuber
3469,カンショウ【ゆっくり実況】,,290,2026-09-26,0.6,1.0,シミュレーション,外す（登録者が少ない）,,https://www.youtube.com/channel/UCB0A1e9-bVWYU8aZunXiKHQ,道路一本だけでも運営できるもん！！【トロピコ６】【ゆっくり実況】
3470,ハト,,289,2026-10-03,1.0,1.0,シューター,外す（登録者が少ない）,,https://www.youtube.com/channel/UCZJeOgfSCc62XXW7ZVaZd3A,[ 🕊️ONCE HUMAN PS5 ] 長い旅🕊️
3471,ぶいすぽ好きのトカゲ,,289,2026-10-08,0.7,1.0,シューター,外す（登録者が少ない）,,https://www.youtube.com/channel/UCQjCkcA3lS9cYi67Ik0El_g,LoLを誘うがやってくれなさそうな雰囲気の渋ハルに、じゃあスレスパをしよう!とツッコむすももん、車に惹かれたのになぜか謝
3472,N H (白狼名雪Vtuver),,287,2026-09-01,0.47,1.0,,外す（登録者が少ない）,,https://www.youtube.com/channel/UCp3f4RzSz9L70SfTzxFU7Pw,名雪と天狗のメタルギアピースウォーカー配信（生声）
3473,ぴんくパンク【プロスピa】,,285,2026-09-03,0.0,0.0,,外す（登録者が少ない）,,https://www.youtube.com/channel/UCRL7sDy1PP88IGKfE_fy1kg,
3474,Juk3 / ジューク,,284,2026-08-14,1.0,1.0,,外す（登録者が少ない）,,https://www.youtube.com/channel/UCWAU6V5Fm5tWOqMZ_D36oUA,【#雀魂】喉を強くする方法誰か教えてくれ【#段位戦】
3475,蒼井よう,,284,2026-10-04,1.0,1.0,RPG,外す（登録者が少ない）,,https://www.youtube.com/channel/UC3IvL-Th-AN0qajU1JClhZA,【LIVE】＜3周目＞聖剣伝説３ #20 - 名作初見プレイの旅 -
3476,いっぽ,,283,2026-08-29,0.67,1.0,RPG,外す（登録者が少ない）,,https://www.youtube.com/channel/UCy8OkLOAyMeV8QIJ5cMIhOw,【アンチャーテッド  海賊王と最後の秘宝】闇オークションのお宝を拝借致します。
3477,竹林虎々 / クリエイターVtuber,,283,2026-08-28,0.7,1.0,アドベンチャー,外す（登録者が少ない）,,https://www.youtube.com/channel/UCRmFsNwx0Z2bZhxtfRaIyCA,ほの暮しの庭：夏に入ったぞ！！フラグを１秒で回収することに定評がある人間の怯え因習村の話　※ストーリーネタバレ注意【竹林
3478,vtuber切り抜きch,,281,2026-09-11,0.0,0.0,,外す（切り抜き）,,https://www.youtube.com/channel/UC_EDHvhdFlyKI43IcmETMOw,
3479,しろうま,,281,2026-10-03,0.89,1.0,シミュレーション,外す（登録者が少ない）,,https://www.youtube.com/channel/UC1Cm8OzKSIO-0U_KuvluCQw,桃太郎かと思ったら面白すぎるデス桃太郎だったw【デス桃太郎】
3480,社畜とコンサルのゲーム話,,281,2026-10-09,0.3,1.0,アドベンチャー,外す（登録者が少ない）,,https://www.youtube.com/channel/UCUMiqSGuywRiNmUebC0vMmA,【議論】ドラクエ5って過大評価されてない？「仲間との冒険感がない」「ラスボスが空気」不朽の名作がなぜ今批判されるのか
3481,うーみ,,280,2026-08-30,1.0,1.0,,外す（登録者が少ない）,,https://www.youtube.com/channel/UCOK1i0nTYT12hkakrUDHLSg,【スタレ】アッハ！今回は正真正銘のバカンスだよっ！　ストーリー配信 #houkaistarrail  #実況 #愉悦 #
3482,とっちょ,,280,2026-09-12,0.21,1.0,シューター,外す（登録者が少ない）,,https://www.youtube.com/channel/UC_7f1E50sUrK1nT2orsdu9A,9/12 今夜も野良で生き残る【#人狼メトロポリス】
3483,桜鳥さんちの使い魔さん【桜鳥ミーナ切り抜きチャンネル】,,279,2026-08-15,0.0,0.0,,外す（切り抜き）,,https://www.youtube.com/channel/UCkg8syuRrI8b6lmjf5L_NOA,
3484,ヨリ,,279,2026-10-07,0.81,1.0,RPG,外す（登録者が少ない）,,https://www.youtube.com/channel/UCuUVJdxuWiBI32hSUh3iBRg,【世界2000位へ】数字をくっつけて順位上げ！『sobosuba』#3
3485,シアチャンネル,,278,2026-08-27,1.0,1.0,RPG,外す（登録者が少ない）,,https://www.youtube.com/channel/UCm8PokAUZCHew2mZvCJtvSw,【ゆっくり実況】ドラゴンクエスト7 Reimagined　パート35
3486,川田家切り抜き,,278,2026-09-17,0.0,0.0,,外す（切り抜き）,,https://www.youtube.com/channel/UCRod0rV13foPJptujCCtgfw,
3487,ぽゆぷぽ / Poupupo,,278,2026-10-05,0.35,1.0,RPG,外す（登録者が少ない）,,https://www.youtube.com/channel/UC9IY31WxzoPWv0FAdIGDWPQ,【完全初見】人の王国と獣人の国 - 龍を討ち玉座へと昇る者の物語！#13【ドラゴンズドグマ2┊DD2】初見実況プレイ🌿‬
3488,大鳥おおとり,,277,2026-09-29,1.0,1.0,シミュレーション,外す（登録者が少ない）,,https://www.youtube.com/channel/UCd4uVas1DSu0Z-Bqz7Uc2FA,【新作「8」直前！】≪空に三本線は…凶事なり―≫【ACE COMBAT7:SKIES UNKNOWN】【実況】
3489,Lily Atelier,,276,2026-10-02,0.0,0.0,,外す（登録者が少ない）,,https://www.youtube.com/channel/UCzS91SjTD2EGqEqgL3p0N_g,
3490,mosya_game,,276,2026-10-06,1.0,1.0,アクション（横スクロール）,外す（登録者が少ない）,,https://www.youtube.com/channel/UCBJSZXkG51d7WGbJnbCXFTA,ショート動画総集編　#SMM2#マリオメーカー2#総集編
3491,白亜鬼,,275,2026-07-31,0.9,1.0,ポイントクリック,外す（登録者が少ない）,,https://www.youtube.com/channel/UC3Bvw2-A_toTWFjwheLFiZA,今更ながらのARK実況  シーズン１ 総集編【ゆっくり実況】【ARK】【総集編】
3492,あがきもがく初老チャンネル,,275,2026-09-26,0.7,1.0,シミュレーション,外す（登録者が少ない）,,https://www.youtube.com/channel/UCkA_KX-8gZhJyOJU528ij4g,#12[リマスターでもプレーンな街造り]Cities: Skylines Remastered
3493,ザ・しゅうちゃん,,274,2026-09-01,0.25,1.0,アクション（ハクスラ）,外す（登録者が少ない）,,https://www.youtube.com/channel/UCy0ZGCuUqgQ_0cMco2QMvrA,【実況】【戦国BASARA(PS)】信玄編 最強ロボvs燃えるおっさん 暑苦しさ1000% #戦国BASARA #BAS
3494,夏色はやて,,274,2026-09-07,0.5,1.0,,外す（登録者が少ない）,,https://www.youtube.com/channel/UCODT3575wldCwvQjM9HjoRA,【ポケモンチャンピオンズ】バトネス杯！負けたらランクマ【夏色はやて】
3495,SakitoRoom - 流星咲斗 -,,274,2026-10-08,0.33,1.0,,外す（登録者が少ない）,,https://www.youtube.com/channel/UCX6BJCtieQlU1yGxbOAeXGA,【ポケモンORAS】《縛りプレイ》第7話『父と子、兄と妹！』【実況/Vtuber】
3496,おしるこ,,272,2026-09-22,0.12,1.0,RPG,外す（登録者が少ない）,,https://www.youtube.com/channel/UCh2o7pcryO1AFy9rkUnee6Q,【縛りプレイ】回復は魔法とイベントのみで進めるFF4 3Dリメイク(steam版)　#8
3497,すけニキ,,271,2026-08-27,0.33,1.0,アクション（横スクロール）,外す（登録者が少ない）,,https://www.youtube.com/channel/UCXP5RSOukoB_Xtm7ZKMISQw,【ネタバレあり】モーション操作でドラゴンボールSPARKING!ZEROストーリー攻略【ドラゴンボール】【Switch】
3498,猫渕類衣,,271,2026-09-12,0.3,0.9,アドベンチャー,外す（登録者が少ない）,,https://www.youtube.com/channel/UCGhQsnAYdy8dHjiEu-7pQnw,【初見/ROMさん歓迎】距離ちか雑談・心の距離を縮めてみよう【朝枠】
3499,ゲームセンター外道店@外道ルキ,,271,2026-10-06,0.4,1.0,アクション（ハクスラ）,外す（登録者が少ない）,,https://www.youtube.com/channel/UCtwX70TgeQFSR1rNDkTNAhg,PS2版【鬼武者２】後編！このゲーム全クリに何時間かかるんだ（体力が持つまでプレイ）※コメント歓迎！Twitchでも配信
3500,三人称のどうぞよろしく【切り抜き】,,267,2026-09-08,0.0,0.0,,外す（切り抜き）,,https://www.youtube.com/channel/UCTkr11YWsMjRO1aH0Rj26kQ,
3501,なぎお。ゲーム実況,,267,2026-10-04,0.62,1.0,シミュレーション,外す（登録者が少ない）,,https://www.youtube.com/channel/UClbXO_xtZr_pZhlYKdoIYzQ,ももたろうの概念を360度覆す日本昔話神ゲーム【デス桃太郎】
3502,10cの崖っぷちプチゲーム実況チャネル,,266,2026-08-28,0.0,1.0,,外す（登録者が少ない）,,https://www.youtube.com/channel/UCQdJ_gaM8KLRDA8SqhHno6w,[ゲームボーイアドバンス]  #13 ファイアーエムブレム 烈火の剣 レトロゲーム実況プレイング Retro Game 
3503,しゅがー,,265,2026-09-11,0.0,1.0,,外す（登録者が少ない）,,https://www.youtube.com/channel/UCh6dIwhrgLkhwTszpOItLmA,うみぞこの街のジムを復活させる！【ぽこあポケモン】
3504,きのこ,,264,2026-09-11,1.0,1.0,,外す（登録者が少ない）,,https://www.youtube.com/channel/UCGUkKgH8T3vJqLwh3tkPmYw,リクエスト大歓迎!!  ⌨ドンフェス配信⌨️ 【太鼓の達人 ドンダフルフェスティバル】
3505,ぬるま湯,,264,2026-09-04,1.0,1.0,,外す（登録者が少ない）,,https://www.youtube.com/channel/UCQJMrMLt0VTvyzir_G-LpcA,【ほの暮しの庭 手描き】 とある一家の御茶会議 【二次創作】
3506,刻之ミライ Tokino Mirai Ch.,,263,2026-09-28,0.43,1.0,シューター,外す（登録者が少ない）,,https://www.youtube.com/channel/UCfy-l84zjgLe50FioQOwCaw,【 #エースコンバット7 】#6 DLC版で飛ぶ！ Su-37縛りで行く空の旅！【VTuber】
3507,よばーな,,261,2026-08-30,0.76,0.88,シューター,外す（登録者が少ない）,,https://www.youtube.com/channel/UCy01b_0_tTPjMWcF5As0AQA,新人ゆっくり実況者のデルタみたいやろぉ！！
3508,ひなやch,,261,2026-09-18,0.68,1.0,,外す（登録者が少ない）,,https://www.youtube.com/channel/UCN7Of7gReqp9suosUW0t4Bw,【アークナイツ】初心者向け！オペレーター育成不要！誰でも簡単サルカズローグ高速周回！【ローグライク】
3509,沙羅曼蛇・喝ゲームch,,260,2026-08-26,0.55,1.0,TBS,外す（登録者が少ない）,,https://www.youtube.com/channel/UCNy8A9fjxxiMk1o4N8bAUqg,みんなのゴルフWORLD・寒がり提督のマッチ修行・O.Y.J.T決勝Tに向けて調整マッチ
3510,ねころあch,,260,2026-10-08,0.0,0.0,,外す（登録者が少ない）,,https://www.youtube.com/channel/UCDuoNBcEmGtnMmtKsaSFRqw,
3511,春酔雪刀,,260,2026-10-04,0.95,1.0,シミュレーション,外す（登録者が少ない）,,https://www.youtube.com/channel/UCoJFJbJK72tS7EcQEqAZp9Q,【#大乱闘スマッシュブラザーズSPECIAL   】ちょっとだけ参加型＃縦型配信#スマブラ参加型
3512,4Bes_スービーズ,,258,2026-09-19,0.95,1.0,アドベンチャー,外す（登録者が少ない）,,https://www.youtube.com/channel/UCY00Pk91iQtT63xk0dC0GRA,Once Human【初見!tyouzetu イケメンが生き抜く】
3513,星逢 ゆに,,258,2026-09-29,0.56,1.0,ストラテジー,外す（登録者が少ない）,,https://www.youtube.com/channel/UCQuQTRhhnfFnFpSTohgJu9g,【ゲーム配信】制限時間は1時間！どこまで進めるかな？【SUPER MARIO WORLD＃3】
3514,tekken2026,,257,2026-08-28,1.0,1.0,,外す（登録者が少ない）,,https://www.youtube.com/channel/UCntX-1Pn1wNPTM-Y_MPLDyA,【tekken8】【鉄拳8】 配信　シーズン３　たまには
3515,TTTチャンネル,,256,2026-09-08,0.0,1.0,,外す（登録者が少ない）,,https://www.youtube.com/channel/UCQqFLyy9vHXSjs2y115tXaw,【ドラクエウォーク】魔力の竪琴でデュランダルを乱獲！【デュランダル】 #ドラクエウォーク #ドラクエ #dqw #dqウ
3516,しおそると【ゲーム好き高校生】,,254,2026-08-17,0.0,0.0,,外す（登録者が少ない）,,https://www.youtube.com/channel/UCpflKLD88NCZ05jePHzzrsg,
3517,あんさんのbloxd実況,,253,2026-09-23,0.0,1.0,,外す（登録者が少ない）,,https://www.youtube.com/channel/UCw10dv9XOqlo_krFv_pEY3g,bloxdエンドラRTA5分台に突入!解説付きでお届け![bloxd][エンドラ討伐RTA]
3518,おばとこ,,250,2026-10-04,0.5,1.0,シューター,外す（登録者が少ない）,,https://www.youtube.com/channel/UCJEQLduQB631AilQaIkRZDw,【＃ディンカム】Switch版でやってみるよ！１から街造りしてくよ！【＃のんびりライフゲーム】
3519,猫田しょうた【ゲーム実況】,,249,2026-09-29,0.15,1.0,シミュレーション,外す（登録者が少ない）,,https://www.youtube.com/channel/UCJrChUH9lj_6BVhv4__gsdA,【ゼルダの伝説トワイライトプリンセス】完全初見でやっていく！
3520,リコッタのゆっくり実況,,248,2026-09-13,0.7,1.0,ノベル,外す（登録者が少ない）,,https://www.youtube.com/channel/UCjEdh6_GP1yYAbkgmyv3UIw,【ASA: The Island】#09　海洋進出！高レベルメガロドンテイム祭り！【ゆっくり実況】
3521,DanjoTV,,247,2026-08-16,0.62,1.0,シミュレーション,外す（登録者が少ない）,,https://www.youtube.com/channel/UCXSUklkdVnQ9qiT8D-8JENA,突如KONAMIから配布された契約券でアグエロをGETして環境破壊してみたかった【eFootball2026アプリ】
3522,零（ぜろ）ののんびり実況チャンネル,,246,2026-09-08,0.3,1.0,RPG,外す（登録者が少ない）,,https://www.youtube.com/channel/UC5eyNyliePpWSohQF-zaEZA,ロマンシングサガ３　のんびり実況　その２２
3523,まけいぬ,,244,2026-09-27,0.75,1.0,シューター,外す（登録者が少ない）,,https://www.youtube.com/channel/UCQ0_TMe5nGS3SSuL7yM82NA,【検証】グランジーラを「100体」集めると遠征戦力はどのくらい上昇するのか？【パルワールド】
3524,ヒラメキ・マリオ系配信ch,,243,2026-09-29,0.43,1.0,,外す（登録者が少ない）,,https://www.youtube.com/channel/UCttwBkKuXIrhF-srl3qfKUg,【マリオカードワールド】「深夜枠」レースのレートを上げます【フレンド募集中】
3525,ゆぅびん,,242,2026-09-10,0.65,1.0,RPG,外す（登録者が少ない）,,https://www.youtube.com/channel/UCwKM9BkpIW8rLMWoDacNfYQ,【LIVE】#07 DLC　仁王3 やる～　※ネタバレ注意[@ゆぅびん/@youvin/#新人vtuber ]
3526,おっとーch,,241,2026-08-30,0.65,1.0,アドベンチャー,外す（登録者が少ない）,,https://www.youtube.com/channel/UCz4TZpWrutZPnnH9jidO7EA,【脱出ルームシミュレーター】真実はいつも闇の中!!2人で謎を解け!!
3527,月見おじや / Tsukimi Ojiyaゲームちゃんねる,,240,2026-09-11,0.73,1.0,シューター,外す（登録者が少ない）,,https://www.youtube.com/channel/UCgV7jzV2bqtXFPd6EGW1nTg,【コラボ参加型】護石や装飾品求めて歴戦周回！(予定) w/みいさん【Monster Hunter Wilds】
3528,満欠 狐桜 / Korou Michikake,,240,2026-10-09,0.0,1.0,,外す（登録者が少ない）,,https://www.youtube.com/channel/UCpik4ICCQGAMUcECnolhzqQ,【現在BP95】新P90解放の限界アリーナ 20日目【無言】
3529,瀬澄タカト,,240,2026-09-22,1.0,1.0,,外す（登録者が少ない）,,https://www.youtube.com/channel/UC1v_3ruDq_k8mmyN9uX-EJQ,時のオカリナxムジュラの仮面NoLogicランダマイザー４
3530,ぜろのひと時,,240,2026-09-09,0.85,1.0,シューター,外す（登録者が少ない）,,https://www.youtube.com/channel/UCkYQzs-MmRJEyvlr7Mn5l4Q,大流行中のおバカ釣りゲームがカオスすぎたwww『How to Fish』#2
3531,あたかも,,239,2026-09-30,0.0,1.0,,外す（登録者が少ない）,,https://www.youtube.com/channel/UCvn8jTyT_oqD4ZzDMnz4Lrg,フリーチャットー！！！
3532,のーかのリョー,,239,2026-09-22,0.83,1.0,ストラテジー,外す（登録者が少ない）,,https://www.youtube.com/channel/UCW4jESUf147v1CoLv65BAjA,HOKJP公式Discordサーバーのカスタムパーティーに参加するよ！【Honor of Kings/オナー・オブ・キン
3533,りんごちゃんねる🍎,,239,2026-09-29,0.89,1.0,,外す（登録者が少ない）,,https://www.youtube.com/channel/UC20NYG58w6wjmY9OcYWYc3w,【顔出し】初見さんRON大歓迎🍎VALORANTソロコンペ✨
3534,ネポニカGames,,239,2026-10-03,0.91,1.0,RPG,外す（登録者が少ない）,,https://www.youtube.com/channel/UCORKmkHmywUoBx-NG3bxhaw,【DQM3】久しぶりにオンライン対戦に潜ったらまさかの20連勝！？
3535,紫陽花つゆり,,238,2026-10-01,0.0,1.0,,外す（登録者が少ない）,,https://www.youtube.com/channel/UCrYJdUTFjFL_sexEKkr0etQ,【朝なのにホラー出てきまして！？】一生眠りから覚めない村の命運を委ねられましたなの…
3536,らぐるch,,238,2026-08-12,0.0,1.0,,外す（登録者が少ない）,,https://www.youtube.com/channel/UCOsbwpeRCJ22tzxKj3Y7NkA,【待たせたな】アプデきちゃ！色々なガチャ引いてこか！
3537,70年代ゲーマー晴夫,,237,2026-08-22,0.05,1.0,RPG,外す（登録者が少ない）,,https://www.youtube.com/channel/UChJ_LRO3Czzasj9CnPJeVkA,【ファミコン】エキサイトバイクをクリア【レトロゲーム実況】
3538,神ゲー発掘チャンネル,,237,2026-08-15,0.0,1.0,,外す（登録者が少ない）,,https://www.youtube.com/channel/UCe76t-kXbWpfJJJnK7FdeSw,"【神ゲー発掘】レビュー100件以下の""時間停止ローグライク""が想像以上に面白かった!"
3539,ezfactory_いじふぁ,,237,2026-09-02,1.0,1.0,シューター,外す（登録者が少ない）,,https://www.youtube.com/channel/UCopB5q2pLHMESUGXV7-qnrg,【Apex Legends】最初に見た武器2本でワイルドカードを制するCC決勝最下位プレイヤー（ゆっくり実況）#apex
3540,サユリ-Sayuri-,,237,2026-08-28,0.68,1.0,アドベンチャー,外す（登録者が少ない）,,https://www.youtube.com/channel/UCxsXv8k5cvNaChVl075Yy4g,【Undertale】真のエンタメはここに【VTuber】
3541,酔興家ゆうげ@酒呑みVtuber,,237,2026-09-08,0.9,1.0,アドベンチャー,外す（登録者が少ない）,,https://www.youtube.com/channel/UCYLrGwtp31PKIDxHogtPdyA,【ほの暮しの庭】ついに掟の七！サザンカさんのやつだ！冬の９日目から！【酔興家ゆうげ】【酒呑みVtuber】
3542,白峰ひづる-HiduruShiramine,,235,2026-10-06,1.0,1.0,シューター,外す（登録者が少ない）,,https://www.youtube.com/channel/UCDlkPYUk1g7oJi2xyQlk6HQ,【タルコフ解説】初心者必見！生存率が劇的に変わる「ヘッドセット」の選び方と音の索敵テクニック【白峰ひづる】
3543,桐山キリル / Kiriru Kiriyama,,234,2026-09-02,0.35,1.0,アドベンチャー,外す（登録者が少ない）,,https://www.youtube.com/channel/UCge7BxwW6_JUnaRya1BJmKQ,【#星のカービィスターアライズ 】初見プレイで遊びながら雑談するよー #新人Vtuber
3544,しろくななch,,234,2026-09-26,0.88,1.0,パズル,外す（登録者が少ない）,,https://www.youtube.com/channel/UC59Xc3cqOiHmNy4brkqC-Qg,【ホラゲー実況】1か月ぶり！バイオRE２クレア編！＃２　 #新人Vtuber #完全初見 #ホラーゲーム実況
3545,おれんじ空間,,233,2026-09-16,1.0,1.0,,外す（登録者が少ない）,,https://www.youtube.com/channel/UCNBJ7WEk5wJbnuyv5uPWG5A,【エルデンリング】ランタンと龍の力
3546,鳩メガネ,,232,2026-08-29,0.4,0.73,,外す（登録者が少ない）,,https://www.youtube.com/channel/UCjs9v1po43lO1N0f5NvC8Pw,ELDEN RING？　少しだけ武器庫づくり
3547,ヤキギョ!,,232,2026-09-29,0.0,1.0,,外す（登録者が少ない）,,https://www.youtube.com/channel/UCL0rQGUd_HNJs6YhkSS_nkA,＃28【隠し街ヤハグル】ヤキギョ！の「ブラッドボーン」【PS4】
3548,真神ちよ,,232,2026-09-27,0.8,1.0,アドベンチャー,外す（登録者が少ない）,,https://www.youtube.com/channel/UCoVQe8GnO8dSo98U-0wVtFQ,アンドロイドだって幸せになりたい！(DETROIT BECOME HUMAN)#1
3549,あまひ,,231,2026-08-28,0.0,1.0,,外す（登録者が少ない）,,https://www.youtube.com/channel/UCsaHdrDMYM8ojX23uJQebgg,百尺様がいるってことは間の数字の〇尺様もいるのかもしれない【百尺様】#ゲーム実況 #百尺様  #初見 #ホラーゲーム
3550,ラピシーヴ,,231,2026-09-23,0.46,1.0,,外す（登録者が少ない）,,https://www.youtube.com/channel/UCyveup5qRK75AkKLg2L3r0g,【スマブラ配信】視聴者参加型！レイラピVS視聴者！「スマブラチームビンゴ」！！第3回
3551,カルボナーラ直立不動,,230,2026-08-29,0.5,1.0,アドベンチャー,外す（登録者が少ない）,,https://www.youtube.com/channel/UC4Njy6rvnfrJ1uZeh3RzfZA,【全否定デトロイト】人間にわからない言葉で言ってやろう【Detroit: Become Human】#8
3552,しみらチャンネル,,230,2026-10-04,0.06,1.0,ノベル,外す（登録者が少ない）,,https://www.youtube.com/channel/UC9aCwFg5eXH59hzGMQeCPNg,たまには早めに開始してみた配信【モンスターサバイバル】
3553,さいしまの動画置き場,,229,2026-08-28,0.0,1.0,,外す（登録者が少ない）,,https://www.youtube.com/channel/UC8mzFx48ZPIDH93JeK1AMVA,【デレステ】ファン活すべきか、塔を登るべきか、それが問題だ【手元配信】 #音ゲー
3554,ふぉれすとふれんず,,227,2026-09-23,0.0,0.0,,外す（登録者が少ない）,,https://www.youtube.com/channel/UCtqw7v0wy0ii6gPZZItuZdw,
3555,宇宙のはるぱる,,227,2026-09-20,0.0,0.0,,外す（登録者が少ない）,,https://www.youtube.com/channel/UCvoo6vVH7aapxJseSN94kbg,
3556,ごりもあ,,226,2026-08-26,1.0,1.0,RPG,外す（登録者が少ない）,,https://www.youtube.com/channel/UCl9LFlcprn0KBbFnLyQHyQg,#73 神のセリフとは思えぬ【ドラゴンクエストⅦ Reimagined】【実況】
3557,羽鳥天@ゆっくり実況,,226,2026-08-30,0.63,1.0,ストラテジー,外す（登録者が少ない）,,https://www.youtube.com/channel/UCi8PZVHTlBVIme1tY0a7xBQ,【REPO/ゆっくり実況】ちょっとわちゃりながら廃墟探索するREPO
3558,atmosboy(あともすぼーい) 【eFootball実況】,,226,2026-08-14,1.0,1.0,シミュレーション,外す（登録者が少ない）,,https://www.youtube.com/channel/UCGDYc79zXEFdTlYlzJzfJuA,e-football 2027開幕！可変フォメ試す LIVE配信  atmosboy
3559,ちーこ,,226,2026-09-19,0.74,0.89,ストラテジー,外す（登録者が少ない）,,https://www.youtube.com/channel/UCt8kDUhM0hNQt5tMEcl9HwQ,ソロ練からのリスナーさん参加型！BOX回収やるぞ～【R.E.P.O】
3560,az,,224,2026-08-23,0.0,1.0,,外す（登録者が少ない）,,https://www.youtube.com/channel/UC3k7RCWsEJg4PZFad5uJxhA,バトオペやるよん！
3561,やどぎん,,224,2026-09-02,0.9,1.0,,外す（登録者が少ない）,,https://www.youtube.com/channel/UCpOYLHgdj9G4uae5k0hrxQg,アカウント作成とチュートリアル【#ワロタ、俺の家のとなり魔王城www】
3562,風波凪才,,223,2026-09-11,0.05,1.0,,外す（登録者が少ない）,,https://www.youtube.com/channel/UCgBc7LEuAboEKYqHPdaFAVA,【ハートピアスローライフ #14】料理で稼ぎたい【#風波凪才/#低音ボイス/#チル/#男性Vtuber/#寝落ち系Vtu
3563,巳越ハルイチ,,222,2026-08-30,0.85,0.95,アドベンチャー,外す（登録者が少ない）,,https://www.youtube.com/channel/UCPu7DBAW-NUrWw1WUQtFTcA,【#エルデンリングナイトレイン 】大空洞ってなぁに？！【#新人vtuber / 巳越ハルイチ】
3564,白苺 夜桃𓂃Yato Shiraichi新人Vtuber,,222,2026-09-16,0.6,1.0,アドベンチャー,外す（登録者が少ない）,,https://www.youtube.com/channel/UC_-lrFj4uLDUPDMMfIxlTWA,【#コラボ配信】協力して爆弾を解除せよ！【＃KeepTalkingandNobodyExplodes 】
3565,黒衛 - kuloe -,,221,2026-08-31,0.95,1.0,RPG,外す（登録者が少ない）,,https://www.youtube.com/channel/UCLPQUKc8WSmhf6YlqBslnoA,【FF14】紅蓮事件屋、怪盗一匹狼を追跡せよ！【新人Vtuber/黒衛】
3566,通り屋リリンリです。もしもし。,,221,2026-09-08,0.0,1.0,,外す（登録者が少ない）,,https://www.youtube.com/channel/UCuH7M64LkWRedERhKzXPdow,【時オカ】こんな村に†闇の神殿†なんてやめてください
3567,無限リトライ,,221,2026-09-09,0.67,1.0,アドベンチャー,外す（登録者が少ない）,,https://www.youtube.com/channel/UCvcB-e3k5IclFuGcb5QMuKw,【かまいたちの夜 #2】連続殺人の危機! ロボ先輩の的外れな迷推理で生存者を大パニックに陥れるポンコツ実況ｗｗ
3568,鴨やん,,219,2026-09-07,0.85,1.0,シューター,外す（登録者が少ない）,,https://www.youtube.com/channel/UC9BBu06U3RlzaA6JTug1aKg,APEX→ #12 PvE 新人よ、ようこそロシアへ  [APEX LEGENDS / Escape From Tark
3569,hololon切り抜きちゃん,,219,2026-10-09,0.0,0.0,,外す（切り抜き）,,https://www.youtube.com/channel/UC4Ba5jSnt2X74ASxxem8vGA,
3570,rose1103,,217,2026-08-28,1.0,1.0,シューター,外す（登録者が少ない）,,https://www.youtube.com/channel/UC0VvHSF5LhrkQZYlfkoTn3Q,【プロセカ/譜面メーカー】 フィラメントフィーバー MASTER 31
3571,あまてり,,217,2026-09-22,1.0,1.0,アドベンチャー,外す（登録者が少ない）,,https://www.youtube.com/channel/UC6HYKgSLBZaU2NK5YciiJ6g,怖がりながらも街歩きを楽しむ女の【SILENT HILL: Townfall】#1
3572,Hideyuki Honda,,217,2026-09-19,0.73,0.18,レース,外す（登録者が少ない）,,https://www.youtube.com/channel/UCnVQhPRnTwoDRa8WDQFrJVQ,タイムアタック大会 v0.6  Lancia Stratos HF 1976
3573,The kawamura Bros,,217,2026-10-04,0.05,1.0,,外す（登録者が少ない）,,https://www.youtube.com/channel/UC1Wy3PQUx8s8g2MMLFooCdA,【ガンダムカードゲーム】キュベレイ VS マスターガンダム！シリアルカードチャレンジ頂上決戦！【GCG】
3574,ゲームフロント / GAME FRONT,,216,2026-09-06,1.0,1.0,RPG,外す（登録者が少ない）,,https://www.youtube.com/channel/UCBKOnZG7SyJiyH2fq-_Rh0w,【Skyrim SE/AE】プレイヤーが日本語で喋る！リアルタイム音声化MOD「GFPlayerVoice JP」クイッ
3575,ネモやん,,216,2026-08-29,0.74,1.0,ストラテジー,外す（登録者が少ない）,,https://www.youtube.com/channel/UCeKd0DvQNf9p9_FKafbXtqw,【Dead By Daylight】#99　キラー練＆参加型 　霧の森をお散歩しよ😊
3576,タオ,,216,2026-08-25,1.0,1.0,RPG,外す（登録者が少ない）,,https://www.youtube.com/channel/UCMvwnx5oCj0F3QLmjEgzm0w,【マイクラ実況】♯21ポンコツ操作でマイクラサバイバル！ダイヤを求めて‼ワクワクドキドキ洞窟探索だ‼【Minecraft
3577,ほどこし こさめ,,216,2026-09-15,0.0,0.95,,外す（登録者が少ない）,,https://www.youtube.com/channel/UCAiHdJXpSKPoNE6l3O-DP_Q,【#作業配信】ショート動画用顔アイコン作業
3578,ゆっくりおむつ,,214,2026-09-27,0.38,1.0,シミュレーション,外す（登録者が少ない）,,https://www.youtube.com/channel/UCM4XsvjPSIbyEtbMXyDOPrQ,【Scritchy Scratchy】スクラッチで億万長者になる【ゆっくり実況】
3579,【優しいゲーム実況】チャンネル,,214,2026-08-16,0.8,1.0,アドベンチャー,外す（登録者が少ない）,,https://www.youtube.com/channel/UCm4R_2-Lr57uc9TiFjHkp7Q,【Magicraft】魔法で無双するゲーム #新人vtuber #ゲーム実況 #magicraft
3580,エクシズ,,212,2026-08-30,0.93,1.0,,外す（登録者が少ない）,,https://www.youtube.com/channel/UCK57VZPACZzlx8PXJdCIDHQ,スプラトゥーンレイダース配信その１３（無口配信）
3581,【将棋】和風スパの三間飛車,,212,2026-08-22,0.0,0.85,,外す（登録者が少ない）,,https://www.youtube.com/channel/UC378NMJx23_P9nIsuV-oDDQ,石田流三間飛車 vs 居飛車棒金 ㉒
3582,わぐり🔵ゲーム実況,,211,2026-10-06,0.7,1.0,格闘,外す（登録者が少ない）,,https://www.youtube.com/channel/UCS4U0wrhu7FiqzkHO_Cyjjg,【わだつみのこだま】1週間で作られたのに絵作り評価 歴代1位になったゲーム
3583,ねむいの,,211,2026-09-02,0.9,1.0,RTS,外す（登録者が少ない）,,https://www.youtube.com/channel/UCZPyBe8Bd5EGE7Hm7gf3nbg,【トロピコ６】景観の良い国を目指そう！ part４（ゆっくり実況）
3584,こかげの素人芸🔰,,211,2026-09-15,0.8,1.0,RPG,外す（登録者が少ない）,,https://www.youtube.com/channel/UCkDfBwMxw_OV531ZvKUTS6g,【スタレゾ】#142｜今週も初見で挑むレイドハード終！　できればしっかり勝ち切りたい！！　－『フリーター転生 ～ ゲーム
3585,オグ,,211,2026-08-29,1.0,1.0,,外す（登録者が少ない）,,https://www.youtube.com/channel/UCim6m4kF7Li51ISztj2_4gA,【モンスト】お久しぶりの配信!! 色々やっていきたいけど明日も朝早いからそんなやれない
3586,マスターD大将【限界高校生】,,211,2026-10-05,1.0,1.0,シミュレーション,外す（登録者が少ない）,,https://www.youtube.com/channel/UCv8IyXBqikD5Q40WFprUeKQ,雑談ライブ+昨日の謝罪#サッカー#ゲームプレイ#ゲーム実況#ゲーム#バズれ#おすすめ#サッカー日本代表#Japanese
3587,こをらくん,,210,2026-09-21,0.75,1.0,ストラテジー,外す（登録者が少ない）,,https://www.youtube.com/channel/UCsyW80eNLlisL8lQXE5DhFA,【Among Us/コラボ】宇宙人狼大型コラボで〇し合いをはじめます＿＿。【ゲーム実況】
3588,パズルの森,,210,2026-08-29,0.0,1.0,,外す（登録者が少ない）,,https://www.youtube.com/channel/UCzVBvzDGDR3NoCBmfzTa_oQ,【何度も挑む】走って飛んで砕けるアクションゲーム【Level Devil】
3589,こま爺,,208,2026-10-07,1.0,1.0,インディー,外す（登録者が少ない）,,https://www.youtube.com/channel/UCFtNXrH_Xjobw15ByQ5uOeQ,【カオス】世界一命が軽い桃太郎『デス桃太郎』がツッコミどころ満載すぎるwwwww
3590,ぽんこつ菜ノ花@Vtuber,,205,2026-09-19,0.95,1.0,シミュレーション,外す（登録者が少ない）,,https://www.youtube.com/channel/UChs0yX9VWHHnVk2XqcybMCg,【 #7dtd 】NEW GENESIS！＃２１　マルチ鯖【 #newgenesis  】【 #KAI鯖 】【 #mod
3591,EDGEの趣味部屋チャンネル,,205,2026-09-02,0.0,0.0,,外す（登録者が少ない）,,https://www.youtube.com/channel/UCE2ukaA2JiiqYcK1lcKqX6w,
3592,あそびにん ゲームチャンネル,,204,2026-08-28,1.0,1.0,シューター,外す（登録者が少ない）,,https://www.youtube.com/channel/UCYL63g3HhCL2phswXqoVr5g,【Fallout4】ゆっくり実況 ストーリー攻略【パイパーのインタビュー→バレンタイン探偵事務所到着】～探偵を探しに…っ
3593,すし,,204,2026-09-20,0.0,0.0,,外す（登録者が少ない）,,https://www.youtube.com/channel/UCt8oHZxaUFkpzCBtoTSiA2A,
3594,gameぬいほたる,,202,2026-09-22,1.0,1.0,,外す（登録者が少ない）,,https://www.youtube.com/channel/UCT6E3PFU3KtOdYTAZzj36Pg,リメイクすると聞いて、時オカおさらいします♯５『ゼルダの伝説時のオカリナ』
3595,ねお,,202,2026-09-08,0.15,1.0,アドベンチャー,外す（登録者が少ない）,,https://www.youtube.com/channel/UCJWpr7NKDomEkJTECc4cqUg,【漢方縛り】妖怪ウォッチ4 ガチ初見プレイ実況！初見さんコメント歓迎！
3596,ひよ,,201,2026-09-26,0.0,1.0,,外す（登録者が少ない）,,https://www.youtube.com/channel/UCex4Q-AdGJ0G4QKfqOSkFdQ,【祝4周年！】くろなんタイトルコール集　#ChroNoiR #くろなん #叶 #葛葉 #にじさんじ 
3597,穴子寿つかさ / Nagosu Tsukasa,,200,2026-08-31,0.4,1.0,アドベンチャー,外す（登録者が少ない）,,https://www.youtube.com/channel/UCpb2jUu6dYEBMKmFXD-R0Nw,【 Card Make Arena 】カードを自由に作れるゲーム(βテスト版)の全てを楽しむ枠【 #Vtuber / #
3598,Ren-Ch.🔥🌊火瑠羅レン,,200,2026-10-06,0.9,1.0,RPG,外す（登録者が少ない）,,https://www.youtube.com/channel/UCjkcPs5Ss-tu8yP-nowDQfg,【ほの暮しの庭】#13 神器？そんなことより水田による錬金術で畑の拡張！！！パート2【火瑠羅レン】 #縦型配信
3599,十六夜 暦-Izayoi Koyomi-,,198,2026-09-20,0.18,1.0,,外す（登録者が少ない）,,https://www.youtube.com/channel/UCpFIoTlGUtvH6fePmzMoCjg,【マリオ64】 完全初見！☆120個集めるまで終われない耐久配信！！day2.5
3600,ぐるとは怖がりで下手でもゲームがしたいんです,,198,2026-10-06,0.75,1.0,シューター,外す（登録者が少ない）,,https://www.youtube.com/channel/UC-0oYHISHk_IVnKEZ2gfVeQ,[初見ネタバレ注意]怖がりで下手でも初シューティングに挑んでも良いですか？#1[The Division2(ディビジョン
3601,ARKの民,,196,2026-10-01,0.25,1.0,,外す（登録者が少ない）,,https://www.youtube.com/channel/UCjgWPuExYtXKEPj1rt-R-GA,【ASA】騙されるな！新生物パレオクトパスのテイム判定が罠すぎる件＆おすすめの誘導方法【ARK: Survival As
3602,ぐっさんGame Ch.,,196,2026-10-02,0.0,1.0,,外す（登録者が少ない）,,https://www.youtube.com/channel/UCAzaz8eohDgqT--DdSDf-0w,【モンスターコンプリワールド】ネットにも攻略情報が少ないマイナーな懐ゲーをプレイする
3603,山本プリン@ソシャゲちゃんねる,,194,2026-08-31,0.9,1.0,RPG,外す（登録者が少ない）,,https://www.youtube.com/channel/UC0rKF7eS9YcPh_QpPT9Xbmg,【ラジオ配信】8月お題：ゲームしながら配信～内容はわかってるよね★雑談
3604,NeeTowa,,194,2026-10-08,0.8,1.0,アドベンチャー,外す（登録者が少ない）,,https://www.youtube.com/channel/UCqVB58Us3M2VeuatkPMToHw,#11【ホロドリ】僕の今1番熱いホロライブの曲はこれ！！【hololive Dreams】#hololive
3605,【レトロゲーム】かけぽん_GAMES【最新ゲーム】,,193,2026-08-30,0.33,1.0,格闘,外す（登録者が少ない）,,https://www.youtube.com/channel/UCeftWhMGDT7Yu8R1H4I7aew,サターンパッド（パチモン）の調子が悪いので分解清掃してからDOA6LRがちゃんと動くかのテスト動画
3606,野暮のゲームのやつ,,192,2026-08-23,0.83,1.0,アクション（横スクロール）,外す（登録者が少ない）,,https://www.youtube.com/channel/UCjKKFQMA-4rXYGVHf3i1OLw,【Big Walk】協力謎解きオープンワールド！！【コラボ】 #001
3607,ラッキーゲームズ Lucky Games,,192,2026-10-08,1.0,1.0,,外す（登録者が少ない）,,https://www.youtube.com/channel/UC1leWWID0cUeKYepb_ipavQ,【スプラ３】3年前 VS 現在の自分が予想以上に酷すぎて大爆笑ｗｗｗ【ゲーム実況】
3608,まっきー,,190,2026-08-31,0.6,1.0,アクション（横スクロール）,外す（登録者が少ない）,,https://www.youtube.com/channel/UCGymU__-dXbSuU3Mavbud_g,人が一瞬にして消えた街【SANABI】 #2
3609,海石榴そら,,188,2026-09-26,0.61,1.0,アドベンチャー,外す（登録者が少ない）,,https://www.youtube.com/channel/UCT8mjZuh3YtBh9mLv6iLzRQ,【一致するまで終われまテン!!】この6人なら心を一つにできるはず…！【コラボ配信】
3610,付喪　コバコ【Tukumo Kobako】,,187,2026-08-31,0.45,1.0,シューター,外す（登録者が少ない）,,https://www.youtube.com/channel/UCvFXwHxMo1OMna_MJeESYcA,【#雑談配信 / #初配信 】活動4年目だけど初配信です！【#個人勢Vtuber /付喪古箱】
3611,デスブリンガー,,186,2026-10-07,0.0,0.0,,外す（登録者が少ない）,,https://www.youtube.com/channel/UCkyRRH0TSAy_swTvztZFZsA,
3612,なんでもつくるレイのなんでもチャンネル,,185,2026-09-15,0.0,1.0,,外す（登録者が少ない）,,https://www.youtube.com/channel/UCLs3ixoRHswItoXz5egN5LQ,【RPGツクール2】容量フルで完成までつくった自作RPGをプレイしてみた　vol.51　【カルターサクエスト】
3613,やみやよ,,182,2026-09-24,0.67,1.0,RPG,外す（登録者が少ない）,,https://www.youtube.com/channel/UC8tiHzJMz_xbvrt3Zo1NZJA,【急遽】コアキーパーをふーちゃーずでやるらしい
3614,86ZIDOSYA/HAMstarモーターワークス channel,,182,2026-10-03,0.0,1.0,,外す（登録者が少ない）,,https://www.youtube.com/channel/UCc8TEUKpdR8QzhQ4iB9t3AQ,Car X　1時間だけね？　不定期配信act.29
3615,ふわゆかりん / ふわゆかグループ,,181,2026-09-20,0.05,0.65,音ゲー,外す（登録者が少ない）,,https://www.youtube.com/channel/UC7sW8ugrJIhSKzF3aZUb9NA,【osu!mania】 あまり無茶しない配信 #78
3616,ゆるパズ【Shortゲーム実況】,,181,2026-09-21,0.0,0.0,,外す（登録者が少ない）,,https://www.youtube.com/channel/UCtSf3O5_h6oFDVAi-ojbRwA,
3617,夜空るな,,180,2026-09-22,1.0,1.0,,外す（登録者が少ない）,,https://www.youtube.com/channel/UClNCzZY_TSvJ2XpmbAilKMA,【実は最適？！】隠れダルシム才能開花？！【新人Vtuber・スト6・ダルシム】
3618,ぽれ,,180,2026-09-17,0.0,1.0,,外す（登録者が少ない）,,https://www.youtube.com/channel/UC9YSAyRmnpAvMLb422cvXZA,ディンゴダイルの焼肉だ！【クラッシュ・バンディクー3】
3619,佐和　GP03,,180,2026-10-07,0.0,1.0,,外す（登録者が少ない）,,https://www.youtube.com/channel/UCG6Xd6FtPY4fryPg6Iqm5Sw,PS4　GT7 デイリーレース　デイトナ実況ライブ
3620,のざガブ,,180,2026-10-02,0.73,1.0,,外す（登録者が少ない）,,https://www.youtube.com/channel/UC-z7DGz9wg_WhoU53q8I9Pg,パワプロ2026パワ杯　打てない
3621,くーたろ,,179,2026-08-25,1.0,1.0,RPG,外す（登録者が少ない）,,https://www.youtube.com/channel/UCuKPYVE8cLVp8JwSxMDioKg,終#21【FF10-2】最後まで見届けたい女の初見プレイ
3622,アニー・イールド,,179,2026-09-28,0.2,1.0,RPG,外す（登録者が少ない）,,https://www.youtube.com/channel/UCDftVgfzOF-bZJAXdZmHRqQ,【 #睡眠導入用 】 どんぐりと山猫／注文の多い料理店（宮沢賢治） 【 #アニーイールド #新人VTuber 】
3623,キャプテン・ルニャンチマン,,179,2026-08-29,0.3,1.0,シューター,外す（登録者が少ない）,,https://www.youtube.com/channel/UCEbxgAyDHyn_WBlCSbY1UXg,【雑談枠】深夜ののんびり垂れ流し配信なのじゃ
3624,あいぽのイージーゲームス,,179,2026-08-29,0.53,1.0,アドベンチャー,外す（登録者が少ない）,,https://www.youtube.com/channel/UC6jY7ZSyKIIMezOvliFHu9A,【コラボ配信】アットホームな職場に帰ってきた！【Happy's Humble Burger Cult】
3625,こづえよしの,,179,2026-09-23,0.0,1.0,,外す（登録者が少ない）,,https://www.youtube.com/channel/UC95Kj5C6LXKIwfFHBriB3zw,【#ゲーム配信 】神主系Vtuberと大富豪Online【#新人Vtuber 】
3626,結雨あなた💞☔地声系バ美肉Vtuber,,179,2026-10-06,0.45,1.0,アクション（横スクロール）,外す（登録者が少ない）,,https://www.youtube.com/channel/UCqbEzddHc9SxO7FCDSfjVmg,【バ美肉地声勢】極限昇段戦せっかくなので残り階層は配信でやる【Neverness To Everness 実況】
3627,ゲムラボ【ゆっくり解説】,,177,2026-09-25,0.0,0.0,,外す（登録者が少ない）,,https://www.youtube.com/channel/UCz9Yj-o6WnmKJjEmKAkv49Q,
3628,つなたろうです,,176,2026-09-01,1.0,1.0,シューター,外す（登録者が少ない）,,https://www.youtube.com/channel/UCXEg3o240n_00HrSLQLFrPw,初めてのエペ大会 #APEX
3629,リヨウはインディーゲームが好きらしい。,,176,2026-09-26,0.25,1.0,シミュレーション,外す（登録者が少ない）,,https://www.youtube.com/channel/UCrZSTBBl9qN0B-HVZaJ2S6w,3つの中から本物の恐怖を見極めるオムニバス形式ホラーゲーム『Tales of Fear - Episode Zero』
3630,走行のある生活 SIM RACING LIFE,,175,2026-08-28,0.57,1.0,レース,外す（登録者が少ない）,,https://www.youtube.com/channel/UClNfNNWCgE0wWHawXwG0nDQ,【GT7】ついに9秒台！1’09.945｜都道府県対抗eスポーツ選手権
3631,TA-TSU-NO-KO@バ美肉おじさんV,,175,2026-09-28,1.0,1.0,RPG,外す（登録者が少ない）,,https://www.youtube.com/channel/UC9pIPtC3xC1TEXfaSTwtzpA,【ACE COMBAT8 -WINGS OF THEVE-】バ美肉おじさん新しい空へ!アーリーアクセス編!パート01【初
3632,狂気の沙汰な小夜豆腐店,,173,2026-08-28,0.39,1.0,レース,外す（登録者が少ない）,,https://www.youtube.com/channel/UCOO0-Yw0wvJtknqCMQIBKzA,フォルツァしながら雑談
3633,しおん_Shion,,173,2026-10-02,0.0,0.8,,外す（登録者が少ない）,,https://www.youtube.com/channel/UCWF1TajyKsy4sUAMsZoiPZQ,【達人1曲目】Nivalis Anima（裏） 正攻法全良‼️
3634,ホースェンカゥ【午と牛】,,172,2026-08-26,0.11,1.0,,外す（登録者が少ない）,,https://www.youtube.com/channel/UCkVLYazjkBDVUqk8aLf56TQ,22歳のおっさんです。8月25日です。【ぼくのなつやすみ３】
3635,🌷登道こころ🌷,,172,2026-09-08,0.0,1.0,,外す（登録者が少ない）,,https://www.youtube.com/channel/UCRGGbkHcS3v9BGubi30qeXQ,桃色本屋・下書き編【イラスト】【登道こころ / こもりん】
3636,澄月とと / Suzuki Toto,,172,2026-10-02,1.0,1.0,アドベンチャー,外す（登録者が少ない）,,https://www.youtube.com/channel/UCscGM3dzJSRjiAb1XHiRmQg,【ぽこあポケモン】新生活はじめます！街づくりできる…のか？【ネタバレあり】#17
3637,皆欺嗤サカvtuber,,170,2026-09-08,0.91,1.0,シューター,外す（登録者が少ない）,,https://www.youtube.com/channel/UCD5Y3T6V5-DVEWMoygwngWw,【鬼武者 Way of the Sword】お雛ちゃんを救え！京都御所から救出作戦開始！【皆欺嗤サカ】Part3
3638,がすばーなー,,169,2026-10-09,0.12,1.0,,外す（登録者が少ない）,,https://www.youtube.com/channel/UCw2TU8Tz8BVGpe4Uqt4_0pw,【レポ動画】初めてサークル参加してみた秋季例大祭
3639,家主のぽーん『ゲーム実況配信』+『推しごと』,,166,2026-08-29,1.0,1.0,RPG,外す（登録者が少ない）,,https://www.youtube.com/channel/UCxzyYRRcje_UznTiJ8SocCQ,【 #FF14  】#23 FinalFantasyXIVの世界で「イッヌ」を探すｱｶﾈﾁｬﾝ！【 #初見プレイ 】
3640,彩雨なつ,,165,2026-10-06,0.3,1.0,アドベンチャー,外す（登録者が少ない）,,https://www.youtube.com/channel/UCg2glASwD9PuwoVRkmKOYtQ,【雀魂】初めて段位戦に参加してみる！
3641,Ten,,165,2026-09-21,0.0,1.0,,外す（登録者が少ない）,,https://www.youtube.com/channel/UCZ2LOjTszAql0yc6ssju3Xw,【初縛り】縛りプレイ初心者による残機制+進化回数縛り実況　Part6
3642,ココノハ放送局,,164,2026-09-08,0.75,1.0,,外す（登録者が少ない）,,https://www.youtube.com/channel/UCpyg3EecfxYQYSKLkkZaVZA,【初見プレイ】モンテのむらを完全攻略！シャイン８個集めるまで終われない!? | スーパーマリオサンシャイン  #8【Sw
3643,sayaca,,163,2026-08-28,0.9,1.0,シューター,外す（登録者が少ない）,,https://www.youtube.com/channel/UCIuZYBiY4iVlauQjJoEXQ3A,さわがしいタルコフ製品版！130【タルコフ】PVE
3644,ぺちえもん@ゲーム実況,,163,2026-08-29,0.3,1.0,アドベンチャー,外す（登録者が少ない）,,https://www.youtube.com/channel/UCdFW9D66QXQJa2Z_6WmeE5g,【MIND HACK】悪者を更生してあげよう！！Part2【ゲーム実況】
3645,おっちーのよこともチャンネル,,158,2026-10-01,0.25,1.0,音ゲー,外す（登録者が少ない）,,https://www.youtube.com/channel/UCjJNM1PMR3hP4JVgIm7FFWg,【考察】ポケモンってどうやって名前つけてんの？構成作家が考察してみた
3646,チョコレィト・ベーコン・クラウン,,158,2026-10-06,0.22,1.0,,外す（登録者が少ない）,,https://www.youtube.com/channel/UCdPbjc7b0XwsopUuyocwhEQ,【初見ゲーム】鬼ビビりな自宅警備員Vが再び何かを監視警備するらしい🍫初見さん大歓迎～🍫🥓👑　#vtuber #新人vtu
3647,MSY_Gamushiro,,156,2026-09-22,0.0,0.0,,外す（登録者が少ない）,,https://www.youtube.com/channel/UCMvIEnrFHWBInvqR--Hv7DA,
3648,おみおつけ ちゃんねる,,156,2026-08-28,0.0,1.0,,外す（登録者が少ない）,,https://www.youtube.com/channel/UCQzkn96lw_GtfL5uKDMno1A,【DKチャレンジ】2度目の討伐！打倒キングクルール！みんなは何回でクリアできた？
3649,むらかみけんた,,156,2026-10-03,1.0,1.0,,外す（登録者が少ない）,,https://www.youtube.com/channel/UC_ApVr4vTTjq5JyG0Wyn-WQ,【参加型】マイクラ配信Part.15【統合版/java版】
3650,Switch2ラボ ,,155,2026-10-04,0.5,1.0,RPG,外す（登録者が少ない）,,https://www.youtube.com/channel/UCJDiIJQ49ndmEXkrR1eT1lg,【ドラクエモンスターズ4】3より快適！でも惜しい…テリワン世代の体験版レビュー
3651,六面運命体のパズル部屋,,154,2026-09-11,0.0,0.0,,外す（登録者が少ない）,,https://www.youtube.com/channel/UC-qsqL9T3SlpF7d1rdO8TLA,
3652,(苗),,152,2026-09-26,0.86,1.0,シミュレーション,外す（登録者が少ない）,,https://www.youtube.com/channel/UCc_od2Up3suTJd8klgBzz8Q,再 Leafy corner : relax & Live 観葉植物屋さん体験
3653,切り抜かない,,151,2026-09-01,0.0,0.0,,外す（登録者が少ない）,,https://www.youtube.com/channel/UCb5KnU72NAPwWtPFmJaAC0g,
3654,キタ サトリ,,151,2026-10-04,1.0,1.0,音ゲー,外す（登録者が少ない）,,https://www.youtube.com/channel/UCNRT4s9jWxBsKuDcoJPHTVg,【初見プレイ】学園アイドルマスター初見プレイ【学マス】
3655,監禁部屋〜ゲームバラエティチャンネル〜,,151,2026-09-26,0.0,1.0,,外す（登録者が少ない）,,https://www.youtube.com/channel/UCWHZa81BobvjT_jB3pPD1_w,やがて魔王軍になるライアットスターズ 実況
3656,クッキーさん【サモランレトゲー】笑門来福国士無双の銀河系ゲームちゃんねる極,,150,2026-09-21,0.5,1.0,アドベンチャー,外す（登録者が少ない）,,https://www.youtube.com/channel/UClrYmHb6mkOa6sXDtQ-d4Fg,【Life is strange】人生は選択の連続。でももしやり直せるならどうする？【最終回】
3657,ものせい,,149,2026-09-19,0.89,1.0,シミュレーション,外す（登録者が少ない）,,https://www.youtube.com/channel/UCH729-z9DFSw8NccRkDIFhQ,【Cities:Skylines】目指せ大都市！国際空港をつくって物流を円滑にする！【ゆっくり実況】
3658,おじゃが,,148,2026-09-22,0.21,1.0,アドベンチャー,外す（登録者が少ない）,,https://www.youtube.com/channel/UC5p3_SpRYkk8dnyKR5fzDNQ,【ダレカレ】一向に名前入力させてくれないじゃん #１
3659,いっちゅー4,,147,2026-08-22,0.0,1.0,,外す（登録者が少ない）,,https://www.youtube.com/channel/UCBaWcgEF7E_n9brciqkIqDg,最大スキケ２つ？！対戦動画のまとめ！！その1
3660,戌乃かいる,,146,2026-10-02,0.8,1.0,アドベンチャー,外す（登録者が少ない）,,https://www.youtube.com/channel/UCRYLDBw6Y8SbWERUhIrOB5g,【初見プレイ】ファイナルファンタジー4 vol.3【戌乃かいる 】
3661,ディーン富士そば,,145,2026-08-23,0.65,1.0,アドベンチャー,外す（登録者が少ない）,,https://www.youtube.com/channel/UCpC7XUy8tBVLRignpKZkqvg,【最終夜】衝撃の結末に考察が止まらないディーン富士そば【REANIMAL】
3662,お茶の間からゲーム配信するチャンネル,,145,2026-08-16,0.0,1.0,,外す（登録者が少ない）,,https://www.youtube.com/channel/UCmXXhat-zqkAdKt8xLdUfAw,新キャラグローバー見た目も強さもヤバすぎる！味方をつなぐと壁でも切れない？　#ブロスタ #新キャラ #グローバー 
3663,ぴおねーPioneー,,145,2026-10-06,1.0,1.0,,外す（登録者が少ない）,,https://www.youtube.com/channel/UCxWo1bahppIYYx3SjwlOfkA,まだらな森を探索！廃キャンプ場探し【マイクラ ハードモード】#44
3664,酸腐乱シ酢子,,144,2026-09-01,0.0,0.0,,外す（登録者が少ない）,,https://www.youtube.com/channel/UC3l6gAZ0SkSR62IlndHf1Yg,
3665,たののき / 自称ぷよぷよVTuber,,142,2026-08-31,0.81,1.0,RPG,外す（登録者が少ない）,,https://www.youtube.com/channel/UCxGf7Ahq4r3Gh079AaVRXdw,【ぷよテト2】大連鎖を撃ちたい(願望)ぷよぷよ配信【ぷよぷよテトリス2(Steam)】
3666,@Pon@,,142,2026-09-07,0.89,1.0,パズル,外す（登録者が少ない）,,https://www.youtube.com/channel/UC9CxSSeAkxzlQQnGR-AB2oA,＃80鍋を求めて【ゼルダの伝説BotW〜気ままにゆるり旅〜】
3667,ぬいくん,,142,2026-10-06,0.0,0.0,,外す（登録者が少ない）,,https://www.youtube.com/channel/UCuHzf1528Pnpb1nSGXT4DlA,
3668,うい,,140,2026-09-16,0.0,0.0,,外す（登録者が少ない）,,https://www.youtube.com/channel/UC57QM649sSzgLhkBoiVlB1w,
3669,チェス,,139,2026-09-22,0.32,1.0,ストラテジー,外す（登録者が少ない）,,https://www.youtube.com/channel/UCmrfIaRmaTGN0tmaFEk7i4w,【ポーカーチェイス】風邪のひき始め…ちゃちゃっと勝利して寝るze★
3670,がちぼつ,,139,2026-09-09,0.45,1.0,シミュレーション,外す（登録者が少ない）,,https://www.youtube.com/channel/UC_XEVV8nuu8DL2BRZdSAcew,【Motor Fest】#7 今日はレイトショーといきましょーや！！！
3671,ルルネch_ゆっくり実況,,139,2026-09-03,1.0,1.0,シューター,外す（登録者が少ない）,,https://www.youtube.com/channel/UCNNTV7Dowza5uSWfW-dccYg,【Apex Legens】Apex初心者による！プラチナ昇格戦！!apex初心者日記 part9【ゆっくり実況】【エーペ
3672,まーぼう,,139,2026-09-18,0.07,1.0,,外す（登録者が少ない）,,https://www.youtube.com/channel/UC8DT3kEKSG7lKpmnoyX-qCg,【ぽこあポケモン】家をピンク、ピンク、ピンクにしていく
3673,あ,,139,2026-09-21,0.0,1.0,,外す（登録者が少ない）,,https://www.youtube.com/channel/UCLv8WX3FUsjnpkkZwopkWvw,【実況】平和なエヴァのギャルゲ【鋼鉄のガールフレンド2nd】Part16
3674,生焼けケバブ,,139,2026-10-02,1.0,1.0,ストラテジー,外す（登録者が少ない）,,https://www.youtube.com/channel/UCn-89fiYDgsQmkjE-9r10Hw,【DBD】私のビルドの組み方紹介！！【ボイロ実況/DeadbyDaylight】
3675,渡辺さん,,137,2026-08-22,0.15,1.0,シューター,外す（登録者が少ない）,,https://www.youtube.com/channel/UCD0QM32A8YujqmuYF5igr5w,第４７回　みんオフ全国大会
3676,完走ゲーム実況,,137,2026-10-07,0.75,1.0,,外す（登録者が少ない）,,https://www.youtube.com/channel/UCNnpW9QUaYR3KBGSkIJDWWA,あのバカに会うまでは絶対に諦めない初見ナイトメア | 空の軌跡 the 2nd 実況 #9
3677,さとう【V切り抜き】,,136,2026-09-26,0.0,0.0,,外す（切り抜き）,,https://www.youtube.com/channel/UCiQejEGtIlg0sI87Ef51_Tg,
3678,ホラーブラザーズ,,135,2026-09-23,0.5,1.0,,外す（登録者が少ない）,,https://www.youtube.com/channel/UCGdzo8_2Et0X7-lNCmlEjlQ,【JSP】※閲覧注意※実際に存在する事故物件を監視するホラゲー
3679,オダリス,,134,2026-10-05,0.0,1.0,,外す（登録者が少ない）,,https://www.youtube.com/channel/UCxH7U3mtH43AKFk3DNZfG7w,ライバル配信！
3680,そらねころふろっくす@3000人目標,,134,2026-09-10,0.0,0.0,,外す（登録者が少ない）,,https://www.youtube.com/channel/UCLQabreYbzi8G_G6g6pJdpA,
3681,プラチナ帯の成り上がり@ちゅにてぃ,,134,2026-09-03,0.0,0.0,,外す（登録者が少ない）,,https://www.youtube.com/channel/UCeg1XtKq9nEDTCbF9wOSCKA,
3682,キツツキ(運なし),,134,2026-09-04,0.85,1.0,アドベンチャー,外す（登録者が少ない）,,https://www.youtube.com/channel/UC7iaFGNyXU8aWEgBup88I6g,【ルビナイト】亡国の姫様が化け物を倒していくソウルライクボスラッシュゲー【VOICEROID実況】
3683,YNK『優しさの塊』,,134,2026-09-07,0.33,1.0,シミュレーション,外す（登録者が少ない）,,https://www.youtube.com/channel/UCV_YmylyWSxOE8nCpzauulQ,毎晩一緒にゲームやってる俺らならこんなレベルは朝飯前ですねw【Big Walk】1
3684,金平糖ラスク,,133,2026-09-06,0.75,1.0,RPG,外す（登録者が少ない）,,https://www.youtube.com/channel/UC6dxIrEeabZfxCfnhHsOorg,縛りプレイで挑む ポケモン スカーレット ＃16 【金平糖ラスク/#VTuber】 #ゲーム実況
3685,ちゃんたまTV,,133,2026-09-05,0.85,1.0,ストラテジー,外す（登録者が少ない）,,https://www.youtube.com/channel/UCcjDc2kCwaOqUut3yshkKlw,【初心者】sunoで音楽作ってみよう
3686,もう一度キムチを食べてよ,,132,2026-08-29,0.0,0.0,,外す（登録者が少ない）,,https://www.youtube.com/channel/UC7AYtqKx7MGEvZV2pkEg0hg,
3687,榊原(らんらん),,132,2026-08-27,1.0,1.0,,外す（登録者が少ない）,,https://www.youtube.com/channel/UCBuHL3vCYApQtJR_zwbGMjQ,【valorant】認定戦でアイアンに戻ってきたのだが？
3688,さかしろ,,132,2026-08-31,0.0,0.0,,外す（登録者が少ない）,,https://www.youtube.com/channel/UCEy3X6gjiJqTCkgeKXtup9A,
3689,ゆきみん,,132,2026-09-13,0.93,1.0,アクション（横スクロール）,外す（登録者が少ない）,,https://www.youtube.com/channel/UCE6h9634KzbJNlUeC5VP1xA,ネザー要塞探索するぞ！ #7【マイクラ】【マイクラ実況】
3690,甘空ラルク,,132,2026-10-04,0.06,1.0,パズル,外す（登録者が少ない）,,https://www.youtube.com/channel/UCont1fYvMmjMZF-SpYyMpnQ,【Tell Riddle】二つの部屋から抜け出せ！【甘栗コラボ】
3691,ゆうひチャンネル,,130,2026-08-15,0.0,0.0,,外す（登録者が少ない）,,https://www.youtube.com/channel/UCUSC9tSF67FxGmpQa2KHvPw,
3692,こしおニキ,,129,2026-08-27,0.73,0.87,シューター,外す（登録者が少ない）,,https://www.youtube.com/channel/UCjMLvoArhSPxbn90b07bNfg,【後半】耐久配信
3693,あざらしさんのレトロゲームなお時間,,129,2026-09-20,0.94,1.0,RPG,外す（登録者が少ない）,,https://www.youtube.com/channel/UCOol8S91hxS6fkY1Su9HkTw,【KOF98（主人公チーム・ノーコンティニュークリア）】ファミコン世代が、思い出のネオジオ格ゲーを遊んでミル【ザ・キング
3694,なかてん,,129,2026-09-20,0.0,0.0,,外す（登録者が少ない）,,https://www.youtube.com/channel/UChHOACDR74mWojlN65oe1ag,
3695,爆弾岩男,,128,2026-08-10,0.35,1.0,,外す（登録者が少ない）,,https://www.youtube.com/channel/UCey0K8KQySLgSLtqL7jHIMA,みんなのGOLF WORLD_ちっぷいんO.B(2回目)
3696,元気屋 亀/genkiya kame,,128,2026-09-07,0.5,1.0,,外す（登録者が少ない）,,https://www.youtube.com/channel/UCDqpeLoR0Kl8WtHwpwuCD2Q,激動の雀魂　友人戦は三麻の東風戦です
3697,ST.MIA!,,127,2026-09-29,0.6,1.0,RPG,外す（登録者が少ない）,,https://www.youtube.com/channel/UCPOrR3HKlXIJu6bcQvGzUMw,最近ハマってる　WF　参加〇【DF/えつまる&スミス】
3698,細流ひろせ,,126,2026-09-27,0.6,1.0,,外す（登録者が少ない）,,https://www.youtube.com/channel/UCoY1KX4Q7NGJMW6YO-JpRbA,【参加型ShadowverseWB】まったりルームマッチ！#2
3699,那古野 -Nagono-,,126,2026-08-28,0.54,1.0,ストラテジー,外す（登録者が少ない）,,https://www.youtube.com/channel/UCY0iuF3yI-7UDTPfpFS-jow,最後なのに脇目も振らず俺の首を切り落としにかかってくる須田恭弥【SIREN / サイレン】Vol:END
3700,トリノゲーム,,126,2026-09-06,0.8,1.0,アドベンチャー,外す（登録者が少ない）,,https://www.youtube.com/channel/UCVSxHtQJq9ZQM3ylS3gzN7A,格安アンドロイドが超高性能アンドロイドに追われる！【DETROIT BECOME HUMAN】実況＃12
3701,ぷぴTube,,125,2026-10-09,1.0,1.0,,外す（登録者が少ない）,,https://www.youtube.com/channel/UCWiP7pMxDoX8epNiVU1igDA,ﾏﾁﾞ無理泣きそぅ…破壊神その30【鉄拳８/TEKKEN8】煮えるママテケナー！！リリちゃんランクマ沸騰配信
3702,LoL研,,123,2026-08-20,0.0,0.0,,外す（登録者が少ない）,,https://www.youtube.com/channel/UCt8BLudKbmXtYozpaioMBRQ,
3703,桜咲 さく🌸,,123,2026-09-26,0.0,0.0,,外す（登録者が少ない）,,https://www.youtube.com/channel/UCNUyX7VStHoyRbefm6Tav4w,
3704,霧幻遊戯場,,123,2026-08-28,1.0,1.0,RPG,外す（登録者が少ない）,,https://www.youtube.com/channel/UClMSEg2pwjn64MKJNwAppIQ,[Switch版ARK Scorched Earth #04]スコチ カンガルーで探索[VOICEVOX実況]
3705,Fumiaki,,122,2026-09-26,0.0,0.0,,外す（登録者が少ない）,,https://www.youtube.com/channel/UCQWxYQPn5cnJYskUBNP51kg,
3706,SANNBYOUSHI,,122,2026-09-06,0.82,1.0,アクション（横スクロール）,外す（登録者が少ない）,,https://www.youtube.com/channel/UCIldK-WoR4XiqLCX9St3dIA,"【縦型配信】三人でレポやります！！ルカ視点/🅆じゃこたま,シツ【REPO】"
3707,つばくんgames,,122,2026-10-04,0.0,0.92,,外す（登録者が少ない）,,https://www.youtube.com/channel/UCtVt-DlZcsd37O6C88qvY_w,＃１【Mineclaft】天空トラップタワーを作り上げろ！
3708,きりこま,,122,2026-09-19,0.29,1.0,,外す（登録者が少ない）,,https://www.youtube.com/channel/UCzfyKqCpR5OMG8sl2XoHODg,【ゆっくり実況】全力でネザーを探索しないとそろそろ年内完結出来なさそうな件について
3709,ラム・ラグドール,,121,2026-09-07,0.6,1.0,パズル,外す（登録者が少ない）,,https://www.youtube.com/channel/UCQD_wJd8hmNuLup_lQxOqoA,【完全初見ドラゴンクエストビルダーズ2 #2 】マリベル（犬）【ネタバレあり】【配信アーカイブ】
3710,桔梗キキ,,121,2026-10-07,0.53,1.0,パズル,外す（登録者が少ない）,,https://www.youtube.com/channel/UCykfYFfq4o2aHQ4298xSNVg,【失敗したら語尾ルーレット】久しぶりに廃墟探索しようじゃないか【R.E.P.O.】#新人Vtuber  #vtuber
3711,さらら。@ドットーレとパンタローネ最推しの腐、考察好き,,121,2026-10-09,0.0,1.0,,外す（登録者が少ない）,,https://www.youtube.com/channel/UCS6PYHO0cZbOFbePIM2qTwA,[ 原神 ] 久々に推しが叩かれまくりで辟易しております。※主、ドットーレ推しの腐、考察好き。
3712,landhand,,119,2026-08-29,0.31,0.94,シューター,外す（登録者が少ない）,,https://www.youtube.com/channel/UCk6ggi4blsUEQVSWk_dbuyw,【パノラマサーバー】駅周辺定点カメラ
3713,わし,,119,2026-09-30,0.65,1.0,アドベンチャー,外す（登録者が少ない）,,https://www.youtube.com/channel/UC8a-280FZj9hTRDOhAuwPhg,【スト6】MR3000道！沼から脱出編！基礎力向上目指してランクマMR1850~【ストリートファイター6】
3714,しおぱん@麻雀配信,,118,2026-10-09,0.65,1.0,,外す（登録者が少ない）,,https://www.youtube.com/channel/UCqovppSNMletcY7ykWBTvgw,【雀聖2  RTA】一歩進んで二歩下がる…のは嫌だ！！初心者さん・質問大歓迎【雀魂/四麻段位戦】
3715,カメイモ,,117,2026-08-27,0.33,1.0,格闘,外す（登録者が少ない）,,https://www.youtube.com/channel/UCD9a-ntHMvMB6M6jGMaGwUw,魔法議論ミステリー【魔法少女の魔女裁判】Part2 #まのさばネタバレ #まのさば #ゲーム配信  #初見プレイ配信
3716,ジャック E ロバートソンCh,,117,2026-08-21,0.65,1.0,シューター,外す（登録者が少ない）,,https://www.youtube.com/channel/UCjLMoqbXD95d1aBTXGW3B4A,【男性実況】レトロフューチャーを楽しむカレンの探索記：Fallout4 まったり雑談プレイ配信 Part26
3717,へっとふぉん,,117,2026-09-25,0.58,1.0,アドベンチャー,外す（登録者が少ない）,,https://www.youtube.com/channel/UCYg8SQcHVIUpIn6kvvt0WWg,【ゆっくり実況】こっからどうしよう【無限複製おじょうさま】
3718,夏の如く,,116,2026-09-19,0.25,1.0,アクション（ハクスラ）,外す（登録者が少ない）,,https://www.youtube.com/channel/UCEYJmG9XDA26dCkt9LdKRVQ,#5 愛ゆえに【北斗が如く】
3719,F F,,115,2026-08-28,0.7,1.0,アドベンチャー,外す（登録者が少ない）,,https://www.youtube.com/channel/UCUSRfpHWlsYN-N1kNQnQBOw,【モンハンワイルズゆっくり実況】＃29　アルシュベルド
3720,フフフのおふみ,,115,2026-09-06,0.79,1.0,アドベンチャー,外す（登録者が少ない）,,https://www.youtube.com/channel/UCDFRNZpMaOOLXxXZG78gEbA,[鬼武者 Way of the Sword]待望の新作鬼武者！！＃4【ネタバレ注意】
3721,笑いお届け便のRPG実況者・キーナ,,115,2026-10-08,0.6,1.0,アドベンチャー,外す（登録者が少ない）,,https://www.youtube.com/channel/UC_3luFI3M_asx_jwwF3TqeQ,「汐見琴音」との出会い【P5X(ペルソナ５ The Phantom X)P3Pコラボ「前半」】全力実況※ストーリーネタバ
3722,柊木リファ,,114,2026-09-27,0.0,0.0,,外す（登録者が少ない）,,https://www.youtube.com/channel/UCUbVWpeKmSC1b4jWc7zx8pQ,
3723,ひよこひょこひょこ,,114,2026-08-13,0.0,1.0,,外す（登録者が少ない）,,https://www.youtube.com/channel/UCKfXRiMFHZwIRc9jg_Idxjg,失われた遺跡 プレイログ 2026. 8.11 part 3
3724,たくろー伝説,,114,2026-08-12,0.75,1.0,,外す（登録者が少ない）,,https://www.youtube.com/channel/UCekyKvhuXJ-ULnbXXQGj6Lg,ほんだたくろー最強ACE 5選
3725,レンジョウ【ゲーム紹介・実況V】,,114,2026-09-24,0.71,1.0,RPG,外す（登録者が少ない）,,https://www.youtube.com/channel/UCo82sFycpRVaTGjcXzDjdmg,【マスターレート1721～】なに！？チャンピオン級をゲットしないとポケモン最新作プレイできないだと！？【 #ポケモンチャ
3726,《BRAZE》まっつんのゲーム部屋,,113,2026-09-28,0.63,1.0,シューター,外す（登録者が少ない）,,https://www.youtube.com/channel/UCik8y7LeeDZ6FLP4_JrJSoA,ガチ初見のメタルギアソリッド4
3727,イズナ / izuna,,111,2026-10-09,0.05,1.0,パズル,外す（登録者が少ない）,,https://www.youtube.com/channel/UCoeH4BEOoupewU9JoQWc2-A,#18【艦これ】北方海域決戦!!  3-4を攻略するぞ！  今から始める艦これ！【春日部つむぎ実況】
3728,小薔薇リン / Lin Kobara Ch. ,,111,2026-10-04,0.88,1.0,パズル,外す（登録者が少ない）,,https://www.youtube.com/channel/UCZp0KHD6tgUmX9TZiFY90ow,アーマードコア６ ２周目初見実況プレイ #新人Vtuber
3729,俺等の名は,,111,2026-09-04,1.0,1.0,,外す（登録者が少ない）,,https://www.youtube.com/channel/UCuwUGTYTjdmWZNPFKp2e6yg,【マイクラ】～アプデに触れながら物資調達～の巻　【たかちゃん視点】　＃マイクラ ＃マイクラ実況
3730,ナイラ,,111,2026-10-08,0.43,1.0,RPG,外す（登録者が少ない）,,https://www.youtube.com/channel/UC2S0C5GD1GsU-GuqXUK4yxg,世界の半分をもらいに行く｜ドラゴンクエストI＆II 1日目
3731,諏訪 ガルノ -Suwa Garuno-,,110,2026-08-25,0.0,1.0,,外す（登録者が少ない）,,https://www.youtube.com/channel/UCcZqJEvWMsMIbGXu8UrFN6w,リズム天国初心者がお送りする【リズム天国ミラクルスターズ】＃３
3732,うかむP,,110,2026-08-29,1.0,1.0,シューター,外す（登録者が少ない）,,https://www.youtube.com/channel/UCaazKIs0s-JsnCBWGQgrN3w,【縛りコフ生活6日目】天国Shoreline。【Escape from Tarkov】タルコフPvE
3733,あトもドり,,110,2026-10-06,0.64,1.0,シューター,外す（登録者が少ない）,,https://www.youtube.com/channel/UCo8PmvM5qLJvUn1rvkjZBOw,【エースコンバット８】part3　敵エース部隊襲来！？（ネタバレ注意）#エースコンバット8
3734,ねこぱんちゅーぶ,,110,2026-10-07,1.0,1.0,RPG,外す（登録者が少ない）,,https://www.youtube.com/channel/UCFVuPxn3Zyw3ld_v_0vZnyw,【奈落のキッチン｜Abyss Kitchen】#５：飲んだくれ修道女がやってきた【自給自足サバイバルアクション】
3735,ゆてん,,109,2026-10-09,0.0,1.0,,外す（登録者が少ない）,,https://www.youtube.com/channel/UClEfZDwuhtEzm6PYrT8Bpdw,我 肘を極めし者。 肘による全世界の完全消滅の完遂を志す
3736,今日からゲーム実況,,109,2026-08-27,0.3,1.0,RPG,外す（登録者が少ない）,,https://www.youtube.com/channel/UCM1B3QRSKswqYFmQYSXQPZg,ブリガンダイン　アビス　実況プレイ
3737,もっちー,,108,2026-08-29,0.0,1.0,,外す（登録者が少ない）,,https://www.youtube.com/channel/UCrgpSqfx8tv6NsmXVQsqbTA,完全初見プレイ【逆転検事】肉体派検事ってなんだよ #5
3738,ミムトのRPG実況部屋,,108,2026-10-02,1.0,1.0,,外す（登録者が少ない）,,https://www.youtube.com/channel/UCnhw9Z1L7jLwrp54h5DU3EA,【空の軌跡 the 1st】助けて、一方的にイケメンに蹂躙される… 初見実況 part42　※ネタバレ注意
3739,菫 あお,,108,2026-10-05,1.0,1.0,RPG,外す（登録者が少ない）,,https://www.youtube.com/channel/UCyiDkNt25Xcv7pr6MJnWXow,S3最終決戦！『悖逆の機駭・終』ナイトメア攻略に挑戦！ギルメンの手伝い！【ブループロトコル：スターレゾナンス】
3740,ゆるゆる夜食ch,,107,2026-09-04,0.06,1.0,アクション（横スクロール）,外す（登録者が少ない）,,https://www.youtube.com/channel/UCaflr3HimeWmn6qYUrzWdMg,【#リンバスカンパニー 】ついにダンジョン入り！もうお花は嫌です！！！【#個人vtuber #夜食キュウ】
3741,レイン ch. ,,107,2026-10-01,0.9,1.0,アドベンチャー,外す（登録者が少ない）,,https://www.youtube.com/channel/UCCbXmvcugoRCQjeVlOY1yRQ,【ソウルライク】＃４　ダンジョンの奥には、きっとボス。【False Hero】
3742,チョアPちゃんねる,,105,2026-08-13,1.0,1.0,,外す（登録者が少ない）,,https://www.youtube.com/channel/UC67N6hsHgOY9wCgtrw9ZJJg,【ELDEN RING実況】影の地探索でボスラッシュ！？＃１０
3743,デミカツの好きなとこCH【デミカツ切り抜き】,,103,2026-08-16,0.0,0.0,,外す（切り抜き）,,https://www.youtube.com/channel/UCrOT4y8j2MKjZHF1wrFio1w,
3744,朝日向潤,,103,2026-08-28,0.38,1.0,アドベンチャー,外す（登録者が少ない）,,https://www.youtube.com/channel/UC52cnih3cxhEsI61Dl5y2hQ,【ゲーム配信】Mad Father（マッドファーザー） リメイク版 part1
3745,プリリン / Puririn Ch,,103,2026-10-05,0.69,1.0,アドベンチャー,外す（登録者が少ない）,,https://www.youtube.com/channel/UCWN_DrElDa_PYUONQ4Bq0yg,【スタセイ】フェイ・ルー・ティリアを厳選するぞぉぉ！！【スターセイヴァー/新人Vtuber】
3746,ぼやき雀士,,103,2026-09-22,0.77,0.92,シューター,外す（登録者が少ない）,,https://www.youtube.com/channel/UCvx6fYfFWE3tWF-8VQWXQjQ,【雀魂】3万点持ち3着は悲しい ~”雀魂”388回目の配信です。 すこやかに~
3747,アン・フラミン,,103,2026-10-09,0.9,1.0,ストラテジー,外す（登録者が少ない）,,https://www.youtube.com/channel/UC9OZBvpCXZBGqsSExa5wZ_g,【 Japanese Ramen Simulator 】仕込んで、作って、提供する🍜 俺の一杯をおあがりよ！ 本日リリー
3748,おらんげり@大人の再発見ゲーム実況,,103,2026-09-29,1.0,1.0,シミュレーション,外す（登録者が少ない）,,https://www.youtube.com/channel/UC_hCwbY4AcvjMqeS7bR0JPA,大人こそ分かる、昇進を断る人の気持ち ｜ Coffee Talk #8
3749,かんの事務所,,102,2026-09-03,0.2,1.0,アドベンチャー,外す（登録者が少ない）,,https://www.youtube.com/channel/UCICtpIbDx-dTeYleZcQlsig,【ぽこ あ ポケモン #19】ブイズをそろそろ集めきりたい！　ポケ盛りweekend🌸[かんの事務所]
3750,ヴァローナch,,102,2026-08-30,0.9,0.9,アドベンチャー,外す（登録者が少ない）,,https://www.youtube.com/channel/UCKsgR7dJx_s4kQBv8uzBBwA,【ZZZ】俺は超危険なベーグルが嫌い
3751,ファミコン大図鑑,,101,2026-09-29,0.0,1.0,,外す（登録者が少ない）,,https://www.youtube.com/channel/UCGf_qKHABaiE31qz7zx6q_g,【ファミコン大図鑑】100面クリアしても、終わりが無い｜1986年春のファミコン名作10本まとめ（サーカス・チャーリー〜
3752,てぺ | パズル・謎解き / TePeGames,,101,2026-09-19,0.4,1.0,パズル,外す（登録者が少ない）,,https://www.youtube.com/channel/UC57ubMcoJfTY9xd57drC5ww,きりんの首をひたすら伸ばす|公開収録【TRIFOLIUM】
3753,三十三回転,,101,2026-09-04,0.0,1.0,,外す（登録者が少ない）,,https://www.youtube.com/channel/UCLPVYroxPuzNzNrD_ZvwIwQ,【樹海迷路】pt.14▶さらなる進化を遂げたノベルゲー！複雑なシナリオ分岐に先輩後輩は結局総当たりで挑む！【2人実況】
3754,はらびれ,,100,2026-10-06,0.0,0.0,,外す（登録者が少ない）,,https://www.youtube.com/channel/UCiKU8jckJ_UNBr__7dTq-6g,
3755,上下総鉄,,99,2026-09-11,0.0,1.0,,外す（登録者が少ない）,,https://www.youtube.com/channel/UCtuQfGIgWDorQ5XNiKaF7gA,【ゆっくり実況】A列車で千葉県を大開発！part8
3756,ぶろっこりートマト,,98,2026-08-16,0.06,1.0,,外す（登録者が少ない）,,https://www.youtube.com/channel/UCGPbyg4w7bogHMdOOrusrfg,トマシがマッチ修行するってよ。こっそりと23【みんなのゴルフワールド】
3757,みー,,98,2026-10-04,0.0,0.0,,外す（登録者が少ない）,,https://www.youtube.com/channel/UC9yGH_QpbSXrc5ao8mS-4ZQ,
3758,2026年なのにマイクラ初見の配信者,,97,2026-09-28,0.9,1.0,RPG,外す（登録者が少ない）,,https://www.youtube.com/channel/UCzIV4e_2A11pSPFtwkyENpw,【完全初見実況】初めてのカエル繁殖！#86【マイクラ】#マイクラ #minecraft #作業用BGM
3759,クロマル ゲームズ,,97,2026-08-18,0.0,1.0,,外す（登録者が少ない）,,https://www.youtube.com/channel/UClzYS8-vkyLE85liBKiQAWA,【NBAダンクシティ】現環境最強キャラ「ヤニス」がまじでバケモンすぎたwww
3760,戦狂チャンネル,,97,2026-10-06,0.8,1.0,パズル,外す（登録者が少ない）,,https://www.youtube.com/channel/UCq1WDKS-Ey72JGaaxpcrbtA,【the door.やっかり実況】ドアを開けろ鍵より早く
3761,ほたてのゲーム部屋,,96,2026-08-28,1.0,1.0,,外す（登録者が少ない）,,https://www.youtube.com/channel/UCdyoA9I-Mvxi51fxwpFiU3A,#85【FF7 リバース】アレクサンダー攻略法発見！正面から挑むのが吉
3762,エド側ー,,96,2026-10-07,0.0,0.0,,外す（登録者が少ない）,,https://www.youtube.com/channel/UCKRyLWIGVtIOk7wTpGDl8Vw,
3763,あずにゃ,,94,2026-08-23,0.2,1.0,,外す（登録者が少ない）,,https://www.youtube.com/channel/UCGjTK76OtLajvK6dvByN0og,渡辺さん主催　第47回みんオフ全国大会1発勝負
3764,そにざらしのゲーム実況物語電脳共有空間,,94,2026-09-22,1.0,1.0,シューター,外す（登録者が少ない）,,https://www.youtube.com/channel/UCPgdCgoN7WZExoQBEt79yNg,【初見で縛りプレイ】瘴気が満ち満ちても何度でも立ち上がる宮本武蔵「鬼武者 Way of the Sword」#5 #ゲー
3765,霜霧ふさ / shimokiri fusa,,93,2026-09-30,1.0,1.0,レース,外す（登録者が少ない）,,https://www.youtube.com/channel/UCVFc4iVuM8LCnOwP7RgI6lg,Forza Horizon 6  FH6参加型配信～ 気軽に参加ok！ コンボイに参加して一緒に走ろう！part64
3766,なれはて,,93,2026-09-27,0.94,1.0,シューター,外す（登録者が少ない）,,https://www.youtube.com/channel/UCvB8vpoFp34076G8NMXNjvg,【BF6】兵科チャレンジ進めていくやで！！！！part19【援護兵】
3767,田の仲太一の嗜むCh. / ゲームと趣味を嗜むチャンネル,,92,2026-09-26,0.8,1.0,RPG,外す（登録者が少ない）,,https://www.youtube.com/channel/UCO9WcMi_dTHqpDnc0y7025Q,【あきゅ&田の仲太一コラボ】ポケモンチャンピオンズ参加型 あきゅさんとコラボ配信！【ポケモンチャンピオンズ97】
3768,ぺぇしぃ,,92,2026-09-27,0.95,1.0,アドベンチャー,外す（登録者が少ない）,,https://www.youtube.com/channel/UC4xxAZPQG5lYttgCta9CbSA,#5【SMS】シャイン120枚集めたことないので頑張ってみよう【switchオンライ��
3769,健康 しぇり,,92,2026-09-28,0.0,1.0,,外す（登録者が少ない）,,https://www.youtube.com/channel/UCRTnTT-JE5136ACK88u274A,【コラボ】10年来の友人と協力プレイ【みつめ】
3770,豆電球,,92,2026-10-06,0.75,1.0,シューター,外す（登録者が少ない）,,https://www.youtube.com/channel/UC543i99rkfeBWpmCkrQkDRw,【apex参加型】俺、ダイヤに行きたいです。。。プラチナ３～初見さん大歓迎！！#apex
3771,ボタコス,,91,2026-08-03,0.0,1.0,,外す（登録者が少ない）,,https://www.youtube.com/channel/UCcDe0iMTp5uPFTZYL_V2xGA,【初投稿】新人原神実況者がへたくそすぎた
3772,ぷつくろチャンネル,,91,2026-10-07,0.33,1.0,シミュレーション,外す（登録者が少ない）,,https://www.youtube.com/channel/UC3OOttfcWdSaPlPYc-PTDew,【2人実況】ミニゲーム全種よわいからめちゃつよまで遊んでみた【星のカービィ64】
3773,ぽかのん,,90,2026-09-30,0.23,1.0,,外す（登録者が少ない）,,https://www.youtube.com/channel/UCB6JTyrcSnksRCaU8y9yHlA,りりすちゃんぽかる？♪(@_@)♪#252(ゴルフゆるたの)
3774,みうえ,,90,2026-08-29,0.65,1.0,格闘,外す（登録者が少ない）,,https://www.youtube.com/channel/UCpUhlGllhG5vnot-pLPzlvQ,【崩壊スターレイル】水着ロビン引いて高難易度で遊ぶ
3775,はるぼぅ,,90,2026-10-06,0.83,1.0,RPG,外す（登録者が少ない）,,https://www.youtube.com/channel/UC9b5FWkdEDJa5t1cCMXY_sg,体験版 #2【DQモンスターズ4】夫婦でゲーム配信【ドラゴンクエストモンスターズ4】※ネタバレあり
3776,タコヤッキー,,89,2026-09-08,0.0,1.0,,外す（登録者が少ない）,,https://www.youtube.com/channel/UCqN5lGemfDNBzD9zvq-JbBQ,［まさかの展開も！］夏だ！海だ！ぽこあだ！［ぽこあ　ポケモン］
3777,とうごう。【ホラーゲーム実況】,,89,2026-10-07,0.7,1.0,アドベンチャー,外す（登録者が少ない）,,https://www.youtube.com/channel/UCIo4B6QK7uRjaAb0Uz5nkQw,見知らぬ人に声をかけられても安易に返事をしてはいけない…【■■になってくれませんか？】実況プレイ
3778,えう(Eu) ch,,88,2026-09-03,0.93,1.0,シューター,外す（登録者が少ない）,,https://www.youtube.com/channel/UCl05keJgfBCEWVWTEIfGOBQ,【VALORANT】目指せプラチナ遅延あり
3779,秋世 AKISE,,87,2026-08-24,0.95,1.0,シューター,外す（登録者が少ない）,,https://www.youtube.com/channel/UCi1ZV-j_ALeC2FpNJGttIYA,【天地創造】たっぷり聞け！このラスボス曲を聴くためにここまで来た！【Terranigma】 #１７ #Vtuber #ゲ
3780,ちょこっとちょこっと!,,87,2026-09-20,1.0,1.0,,外す（登録者が少ない）,,https://www.youtube.com/channel/UC7prt7MXxB3D391pz-TB5pA,Gルートが…はじまった！【#undertale ＃アンダーテール】【Gルート】ちょこっとゲーム実況
3781,ららく,,86,2026-10-04,1.0,1.0,シミュレーション,外す（登録者が少ない）,,https://www.youtube.com/channel/UCA91U2mWID0zKAD3BtD9P6w,【Terraria/テラリア】目指すは地下世界！ノーマルモード最後のボス？？#4 「初見さんこんばんわー
3782,新夜わど,,86,2026-10-06,0.35,1.0,アドベンチャー,外す（登録者が少ない）,,https://www.youtube.com/channel/UCZwOsxASuF2BvFk86ufLwQQ,【#星の記す真実 】目を閉じてプレイするゲーム【目を開き続ける】
3783,yuxyu【ゆうゆう】,,85,2026-08-29,0.0,1.0,,外す（登録者が少ない）,,https://www.youtube.com/channel/UCgs81Kig-Mhb87zcv7Myyqg,懺悔参り   -  cover【ゆうゆう】
3784,宇宙人B,,85,2026-10-07,0.86,1.0,アドベンチャー,外す（登録者が少ない）,,https://www.youtube.com/channel/UCkxDoFXWnqdg6MJuuN-l07g,立て続けに起こるラッキー「あつまれどうぶつの森」
3785,パズクラ,,85,2026-10-04,1.0,1.0,,外す（登録者が少ない）,,https://www.youtube.com/channel/UCosJMVCBneHcjy0Xy7ouVNg,【記憶力バトル】神経衰弱でゲットした武器でサバイバルゲームだ！！#マイクラ
3786,ゴンぬき,,84,2026-08-16,0.0,0.0,,外す（登録者が少ない）,,https://www.youtube.com/channel/UCvmf31iT57cyOYaJoFz8bWA,
3787,くまのユーさん,,84,2026-10-06,1.0,1.0,RPG,外す（登録者が少ない）,,https://www.youtube.com/channel/UCGDLJ0kfxjzG2YvCfyGqTYw,アラフォーLIVE また再び・・・【FF11】 #2
3788,doranabe,,83,2026-09-20,0.3,1.0,シューター,外す（登録者が少ない）,,https://www.youtube.com/channel/UCXWxSvoMRNbPyZQDX7rM-Vw,FC ゼビウス 1週目（16面）クリア
3789,ふわふわ乃々花☁️🎀,,83,2026-10-07,0.0,0.0,,外す（登録者が少ない）,,https://www.youtube.com/channel/UC_GFM6ZwqeNvobTLMJ_zgkA,
3790,ゆきみここ,,83,2026-10-07,0.5,1.0,アドベンチャー,外す（登録者が少ない）,,https://www.youtube.com/channel/UCGCBpZXeWpuB3YEtZcww8Bg,【ウィッチャー３　ワイルドハント】#2 グリフィン討伐！の前にサイドクエスト！！
3791,いくらる,,82,2026-10-09,0.0,0.0,,外す（登録者が少ない）,,https://www.youtube.com/channel/UCgOVap5Te1xeHtYPi4tjY2Q,
3792,だるまはきょうもおびえてる(ホラーゲーム),,82,2026-09-27,0.2,1.0,,外す（登録者が少ない）,,https://www.youtube.com/channel/UC0W8KkXTc4SUTbbpm9tn0QA,幽霊が写るデジカメを持って廃墟を探索するゲームが怖すぎた【写るんです】Part1
3793,Rime,,81,2026-08-12,0.32,0.26,シミュレーション,外す（登録者が少ない）,,https://www.youtube.com/channel/UCnKpqj0p-iSAilIot81QiWQ,根脈奇景 453pt 【エンドフィールド】
3794,かまち,,81,2026-09-05,0.28,1.0,シューター,外す（登録者が少ない）,,https://www.youtube.com/channel/UCfgwdUR7myeH8gVzw45CbOg,マスターまであと1964PTwith友達
3795,くまかえる,,81,2026-09-28,0.0,1.0,,外す（登録者が少ない）,,https://www.youtube.com/channel/UC7LS2IOxhBox8XJpCDq4wYQ,=LOVE    とくべチュ、して　近代日本替え歌
3796,だいこん,,80,2026-08-23,0.0,1.0,,外す（登録者が少ない）,,https://www.youtube.com/channel/UCHlIve_5wz6vAKELJOHIVng,早く涼しくなってよチャレンジ
3797,uruha共和国(潤羽鯖公式),,80,2026-08-24,0.29,1.0,シミュレーション,外す（登録者が少ない）,,https://www.youtube.com/channel/UCXkztgDPhJG8G9_LmqyP3ZQ,【東方学園 第13話】正負の数のたし算！魔理沙の脳内が大爆破！？
3798,HITOTOKI・GAMES,,79,2026-09-25,0.86,1.0,シミュレーション,外す（登録者が少ない）,,https://www.youtube.com/channel/UC3wucPu0uCik_XGSBsh98tA,『総集編』金と宝石の採掘ライン！手作業から楽して稼げるようになるまで『Hydroneer』を一気見
3799,ばりおんぬ,,79,2026-08-22,0.6,1.0,,外す（登録者が少ない）,,https://www.youtube.com/channel/UCs5Lxrdux5oFC9szcTaZ2Aw,みんなのGOLF WORLDマッチ10連勝の旅 #6
3800,れべるいち🔔,,79,2026-09-22,0.0,1.0,,外す（登録者が少ない）,,https://www.youtube.com/channel/UC1VulLSALo9OAhI6LiV6tNQ,フリーホラゲー【#メイドインバイト】ご飯？お風呂？それとも…【れべるいち🔔】
3801,みるるぴかまる,,79,2026-09-28,0.0,0.0,,外す（登録者が少ない）,,https://www.youtube.com/channel/UCs1Ce0q_0kTmOL0GbEKekKg,
3802,おやすみゲーム部屋,,79,2026-09-19,0.82,1.0,アドベンチャー,外す（登録者が少ない）,,https://www.youtube.com/channel/UCe19K3RUUMb1W7rkwGhgEIA,【it Takes Two】#2 愛は作業。【コラボ配信】
3803,トリントロントロー,,79,2026-10-06,0.0,1.0,,外す（登録者が少ない）,,https://www.youtube.com/channel/UCtmLxW98kVzAWn6o6qHASCg,ショートコース4連続 part17
3804,芽衣子 YAY,,78,2026-08-27,0.35,1.0,RPG,外す（登録者が少ない）,,https://www.youtube.com/channel/UCg28UpMOpXQ7XGd_i8qStTw,#19【エルミナージュII 〜双生の女神と運命の大地〜】ブラン砂漠を探索します｜危険な宝箱！｜初見プレイ / 実況なし 
3805,漢ナイ連合,,78,2026-08-24,0.46,0.85,パズル,外す（登録者が少ない）,,https://www.youtube.com/channel/UC0rM76f0D6Y0dQQJK1mmx0A,郊　外　戦　だ　!!【タレント・重要進化禁止ダダサバイバーPart4】
3806,蔦宮巧也の声であそぼう | V-Moa,,78,2026-08-18,0.0,1.0,,外す（登録者が少ない）,,https://www.youtube.com/channel/UCCRibfAWZKADij8ADVgUWSQ,作品と見つめ合うことで自分を知るある彫刻家のお話【木の中にいる】実況プレイ
3807,浅井ジークフリード,,78,2026-09-22,0.0,0.0,,外す（登録者が少ない）,,https://www.youtube.com/channel/UCgcI7UKtY__V3hkTQLFBK2Q,
3808,LONGROOVE ch ,,78,2026-09-25,0.5,1.0,アドベンチャー,外す（登録者が少ない）,,https://www.youtube.com/channel/UCRxE-MbxwxgVqso543EK1WQ,急遽バトル！！p.s.旅行行ってきました【ぷよぷよ™テトリス® ２】 w/ けけ椅子
3809,Noctalnia【ノクタルニア】,,76,2026-10-07,0.33,1.0,,外す（登録者が少ない）,,https://www.youtube.com/channel/UCpLdrtBEuhhLfYWV8Ag-y-A,【第2夜】ノクタラジオ～回らない寿司を食べたい～
3810,YOMASA ch. GAME,,76,2026-09-08,0.56,1.0,,外す（登録者が少ない）,,https://www.youtube.com/channel/UCr5oUODZnfzVqY_vsWulpRQ,『ゼルダの伝説』冒険の始まり『 時のオカリナ』#8
3811,ゆっくりもえぎ,,75,2026-08-28,1.0,1.0,,外す（登録者が少ない）,,https://www.youtube.com/channel/UC3ZspY9rFKM18kV7VWyEYhA,【Minecraft実況 Part26】エンドの世界を探索！エリトラやお宝も大量入手！？【ゆっくり実況】
3812,藍呂 【あいろ】,,75,2026-09-28,0.0,1.0,,外す（登録者が少ない）,,https://www.youtube.com/channel/UCgBhnSqk9THk32sA2cPBJbA,【南国バカンス島】#47 最高のホテル、できるか？【ゲーム実況】
3813,結チャンネル【ゆっくりAPEX実況】,,75,2026-10-05,1.0,1.0,シューター,外す（登録者が少ない）,,https://www.youtube.com/channel/UCqjhiNRq8yhzkJNiEsW9u1A,【APEX】FPS初心者は１年でどこまで行ける！？【ゆっくり実況】
3814,もちこ庵,,75,2026-10-07,0.92,1.0,,外す（登録者が少ない）,,https://www.youtube.com/channel/UCpODbFgi4-kBZpM43G4H2hQ,【ほの暮らしの庭♯29】エンディング後。本2冊と部品1を探し求めるスローライフ🌱【作業用BGMにもどうぞ！】
3815,Toppemaのゲーム部屋,,74,2026-10-09,0.53,1.0,シューター,外す（登録者が少ない）,,https://www.youtube.com/channel/UCZBMQwiRF1RvJbM63Sape_Q,#24 エンジニアの時ってどういう人をまず調べたらいいんだろう？【グノーシア】
3816,イマガワカル,,74,2026-09-22,0.0,0.0,,外す（登録者が少ない）,,https://www.youtube.com/channel/UChO7k0yYi4sMt-3l63vsvPw,🔴 CHAT CONTROLS The Falling Pickaxe! ⛏️ (NEW UPDATE)
3817,りょうちゃんのFun!旅ぃLife!,,73,2026-08-22,0.8,1.0,シミュレーション,外す（登録者が少ない）,,https://www.youtube.com/channel/UCUrNGd6AxkEFuw_HdQy9Sjw,【シティーズスカイライン2（ゲーム実況）】りょうちゃん国シーズン２　第01話「りょうちゃん国シーズン２スタート！」
3818,ひまつぶしゲームルーム / YouTube Playables,,73,2026-09-16,0.0,0.0,,外す（登録者が少ない）,,https://www.youtube.com/channel/UCJrRl1zqw0joDPW1qdym9HA,
3819,蛸壷ショウコ,,72,2026-10-05,0.65,1.0,アドベンチャー,外す（登録者が少ない）,,https://www.youtube.com/channel/UCk5xmjQG_rz47ZShz095GSA,【RetroSpace】何もまだわかっていないのにもっと何もかもわからなくなったのでどうにでもなれって感じの気分のやつ 
3820,でぃえご,,72,2026-10-03,1.0,1.0,,外す（登録者が少ない）,,https://www.youtube.com/channel/UCw6J6q-MXxctluLwF6aDvOg,【VALORANT】エイムよりも大切なもの、それはノリ
3821,ニラサワ,,71,2026-09-12,0.57,1.0,RPG,外す（登録者が少ない）,,https://www.youtube.com/channel/UC8PrwWpImApeFASd45Zi1Og,滑舌だけがいい漢のおしゃべりキング
3822,あいか,,71,2026-09-04,0.7,1.0,ストラテジー,外す（登録者が少ない）,,https://www.youtube.com/channel/UCdndLCGvASELGGPjXkifxIg,【Aicafe】あいはのがゲストと一緒に市場を営業中【旧市場シミュレーター】 #Aicafe遊び部
3823,椿屋ツバメ,,71,2026-10-06,0.82,1.0,アドベンチャー,外す（登録者が少ない）,,https://www.youtube.com/channel/UCkhxQNSA-xauI3DEnPF4bmg,【初見プレイ】FINAL FANTASY XVI【＃７】
3824,もみじ,,70,2026-09-26,0.75,1.0,アクション（横スクロール）,外す（登録者が少ない）,,https://www.youtube.com/channel/UChaN1zsHm0-u7eXJrQlahkQ,【Roblox】久々にゆっくり実況！！#knifeduels#roblox #fps #神ゲー #ゆっくり実況#ナイフ決
3825,ブルースゲームログ,,70,2026-08-29,0.65,1.0,パズル,外す（登録者が少ない）,,https://www.youtube.com/channel/UC456WS1D2nIPyPMqQY9q1pA,日本が舞台のスケボー風ハチャメチャ電車アクション『電車アタック』初見実況プレイ　PART7　チャプター5-1兵庫県から五
3826,tinaのゆっくり実況,,70,2026-09-01,1.0,1.0,RPG,外す（登録者が少ない）,,https://www.youtube.com/channel/UC_kf2jQkLlRQqkmfCRozYaA,【Core Keeper】この世界で最強になるまでに！！【ゆっくり実況】
3827,りおぴchannel,,70,2026-09-18,0.33,1.0,レース,外す（登録者が少ない）,,https://www.youtube.com/channel/UC8OCn-DU2SDLQ6rl8uo50Ug,【完全初見】神ゲーと噂のゴーストトリックゲーム実況【普通に難しい】
3828,となみ ふうな,,69,2026-08-22,1.0,1.0,レース,外す（登録者が少ない）,,https://www.youtube.com/channel/UCOK-y0U2GhRKH73tfP9VdVA,【#みんGOLワールド】#85 オンラインで遊びましょう（PS5/Steam）【みんなのGOLF WORLD】
3829,宇宙飛行士ちあき,,69,2026-10-07,1.0,1.0,シューター,外す（登録者が少ない）,,https://www.youtube.com/channel/UCXTmpCaknbQKJzRvJGzLIDw,【#新人VTuber】京都2200ｍ エリザベス女王杯 本育成 ファインモーションから【#ウマ娘】
3830,でんちう,,69,2026-09-24,0.9,1.0,シューター,外す（登録者が少ない）,,https://www.youtube.com/channel/UCVACLdULGKApurCwLsUPaeQ,（リベンジ６回目）前回失敗したエースコンバット７のミッション１１に再チャレンジ！！（マイク無し無言プレイ）
3831,pokotanjp,,69,2026-10-01,0.8,1.0,アドベンチャー,外す（登録者が少ない）,,https://www.youtube.com/channel/UCHhhUpq9fvAMOla7wmKIgAQ,【He Who Watches】約●時間で振り返る高難度重力パズル #1
3832,ネムロch,,69,2026-10-02,1.0,1.0,シミュレーション,外す（登録者が少ない）,,https://www.youtube.com/channel/UCibbzwPRByEp4M-1EbfHd0g,「こんな桃太郎は嫌だ」どんな桃太郎？→これ。 【ゲーム実況:デス桃太郎】
3833,ずっっともろー,,68,2026-10-03,1.0,1.0,,外す（登録者が少ない）,,https://www.youtube.com/channel/UChav25RAmVpQqzhLbnLQS4A,【＃6】あぁ。最低な構図だわ。【ほの暮しの庭】
3834,くまんち　くまたる,,68,2026-09-24,0.75,1.0,シミュレーション,外す（登録者が少ない）,,https://www.youtube.com/channel/UCmdMyivvpF5iMZeM7OfN_2A,＃3 バラバラ漢字を組み立てるのは難しい【文字遊戯】(日本語版)
3835,二タ,,68,2026-09-29,0.1,1.0,パズル,外す（登録者が少ない）,,https://www.youtube.com/channel/UC9ZCxKyPsh-JK5433OyhjJA,とある男の不安定な日常を過ごすゲーム【As usual.】
3836,みずうみまい,,68,2026-10-05,0.0,1.0,,外す（登録者が少ない）,,https://www.youtube.com/channel/UCOTsNOALC9dU5ZsIBijRYqA,水族館で消えた親友を探す謎解きホラー【アクアリウムは踊らない｜＃1】
3837,ゆるとぴあ【公式】,,67,2026-09-17,0.53,1.0,パズル,外す（登録者が少ない）,,https://www.youtube.com/channel/UCRm8Cnnb4xXe_0h69vMkSwQ,【WASD : トリの冒険/ゆるとぴあ】WASDを個別で操作する友情破壊ゲームをプレイ！
3838,猫御こな,,66,2026-10-07,0.08,1.0,,外す（登録者が少ない）,,https://www.youtube.com/channel/UCDIPXT9-TXkQ6fYIHqssJGQ,雀魂参加型｜初見・初心者歓迎！みんなで遊ぶ三麻友人戦
3839,天夜ユウキ / Amaya Yuuki,,66,2026-10-01,0.94,1.0,シューター,外す（登録者が少ない）,,https://www.youtube.com/channel/UCwLW7M1Mc68cRpb0NyNA9MA,【検証】FPS初心者が本気で1ヵ月間APEXを練習したらランクはどこまで上がる？ Part1【APEX】
3840,法×裁判を科学する,,65,2026-08-28,0.0,1.0,,外す（登録者が少ない）,,https://www.youtube.com/channel/UCQP15jFFJ92_hXpQiBcgoWg,【125年の終焉と再生】年商100億の老舗アパレルA社を崩壊させた「2つの不祥事」と、旧経営陣を強制退陣させて復活を遂げ
3841,るみあ【現役中学生YouTuber】,,65,2026-10-03,0.0,0.0,,外す（登録者が少ない）,,https://www.youtube.com/channel/UCEHYXidLfC7tfac89jSNTSg,
3842,aym / ゲーム実況,,64,2026-10-01,0.56,1.0,シミュレーション,外す（登録者が少ない）,,https://www.youtube.com/channel/UCFlv_JGYlVNFQpD205YBWuQ,【FFレゾナンス体験版】#3 まさかの常闇のヴェリアス戦！初代FF「ウォーリアオブライト」ビジョン解放『ファイナルファン
3843,あさぎ【新人ゲーム実況者】,,63,2026-09-15,0.1,1.0,,外す（登録者が少ない）,,https://www.youtube.com/channel/UCpCOD4IOXY2g-nWaJswhL7w,【初コラボ】お宝盗みます
3844,推し声喫茶 -菜乃-,,63,2026-09-22,0.0,0.0,,外す（登録者が少ない）,,https://www.youtube.com/channel/UC77mFHC-1VZcKaJpn4bd1aw,
3845,エミル💍🤍「エトワール・ルミエール」,,63,2026-09-28,0.75,1.0,,外す（登録者が少ない）,,https://www.youtube.com/channel/UCmhZl1BbiK8jxbM348KZG8A,【JSP3】絶対に泊まってはいけない旅館『杉屋旅館』
3846,まえっち,,63,2026-10-06,1.0,1.0,シューター,外す（登録者が少ない）,,https://www.youtube.com/channel/UCsnGQ9nP-tyjK-feaWDKYgQ,【Apex】昇格させてくれよー
3847,しぇりー,,62,2026-08-28,0.0,0.8,,外す（登録者が少ない）,,https://www.youtube.com/channel/UCVvaOjXX8itGaOif8tXvaWA,しぇりー のライブ配信
3848,フクビキ,,61,2026-10-06,1.0,1.0,シューター,外す（登録者が少ない）,,https://www.youtube.com/channel/UCi88bW5xfgXCJlS1pf-G41w,【ドラクエ11S】#12　グロッタに到着
3849,Quad小澤,,61,2026-08-31,0.2,1.0,シューター,外す（登録者が少ない）,,https://www.youtube.com/channel/UCRw59sdDGV7xpYXhKp7A3JA,【ツイキャス同時配信】中級大詰め続きやります!!【上海LEGEND】
3850,K L,,61,2026-09-16,1.0,1.0,RPG,外す（登録者が少ない）,,https://www.youtube.com/channel/UCVZQl4nPbJABmt5O_fzBi5A,【ゆっくり】ドラゴンクエスト 1 Vol.07【レトロゲーム】
3851,スミ,,61,2026-10-05,1.0,1.0,RPG,外す（登録者が少ない）,,https://www.youtube.com/channel/UCO5y2On_OzQPPG6fjT2KrDw,【鳴潮】無言：ちょっとだけ探索 ゲーム実況 #116【Wuthering Waves】
3852,はてなふらいふりー,,59,2026-10-03,0.3,0.5,RPG,外す（登録者が少ない）,,https://www.youtube.com/channel/UCp7vP4iLSGr1ytsHj3sRK-g,ドラゴンクエスト3 K Mix 03
3853,ゲーミングももちゃんねる☆,,59,2026-09-22,1.0,1.0,RPG,外す（登録者が少ない）,,https://www.youtube.com/channel/UCXFD8x4TkpR88raA4CxqHwg,【Moonlighter 2】昼は店主、夜は冒険者！今日から新人商人はじめます☪【初見実況】
3854,テンさんのおうち(ゲーム部屋),,58,2026-08-24,0.29,1.0,音ゲー,外す（登録者が少ない）,,https://www.youtube.com/channel/UCsE7Qbo2BgwR5Q4l0BAhJyg,指が止まらない…！モーツァルト「トルコ行進曲」が超絶鬼畜譜面だった件【A Dance of Fire and Ice】　
3855,ねぎまそば [ゆっくり実況]   [soba_negima],,58,2026-09-06,0.4,1.0,ストラテジー,外す（登録者が少ない）,,https://www.youtube.com/channel/UCqPVCNp1sA67GJGtnZC6hUQ,今でもしょっちゅう実況されているところを見る不朽の名作、クッキークリッカーをゆっくり実況で実況していく！[cookie 
3856,ゆー,,58,2026-08-26,0.0,0.0,,外す（登録者が少ない）,,https://www.youtube.com/channel/UCJDgUJi-cofZiUv5VQvavTw,
3857,やまだのゲーム実況チャンネル,,58,2026-08-29,0.8,1.0,RPG,外す（登録者が少ない）,,https://www.youtube.com/channel/UCRAcaPc00T5MpaXBomMSS7Q,広がる腐食、これ以上戦い続けていいのか？ Pt. 14【Beast of Reincarnation / PS5】【ネタ
3858,にょらいの万物チャンネル,,58,2026-09-12,0.26,1.0,RPG,外す（登録者が少ない）,,https://www.youtube.com/channel/UC3JhWLkmlXGdPL-m6LuTrWw,【FRLG】たんぱんこぞうの手持ち縛りでリーグ制覇へ！【縛りプレイ】 #6
3859,犬泊 こつ,,57,2026-08-17,0.85,1.0,シューター,外す（登録者が少ない）,,https://www.youtube.com/channel/UCCu3lJVrNZl1E-w1wo5YAAA,【 日本事故物件監視協会3 -JSP3- 】ペアで監視のお仕事やってくよー！【 ホラーゲーム実況 】
3860,chishigi　ch【ちしぎch】,,56,2026-10-03,0.0,1.0,,外す（登録者が少ない）,,https://www.youtube.com/channel/UCdYRnaUKLcO5B_miRvp2T2Q,登録して
3861,ゆの【新人ゲーム実況者】,,55,2026-10-01,0.0,0.0,,外す（登録者が少ない）,,https://www.youtube.com/channel/UCLmi5TWoxBTAT4ZiLlRN5ZA,
3862,ツタノハGEAMing,,55,2026-08-20,0.29,1.0,,外す（登録者が少ない）,,https://www.youtube.com/channel/UCcXwnQo6lY6oomyd0JKf4Aw,【アーマードコア６】【縛りプレイ】【ゆっくりボイス】近接武器縛りでクリア目指す動画ｗ
3863,ういにゃん5,,55,2026-10-09,0.53,1.0,RPG,外す（登録者が少ない）,,https://www.youtube.com/channel/UC2QSbGXkhds6b_-88i5KmBg,のんびりシージ#ubisoftpartner #ad
3864,Yuuのゲーム部屋,,54,2026-09-27,0.0,1.0,,外す（登録者が少ない）,,https://www.youtube.com/channel/UCBjuHEAaqMW13bxC-WwmvTw,【リラックマ農園】ポイ活案件　本当に達成できるのか⁉検証してみた！　#3
3865,💤 はやみ,,54,2026-08-30,0.42,1.0,アドベンチャー,外す（登録者が少ない）,,https://www.youtube.com/channel/UC7h50uOc55OdE6RtAnSd0Rg,俺の人生『デモ版』だった。究極の2択を胎児が選べるSFホラーゲーム「FOREBORN」
3866,にいな -蜷- / Niina channel 【雑食系ゲーム実況】,,53,2026-09-27,0.5,1.0,アドベンチャー,外す（登録者が少ない）,,https://www.youtube.com/channel/UCrU2W28XRJA7gghhHctgW8A,なぜかライブハウス並みの盛り上がりを見せるホラゲーがあるらしい【夜の植物店 the Plant shop】
3867,月影ルイ,,53,2026-10-09,0.67,1.0,レース,外す（登録者が少ない）,,https://www.youtube.com/channel/UCK7KlzsSom8F4b42bG8E7xw,【予定は未定】いったんow新シーズン触る～（ちょっとお疲れなのでしゃべり少な目）【月影ルイ/個人勢】
3868,インディーゲーム情報部,,53,2026-09-16,0.0,1.0,,外す（登録者が少ない）,,https://www.youtube.com/channel/UCz9z3PoAUvgcvUhrDIjF9mw,【2026/09/15】情報部イチオシ！新作インディーゲーム10本
3869,ジーザス,,53,2026-09-24,0.5,1.0,,外す（登録者が少ない）,,https://www.youtube.com/channel/UCfcPRDYRTgjcvgSMdZBsO4Q,【ポケカ】30周年ピカチュウをDAISO商品だけで最強にしてみた！！
3870,びーからチャンネル,,53,2026-09-07,1.0,1.0,,外す（登録者が少ない）,,https://www.youtube.com/channel/UC--bp-LJx39acviUFWWwgtQ,マイクラ実況パート12！！要塞探索ー！！
3871,SirA”,,53,2026-10-03,0.0,1.0,,外す（登録者が少ない）,,https://www.youtube.com/channel/UCbXWpRTum-rzN-yEo0lI9UA,SirA” のライブ配信
3872,Nepi ch.,,52,2026-09-15,1.0,1.0,アドベンチャー,外す（登録者が少ない）,,https://www.youtube.com/channel/UCCCHliwiLifhFvCuZHn2Pzg,昔のアニメみたいな世界で銃をぶっ放す探偵FPS【MOUSE: P.I. For Hire #1】
3873,せらむch,,52,2026-09-21,1.0,1.0,,外す（登録者が少ない）,,https://www.youtube.com/channel/UCaVYU5zqba7fBK--yl2I0dw,【検証】元イモータルなら1000円のマウスでも無双出来る説   VALORANT/ヴァロラント
3874,のりまきの部屋,,52,2026-09-22,0.75,1.0,パズル,外す（登録者が少ない）,,https://www.youtube.com/channel/UCopZfSxC4Qe5OcGh1I9HXvA,【Machinarium】 #3 今日も元気に謎を解く【ネタバレ注意】
3875,はるがけθ【Harugakeθ】,,52,2026-09-30,0.0,0.0,,外す（登録者が少ない）,,https://www.youtube.com/channel/UCOD2NoDjaALaOEmEJyqNzWw,Aiae DX譜面 Master 初 SSS+!! 【maimai DX】
3876,ホタテ,,52,2026-10-03,0.33,1.0,パズル,外す（登録者が少ない）,,https://www.youtube.com/channel/UCcYREoyhZEvsHrsVnqcR_yw,【デスゲームの報告書】悪魔三宅降臨【ゆっくり実況】
3877,ネゴレーン,,51,2026-09-30,0.21,1.0,,外す（登録者が少ない）,,https://www.youtube.com/channel/UCyGCoq3MzCIM8Iym6YL24tw,【AIとPodcast撮ってみた#33】全肯定AIに「もっと反論して！」と頼んでディベートしてみた【実質ひとりごと】
3878,IR | PLAY,,51,2026-09-21,1.0,1.0,,外す（登録者が少ない）,,https://www.youtube.com/channel/UCgJBXBfNTZTOGnmDycSxP3w,【FF7 REMAKE】運命を超えろ！セフィロスとの最終決戦｜#18
3879,どえむんURちゃんねる【世界征服】,,50,2026-10-01,0.05,1.0,音ゲー,外す（登録者が少ない）,,https://www.youtube.com/channel/UCZY4BHRJI62-B9qhUm9HU3g,このゲームは神ゲーなので今すぐダウンロードして下さい。
3880,ながれぼし,,49,2026-10-06,0.95,1.0,,外す（登録者が少ない）,,https://www.youtube.com/channel/UC4RJkllU88hgvVqXhzpMb1g,【賞金有】2UP以上で勝ったら1000円チケットプレゼント企画!!【みんゴルワールド】
3881,はーく🐺🌕️,,49,2026-09-29,1.0,1.0,,外す（登録者が少ない）,,https://www.youtube.com/channel/UCkvN8zrBY3jFw73PNXerwhA,【コラボ】日本事故物件監視協会３を協力プレイ！
3882,なと油,,49,2026-10-04,0.67,1.0,シミュレーション,外す（登録者が少ない）,,https://www.youtube.com/channel/UCppz0AR-YNbrFtGURU1yNOA,人気者王決定戦！＃AIドット絵バトル＃ゲーム実況
3883,ここの実況部屋,,48,2026-10-09,0.0,0.0,,外す（登録者が少ない）,,https://www.youtube.com/channel/UCj8llX-GdbGGNopkH6-sxHw,
3884,ねんどのへや,,48,2026-10-04,0.85,1.0,アドベンチャー,外す（登録者が少ない）,,https://www.youtube.com/channel/UCcgbhkMqsIwDkeRJg3UHAYg,【ほの暮しの庭】初見のんびりプレイ #1
3885,ひとえ,,48,2026-10-08,0.1,1.0,シューター,外す（登録者が少ない）,,https://www.youtube.com/channel/UCYzniPTID-YOKfkWRXc_JkQ,俺の彼女が怖い【みことにっき】
3886,おたぬきたぬか Tanuka Ch.,,48,2026-10-04,0.7,1.0,,外す（登録者が少ない）,,https://www.youtube.com/channel/UCZt2QI6SSFJ7d_mBGwi1mWg,(ネタバレあり)【CONERU】#4　CONERU -DIMENSION GIRL-やります！！🐼
3887,niteの配信チャンネル,,48,2026-09-08,0.6,1.0,ストラテジー,外す（登録者が少ない）,,https://www.youtube.com/channel/UCa3lkdlDKKS6iVgf1dKgLmw,周回プレイ（文字通り）#2【LOOP HERO】
3888,風呂当番,,48,2026-10-02,1.0,1.0,シューター,外す（登録者が少ない）,,https://www.youtube.com/channel/UCUPkULWiCvEuciPTNBlKzwg,《終》エースコンバット８が出るまで一日一回「MISSION18/王無き国」をやる
3889,mine,,48,2026-09-21,0.5,1.0,シューター,外す（登録者が少ない）,,https://www.youtube.com/channel/UCn4e4_YC94-h9DduTVpq1NA,[祝ACE COMBAT 8発売記念]ACE COMBAT 7:SKIES UNKNOWN 振り返り実況プレイ 後編
3890,おいぶ【実況】,,48,2026-10-09,0.0,1.0,,外す（登録者が少ない）,,https://www.youtube.com/channel/UCM79UYiH6uwDUq8C1bhwaIA,【配信ダイジェスト】14｜聖下、そんな顔してたらシワになりますよ【#ゼノブレイド2】
3891,ぽぽやま,,47,2026-09-01,0.84,1.0,シューター,外す（登録者が少ない）,,https://www.youtube.com/channel/UCj-guP0u_yLaNe26OWFrsMg,白石美智代の壮絶な家庭環境と黒幕の正体に迫る考察【#初見 パラノマサイト #15】【ネタバレあり】
3892,ナナシノタマシイ,,47,2026-09-25,0.3,1.0,,外す（登録者が少ない）,,https://www.youtube.com/channel/UCP-DhlUPFys_vG5I4OI-LlA,【雀魂】最下位になったら即終了のガトリング配信
3893,真柳(数学博士音楽大好き麻雀系Youtuber),,46,2026-10-06,0.0,1.0,,外す（登録者が少ない）,,https://www.youtube.com/channel/UCH3-_csYTluNAh784BJatLw,【ミリしら雀士育成バトルチーム戦】2日目応援配信枠
3894,ねくしす,,46,2026-10-07,0.8,1.0,,外す（登録者が少ない）,,https://www.youtube.com/channel/UCwhDUFmFM_XGnq5hHJb5nVw,【バグ】異世界から攻撃を当てられることに気づいてしまったｗ【モンハンワイルズ】
3895,港未来デハY577,,45,2026-10-05,0.0,1.0,,外す（登録者が少ない）,,https://www.youtube.com/channel/UCrPB-0O1J-lIeffRd0rluQA,【A列車で行こう9実況】「舞山王国開拓記」part7
3896,れいだよ,,45,2026-09-25,0.0,0.0,,外す（登録者が少ない）,,https://www.youtube.com/channel/UCANZx-E2UDp5gXxXbCHNd4Q,
3897,COLOR,,44,2026-08-15,0.0,1.0,,外す（登録者が少ない）,,https://www.youtube.com/channel/UCfz8KpfN_mDMbbe_-SAQALw,深夜のオンライン対戦？　【みんなのゴルフWORLD】
3898,ちゃびんgames,,44,2026-09-27,1.0,1.0,シューター,外す（登録者が少ない）,,https://www.youtube.com/channel/UCP_d0hC4-T5h42ceWRlqvNQ,【R6S】キーマウ二日目のクイックマッチ。
3899,ぷにぷに+ゲームのネタバレチャンネル【ぷにぷに&妖怪ウォッチ2覇道&星のカービィワールドビヨンド】,,44,2026-10-06,0.0,0.0,,外す（登録者が少ない）,,https://www.youtube.com/channel/UC49FrxvRcGMcaGwLBZlKZrQ,
3900,シン・YouTubeちゃんねる,,43,2026-10-09,0.0,0.0,,外す（登録者が少ない）,,https://www.youtube.com/channel/UC8V1g2hd0LGCCQ534QPQXRg,
3901,itk　陰キャのゲーム実況局,,43,2026-09-29,0.57,1.0,音ゲー,外す（登録者が少ない）,,https://www.youtube.com/channel/UC2nsyXAfm0UPNAqAGUY4VJg,ネットミームが多すぎるマリカツ実狂#最終回 
3902,k,,42,2026-10-02,0.0,1.0,,外す（登録者が少ない）,,https://www.youtube.com/channel/UCTDJLVHCqtW8RI9P5rPDnRA,【クラシックダンジョンX3】神超え入手を目指して#24【縛りプレイ】
3903,ちゃんげん,,42,2026-10-06,1.0,1.0,RPG,外す（登録者が少ない）,,https://www.youtube.com/channel/UC5PEmh7bnzL-adxxWwqRuog,この指でチョイチョイっとね『Animaly Bar: NO HUMANITY!』#ホラー#アニマリティバー
3904,桐谷コウキ channel,,42,2026-09-11,0.86,1.0,アドベンチャー,外す（登録者が少ない）,,https://www.youtube.com/channel/UCkj8UI3ea1_oPGpkad5tH9g,【バイオハザード　レクイエム】最高難易度で再挑戦！今度こそ生き残る！！　#１(再)
3905,ハーシーイズム,,41,2026-08-25,0.15,1.0,,外す（登録者が少ない）,,https://www.youtube.com/channel/UC-AGeXdYUE6yOVnrZHOdWPg,【実況】How to Fish【釣りとバカゲー？】
3906,つなと,,41,2026-09-30,0.0,1.0,,外す（登録者が少ない）,,https://www.youtube.com/channel/UC9nJHaPEvUsKAMt72TcKthw,6種族で強敵無特攻攻略！【妖怪ウォッチぷにぷに】
3907,ABCmariokart,,41,2026-10-06,1.0,1.0,レース,外す（登録者が少ない）,,https://www.youtube.com/channel/UCykfWGhTdeN1xDV1hfJXwhA,Girls vs Boys #8(エンジョイ配信) 【Mariokart8DX】【マリオカート8dx】
3908,ひむひ,,40,2026-10-08,0.8,1.0,シューター,外す（登録者が少ない）,,https://www.youtube.com/channel/UCZ1Z5Nbc6E8A3YRXtf5--NA,【バカゲー】こいつ一匹で大富豪！？『How to Fish』
3909,とも仮面,,40,2026-08-25,0.0,0.0,,外す（登録者が少ない）,,https://www.youtube.com/channel/UC3aMEMy-7LUCI2U1nW6YJfQ,
3910,半年ゲームス,,40,2026-10-09,1.0,1.0,アドベンチャー,外す（登録者が少ない）,,https://www.youtube.com/channel/UCHegoToPftiPeoFx0n4ZWtQ,ファンネルみたいな……　おうちでゲーセン気分　19XX編②【Capcom Arcade Stadium】初見実況 041
3911,ちょこっとごっちゃん,,40,2026-10-08,0.93,1.0,RPG,外す（登録者が少ない）,,https://www.youtube.com/channel/UCTJQDXky6YwDKVzB_EnOUlQ,【ナナオリ】#特別編 公式生放送ミラー配信
3912,きい,,40,2026-10-09,1.0,1.0,RTS,外す（登録者が少ない）,,https://www.youtube.com/channel/UCzqKyRA4Gb6HfMox78LyMHg,【Foundation #9】人口200人のその先へ！さらに街を発展させる｜のんびり街づくり
3913,鯖缶バスピス,,40,2026-09-23,0.29,1.0,,外す（登録者が少ない）,,https://www.youtube.com/channel/UCNDrbv73UOPpJrJnsqfltJw,【VALORANT】チャンピオンスキンが来た！微妙！【ゆっくり実況】
3914,さや咲きのリアルチャンネル,,38,2026-08-29,0.09,1.0,ノベル,外す（登録者が少ない）,,https://www.youtube.com/channel/UCfVgn4jJ7TuSVpYJCSwpxGQ,時を超えて、何度でも / オリジナル曲【90年代アニソン風ポップス】
3915,狐兎さん,,38,2026-10-04,1.0,1.0,格闘,外す（登録者が少ない）,,https://www.youtube.com/channel/UCrsTrUL-j9P4lodI-H0QmRw,【ヒロアカUR】縛りプレイでエースに行きたい二十日目
3916,まつボム,,38,2026-10-08,0.0,1.0,,外す（登録者が少ない）,,https://www.youtube.com/channel/UCPAaJteDBepUpxuyaUWHe0Q,ロマンシングサガ 2 リベンジオブザセブン #16　完全初見！　ラスボスを倒したい！２１連敗を胸に
3917,カンテあかんて,,37,2026-10-01,0.0,1.0,,外す（登録者が少ない）,,https://www.youtube.com/channel/UCRu80211NW5TQbPUWnlyp7A,ディフェンス陣なしだとどれくらい勝てるのか？【検証企画!!】
3918,ebi,,37,2026-10-04,0.0,0.0,,外す（登録者が少ない）,,https://www.youtube.com/channel/UCgDMcqboLj4YRCg0Y8bZQWg,
3919,ミツキの観星室,,36,2026-10-04,0.5,1.0,,外す（登録者が少ない）,,https://www.youtube.com/channel/UClVmSuy1vDVfZc6SKxWRbnQ,【マイクラ】八つ当たり！超絶ビビりが行くはじめてのエンドラ討伐【新人ゲーム実況者】パート8
3920,マーズ ゲームズ,,36,2026-09-15,0.0,1.0,,外す（登録者が少ない）,,https://www.youtube.com/channel/UCaARCU5kFGARzYcgdzmCOAw,【ジャッジアイズ#20】ワテの女に手を出した奴出てこいや
3921,べず[Vez] GameStudio.,,36,2026-10-09,1.0,1.0,RPG,外す（登録者が少ない）,,https://www.youtube.com/channel/UCFuHw5TDbCq8ColjilMycJg,[縦型配信]タルコフ。まずは1キルするそこからシュタボ - EscapefromTarkov -【2026/10/8】
3922,あい,,35,2026-08-03,0.0,1.0,,外す（登録者が少ない）,,https://www.youtube.com/channel/UCbfDaX1L9RIkb7sVsXJP6Xw,みんなのゴルフ4  川奈ホテルBT -23  みんごるオープン
3923,グリコア,,34,2026-10-06,0.21,1.0,アドベンチャー,外す（登録者が少ない）,,https://www.youtube.com/channel/UCGN6LU-a77xj7cuMx1C2PXw,#10[ローグライク]一度クリアしたステージすら怖くて生きずらい「バベルの塔」[グリコア]
3924,にゃんこ初心者,,33,2026-10-03,0.0,1.0,,外す（登録者が少ない）,,https://www.youtube.com/channel/UCKRCjVMkjgKBv69Cx12YyVg,ねこ道場4段までやってみた
3925,カセット日和,,33,2026-10-06,0.91,1.0,RPG,外す（登録者が少ない）,,https://www.youtube.com/channel/UCJw8yiFXDxNNLy1X5ykmBCw,「FC」ドラゴンクエストⅣ エンディング #retrogaming #rpg #スクエア
3926,Ruka,,32,2026-09-13,0.92,1.0,アクション（横スクロール）,外す（登録者が少ない）,,https://www.youtube.com/channel/UCZmwUiAMq0SWIh36YNIybhw,【スプラトゥーン3/参加OK】ビッグランで金イクラ大量納品を目指す｜サーモンラン配信
3927,うっちゃんねる(Twitchアーカイブ保存アカウント),,32,2026-09-18,1.0,0.75,アドベンチャー,外す（登録者が少ない）,,https://www.youtube.com/channel/UCbgqm-8vDGg1hZuVBQkzK-A,Dread Flats 凶寓
3928,ニョキキ🍤,,31,2026-09-14,1.0,1.0,,外す（登録者が少ない）,,https://www.youtube.com/channel/UCLNB5IyVmwqN36-1KuQHaCg,YouTube始めることにしましたー！1本目クセ強すぎるコラボ動画！#荒野行動  #ゲーム配信 #おすすめ 
3929,Mirai ch.壱羽ミライ,,31,2026-09-21,0.0,1.0,,外す（登録者が少ない）,,https://www.youtube.com/channel/UCGRO0ZRr1WKy-LdLfRQX0gg,更新されたからサブ垢でデイリーやる！[垂れ流し]
3930,ルッシャー,,31,2026-09-20,1.0,1.0,,外す（登録者が少ない）,,https://www.youtube.com/channel/UCPZxXvTh48Twl97dhE9_EdA,バニラ攻略マインクラフトPart6【ゆっくり実況】【マイクラ】
3931,ゆいすけ,,31,2026-10-07,0.0,1.0,,外す（登録者が少ない）,,https://www.youtube.com/channel/UCFkgdiGGZAhkCOXGez4_9nQ,レーマス🔰今から始めるグリップ🔰ライン付き
3932,ぶいきゅれ【ぶいすぽ切り抜きチャンネル】,,31,2026-09-24,1.0,1.0,シューター,外す（切り抜き）,,https://www.youtube.com/channel/UC8r1p8fKrxZKsYd88mvnOXg,ブラハのリワークに不満ありげなありさかと飼い犬の話で盛り上がる一ノ瀬うるはと八雲べに【APEX/一ノ瀬うるは/八雲べに/
3933,こーへいの放課後FPS,,30,2026-09-15,0.0,0.0,,外す（登録者が少ない）,,https://www.youtube.com/channel/UCnhw9FQaKnmu2Cv3-a2769w,
3934,ktora ch,,30,2026-09-30,0.3,1.0,シューター,外す（登録者が少ない）,,https://www.youtube.com/channel/UCWVm3RANMj-Slv8hGkH2ofQ,Apex配信なり！我Vtuberなり！ #apex #apex配信  #エーペックス生配信  #エーペックス配信
3935,Coniglio-Neve ch,,30,2026-10-07,0.85,1.0,シューター,外す（登録者が少ない）,,https://www.youtube.com/channel/UCg6b3DbL6AqRITN27gzO5fQ,【コラボ】JSP3～日本事故物件監視協会 3 ～ ②杉屋旅館
3936,ノアールロジックNoir Logic-謎解き、TRPG-,,30,2026-10-08,0.0,1.0,,外す（登録者が少ない）,,https://www.youtube.com/channel/UCg2qtOTx6AowXy4Iyd11inA,『脱出』この部屋KAWAります。KAWAROOM
3937,夜の楽しみ,,30,2026-10-04,0.0,0.0,,外す（登録者が少ない）,,https://www.youtube.com/channel/UCSuqXL0n114cOgPcHnmBkkw,
3938,くじら会,,29,2026-09-26,0.0,1.0,,外す（登録者が少ない）,,https://www.youtube.com/channel/UC6icgaC1XT0g6b_CTnjWk6A,通勤から退勤までふざけ倒すバイト達【夜勤事件】
3939,たごさく切り抜きチャンネル,,29,2026-09-20,0.0,0.0,,外す（切り抜き）,,https://www.youtube.com/channel/UCJAieOwTQbhw3RPDiV7Zi5w,
3940,ぼっちthe SICK,,29,2026-10-08,0.38,1.0,アドベンチャー,外す（登録者が少ない）,,https://www.youtube.com/channel/UCxdExfp9ebiESvLq89Np8wQ,【不審者2】これが真エンディングだ!!
3941,夜凪カズマ‐新人VTuberゲーム配信,,29,2026-10-04,0.5,1.0,シミュレーション,外す（登録者が少ない）,,https://www.youtube.com/channel/UCVJeeyIKCEkPL3ZfNag9zzQ,雑談でもしながら大量の本を片付けよう…【司書のお仕事：魔導図書館を片付けろ！】
3942,ダルネル,,29,2026-10-01,0.53,1.0,アドベンチャー,外す（登録者が少ない）,,https://www.youtube.com/channel/UCbCVa669PxofEZklxmKyCyg,【キミガシネ】皆で服を脱ぎましょうっ！犠牲者を出さないためにはそれしかありませんっ！#8【Steam版】
3943,トモヤのやり込み部屋【RTA・縛りプレイ】,,29,2026-09-06,0.0,1.0,,外す（登録者が少ない）,,https://www.youtube.com/channel/UCq1pAVSBtwC6IH31nYvltDw,【ゆっくり実況】ios版ヴァルキリープロファイルレナス一般無能戦乙女神闘記​　Part5　前編【縛りプレイ】
3944,らい,,29,2026-09-26,0.0,0.0,,外す（登録者が少ない）,,https://www.youtube.com/channel/UCGtnSvboX-7WFtLkFKILNBw,
3945,あつやんroblox,,28,2026-08-14,0.45,1.0,アクション（横スクロール）,外す（登録者が少ない）,,https://www.youtube.com/channel/UCJij_EOTtWAd_tVtCiEHzjA,国境を越えてお金を稼ぐ！💵神ゲー紹介(個人の感想) #gameplay
3946,みくのゲーミングルーム,,28,2026-10-09,0.83,1.0,シューター,外す（登録者が少ない）,,https://www.youtube.com/channel/UC2cSkrNNEbxfMKWbRQNZIxw,【BIOHAZARD VILLAGE】 完全初見！恐怖の村へ…待ち受ける狂気とは【バイオハザード ヴィレッジ】#7
3947,ゲームと猫チャンネル,,28,2026-09-03,0.0,0.0,,外す（登録者が少ない）,,https://www.youtube.com/channel/UCuP-y2RQQ8_uYKJEJrG1PaA,
3948,あかいぬ【新人ゲーム実況者】,,28,2026-10-06,0.0,1.0,,外す（登録者が少ない）,,https://www.youtube.com/channel/UCIoMdjMKwNcZzgZmr-01u3g,あかいぬ【新人ゲーム実況者】 のライブ配信
3949,カズマの書,,27,2026-09-23,0.25,1.0,RPG,外す（登録者が少ない）,,https://www.youtube.com/channel/UC4pUq14kB5ed9Nx704XKHQA,【妖怪ウォッチ】 ヤンキー妖怪だけで妖怪世 界を制覇できるのか!? 【縛りプレイ】 #4
3950,そばちょ【脱出・謎解きゲーム実況攻略】,,27,2026-09-25,0.1,1.0,パズル,外す（登録者が少ない）,,https://www.youtube.com/channel/UC5QiJI-BMv09csrBYbOIBAg,モノクロの世界に隠れた文字が見えた先には——。|『HER TREES : THE PUZZLE HOUSE』【耳に優しい
3951,にぃと,,27,2026-08-26,0.0,0.0,,外す（登録者が少ない）,,https://www.youtube.com/channel/UCjBWuc0YUq68B-oBhEFjrWw,
3952,ぱすけ,,27,2026-10-07,0.0,0.0,,外す（登録者が少ない）,,https://www.youtube.com/channel/UCAlEeqOnB8_9-iIT7uoUxtw,
3953,えるめすの配信組,,27,2026-09-14,0.25,1.0,,外す（登録者が少ない）,,https://www.youtube.com/channel/UCr-Jf_Nib7MnmPJzPPrv1WQ,唐突な歌枠配信...【新人ゆっくり実況者】
3954,しゆくん,,27,2026-09-24,0.0,0.0,,外す（登録者が少ない）,,https://www.youtube.com/channel/UC-yWh3lN0YjxjXQsdmINdtQ,
3955,パパのゲーム部屋,,26,2026-09-09,1.0,1.0,,外す（登録者が少ない）,,https://www.youtube.com/channel/UCC3OxMNYXwRT7LziCkiH--g,パパVS息子！親子で障害物競走をやってみた！【マイクラ実況 #21】
3956,なりわ🦅まったりゲーム,,26,2026-10-05,1.0,1.0,シミュレーション,外す（登録者が少ない）,,https://www.youtube.com/channel/UCXfhXSHlykZNX1B1coetS2Q,【ぽこポケ】赤い街並みを作ってみよう✨ブクブクうみぞこ│建築│#ぽこあポケモン
3957,ogita,,26,2026-10-09,1.0,1.0,,外す（登録者が少ない）,,https://www.youtube.com/channel/UCes9R9Vf5Fw04jvQYh73jaA,最後まで怖い豪鬼ミラー！体力わずかの決着まで【スト6・ogita】
3958,ちょこみみ,,25,2026-08-25,0.0,0.0,,外す（登録者が少ない）,,https://www.youtube.com/channel/UCv4bLW1lzi5pGOvPtxs3DEA,
3959,guuutara,,25,2026-10-03,1.0,1.0,パズル,外す（登録者が少ない）,,https://www.youtube.com/channel/UCFjztVhsKYMTaNPr0XiVNfQ,【Minecraft】＃15 初めてのハードコアでも10個の魂あればエンドラ討伐までいける説
3960,茶Wamし,,25,2026-10-09,0.17,1.0,アドベンチャー,外す（登録者が少ない）,,https://www.youtube.com/channel/UCzrbfZViHp6AhSVWprJ8SDQ,指名手配犯が自首した理由を聞き出せ！？【仮面のシャレード】part1
3961,コミュ障のゲーム実況,,25,2026-10-06,0.89,1.0,アドベンチャー,外す（登録者が少ない）,,https://www.youtube.com/channel/UC1W4lzLuJgvT4ppNOEo1BMg,死の真相を復元して謎を紐解いてくゲーム【デスゲームの報告書】
3962,実家ゲーマーりゅう,,25,2026-09-26,0.0,0.0,,外す（登録者が少ない）,,https://www.youtube.com/channel/UCkWJxj1d5t3RpAitlqgKa3Q,
3963,竜之介の部屋へようこそ,,24,2026-10-07,0.5,1.0,シューター,外す（登録者が少ない）,,https://www.youtube.com/channel/UCA__3oSwit2RaYveSoDGygQ,シルバー帯から抜け出せない男【エーペックス】 #apex #エーペックス
3964,アメ将棋【将棋ウォーズ初段・二段】,,24,2026-10-05,0.0,1.0,,外す（登録者が少ない）,,https://www.youtube.com/channel/UC-jjtgJSB40pgNTWtl94xRw,将棋ウォーズ四段に瞬殺された。
3965,ゴミノヤマゲームス　Lump of garbage games,,24,2026-09-23,1.0,1.0,シューター,外す（登録者が少ない）,,https://www.youtube.com/channel/UCXRzeSkKysass1VTTTXGKWA,【Rust/PvE/MOD】連休最終日は晩酌配信！お酒片手にのんびりサバイバル【作業用ラジオ】
3966,Steam厳選チャンネル【スチディグ】,,24,2026-08-30,0.0,1.0,,外す（登録者が少ない）,,https://www.youtube.com/channel/UCe97GM8eu4i3HN0EZ26jOkQ,【どれからやるべき？】Steamにある地球防衛軍シリーズを8個紹介
3967,「ま」さん,,23,2026-09-29,1.0,1.0,シミュレーション,外す（登録者が少ない）,,https://www.youtube.com/channel/UCxrdw9wEz9rWKWnEAv-Ld8Q,遊戯王マスターデュエル 実況 ゆっくり #26～#30 まとめ 再投稿
3968,Altolta ch.アルトルタ,,23,2026-09-30,0.0,1.0,,外す（登録者が少ない）,,https://www.youtube.com/channel/UCM0Q2QtJnUD9ThIqx6vsOxg,目標達成リスト｜作業配信・勉強配信の「今日やること」を配信画面に。ToDo＋ポモドーロ＋作業時間（OBS用）【デザイン4
3969,tero助 TMNかんぱにー,,23,2026-10-09,1.0,1.0,アドベンチャー,外す（登録者が少ない）,,https://www.youtube.com/channel/UC3VLZenV_ZikF3NvMDjm9-w,仮免すら受かってないけどノリで運転します。【RV　there yet?】
3970,おすそわけ,,23,2026-10-07,0.24,1.0,シューター,外す（登録者が少ない）,,https://www.youtube.com/channel/UCyXv1GDrmbLZJ8mERuvL25A,【恋と深空】イベント「今宵、眠れぬなら」心の跡５人分みてみた！！【おすそわけ】
3971,新しいインディゲーム紹介,,23,2026-10-04,0.0,0.0,,外す（登録者が少ない）,,https://www.youtube.com/channel/UClBGApJsvV2PIk7CKYeAQqw,
3972,凪那なずな,,23,2026-10-07,0.2,1.0,,外す（登録者が少ない）,,https://www.youtube.com/channel/UCyHvjzIb3QkwK6Fl9QUyQRQ,【ホラー】バックルームズの映画と全然違うみたい？
3973,おりおんは攻略中。 | ORION,,23,2026-10-08,0.0,1.0,,外す（登録者が少ない）,,https://www.youtube.com/channel/UCyW3OzqCsQwemSECSJzPFyg,おりおんは攻略中。 | ORION のライブ配信
3974,猫人間,,22,2026-08-28,1.0,1.0,,外す（登録者が少ない）,,https://www.youtube.com/channel/UCzqhtft27rPkpOG12lQ9sFg,（初）ゆっくり実況！あまりに初心者⁉（マイクラ）#1
3975,塩たん焦げの助,,22,2026-10-07,0.93,1.0,ストラテジー,外す（登録者が少ない）,,https://www.youtube.com/channel/UCa49BtGPN4NGxlclejvk3jg,【DBD】前回効かされまくって、引退しようか悩んだけどやる回【＃41】
3976,たこしゃめ,,22,2026-09-21,0.78,1.0,,外す（登録者が少ない）,,https://www.youtube.com/channel/UCfBLUpm4fW7EkmHEf86yWWA,【マイクラ】巨大倉庫を作ったらおしゃれすぎた！｜海洋王国建国記【ゆっく実況】
3977,ウナカルビ,,22,2026-10-05,0.0,1.0,,外す（登録者が少ない）,,https://www.youtube.com/channel/UC8qc0jQSOQZCjFBJst_RtHw,"【ピクミン2】敵より怖い""仕様""にやられました、、 お宝持ちしか倒さない縛り！ Part6【ゆっくり実況】"
3978,【筋肉ゲーマー】MEIRI,,22,2026-10-02,1.0,1.0,シューター,外す（登録者が少ない）,,https://www.youtube.com/channel/UCgrZlwdruGmtYAj62ZC3vrQ,【バイオハザードレクイエム】珍しくホラゲーで感動回だと思ったら、やっぱりバイオだった
3979,murチャンネル,,22,2026-10-01,0.9,1.0,シューター,外す（登録者が少ない）,,https://www.youtube.com/channel/UCM_Cl-EGwPnadjioOLMXQFg,フォートナイト大群ラッシュ配信 初見さん大歓迎
3980,アッサ【ゲーム(検証・企画)】,,21,2026-10-03,0.78,1.0,RPG,外す（登録者が少ない）,,https://www.youtube.com/channel/UCPUSOX96hGsRA_s-FunyOtw,昔作ったなんかひどいくそげー「田島クエスチョン」やってみた。#ゲーム実況#小学生#rpgメーカー#rpgツクール
3981,RiAS_0719,,21,2026-09-17,0.0,1.0,,外す（登録者が少ない）,,https://www.youtube.com/channel/UCS8-8T4HQaKLW-t6zGBlwbA,007の世界を攻略したり、小ネタ探したり！ 【 007 ファーストライト 】
3982,将棋狂(将棋配信),,21,2026-09-30,0.0,1.0,,外す（登録者が少ない）,,https://www.youtube.com/channel/UCbJeIZ5vegXzZX_fDYlbZQA,将棋ウォーズ六段 終盤の絶妙手！！！ヤバすぎ！
3983,はむはむこ【新米実況者】,,21,2026-10-07,1.0,1.0,音ゲー,外す（登録者が少ない）,,https://www.youtube.com/channel/UC5ecNI9Yt7brOAt-XgxEYHA,【リズム天国】時間内にメダル何個取れる？！/リズム天国ミラクルスターズ/多分最終回
3984,ちーくんわーるど,,21,2026-09-22,1.0,1.0,,外す（登録者が少ない）,,https://www.youtube.com/channel/UCJbPCaEL42B9l7vmGY4HrAg,【親子実況】はじめてのネザー要塞探索！！　マインクラフトゲーム実況　#3
3985,ほねほねPOP遊部,,21,2026-09-24,0.3,1.0,RPG,外す（登録者が少ない）,,https://www.youtube.com/channel/UCUzNyUxxarziLU8l45fjzQw,【MOTHER2実況＃06】買い物禁止でクリアを目指す！子供だから買い食い禁止！？
3986,全虹帝ラー,,20,2026-10-09,0.22,1.0,,外す（登録者が少ない）,,https://www.youtube.com/channel/UCWARFDGFBQImnrvwd2UGX2A,"【縛りプレイ】やはり活躍するのは""コイツ""でした【最終回】"
3987,SOUL / そうる,,20,2026-10-09,1.0,1.0,RPG,外す（登録者が少ない）,,https://www.youtube.com/channel/UCcTD5ZV5nLmENkpi7OIyZRw,【FF10】過去一で顔面が近いワッカとアルベドホームを目指してきた。完全初見プレイ実況 Part 24
3988,おしるこのゲーム実況チャンネル(サブ),,20,2026-10-06,0.37,1.0,アドベンチャー,外す（登録者が少ない）,,https://www.youtube.com/channel/UCEHpiQvTr2rjh24BzRhqPxA,"【8番出口】あまりにもローテンション過ぎてホラーよりホラーな2人が新異変を探します【ゲーム実況/おしるこ,せゆ】"
3989,DONパッチ#切り抜きわたあめ,,20,2026-10-02,0.0,0.0,,外す（切り抜き）,,https://www.youtube.com/channel/UCIbHdAYw7TTQhRI5aRQTaxg,
3990,ゆうのゲーム実況,,19,2026-10-07,0.91,1.0,アクション（横スクロール）,外す（登録者が少ない）,,https://www.youtube.com/channel/UC_RWvMQA0reBfoIZi6PBsxA,ロブロックス　バイクでレースをする🏍️
3991,犬猫よわね🐾🩵,,19,2026-09-26,0.0,1.0,,外す（登録者が少ない）,,https://www.youtube.com/channel/UC8rKhEA6PFlxt_1f4goMZgw,犬猫よわねの初配信！
3992,thifet@シフェット,,18,2026-09-21,0.67,1.0,,外す（登録者が少ない）,,https://www.youtube.com/channel/UCelzj5QrEJ71Snus24H58vQ,【参加型】スプラ1カンスト勢の神プレイXマッチ破壊配信！！！！
3993,みとにゃんGAMES!!(にゃんげーむ!!),,18,2026-09-13,1.0,1.0,シューター,外す（登録者が少ない）,,https://www.youtube.com/channel/UC8wFl0oW8FVW8SaOFsn12vg,[FPS初心者🔰]非ランクで特訓するぞー！[APEX]
3994,ないのゲーム実況,,18,2026-08-29,0.0,1.0,,外す（登録者が少ない）,,https://www.youtube.com/channel/UCKdZStx3wa-5WvZVbkClTMg,前髪長い男子とお近づきになるゲーム『前髪が長くて性格が暗い架空の男』【女性実況／ロングver.】
3995,ゆま大将_yumataisho,,18,2026-10-07,0.67,1.0,RPG,外す（登録者が少ない）,,https://www.youtube.com/channel/UCDVk1z4A-Q5GcKl1852ndHg,存在感が薄くて目の前にいるのにスルーされるやつ。【Delta Forse】
3996,IndieGamesView,,18,2026-10-08,0.0,1.0,,外す（登録者が少ない）,,https://www.youtube.com/channel/UCK-PJPZIfuNYQx--3QcbR5w,2026年10月以降に発売される！期待の新作謎解きミステリーゲーム6選！
3997,アヒル戦士 nokka,,18,2026-09-17,1.0,1.0,シューター,外す（登録者が少ない）,,https://www.youtube.com/channel/UCQ91COWDUp_gJR3JeoXccSQ,成長した姿を見せるよ【Apex Legends】#apex #apexlegends #初心者
3998,しゅみざき,,18,2026-10-08,0.0,0.0,,外す（登録者が少ない）,,https://www.youtube.com/channel/UCM0CN6dZAZTB9jpt1JxEYqQ,
3999,やりたいことをやりたいように,,18,2026-10-08,0.5,1.0,アドベンチャー,外す（登録者が少ない）,,https://www.youtube.com/channel/UCgUaLKgteyFAvzAlNMZE14A,【A Short Hike】癒やされに来たはずが寄り道だらけ！？爆笑＆ほっこりハイライト
4000,寿楽 -ノベルゲーム愛好家-,,17,2026-09-04,0.14,1.0,インディー,外す（登録者が少ない）,,https://www.youtube.com/channel/UCgkdbFUQtZJyILMRj5jqVEQ,【無数の伏線！！完全攻略解説】密室の治験「あいりすかぷせる」【全END回収＆概要欄考察あり】
4001,ゲームで遊ぶ西山家,,17,2026-10-02,0.85,1.0,アドベンチャー,外す（登録者が少ない）,,https://www.youtube.com/channel/UCHH8yuquXX0QbBKh-gDZxdg,学校内で多数の流血沙汰！？日常に潜む謎を解き明かせ！【学校ミステリー】
4002,マジカルインコ,,17,2026-10-02,0.0,1.0,,外す（登録者が少ない）,,https://www.youtube.com/channel/UCOcFT9v_EoI1AoY_pYgocCA,スターオーシャン3 Till the End of Time 実況プレイ(女)part33
4003,ぴあす,,16,2026-09-13,0.0,0.0,,外す（登録者が少ない）,,https://www.youtube.com/channel/UC1KbQ7Dmkgr5MgKZngfIWUg,
4004,【ゲーム実況】つちもの紳士,,16,2026-09-21,0.15,1.0,ポイントクリック,外す（登録者が少ない）,,https://www.youtube.com/channel/UCAMr7Mg8BtRL8AyhLp4OTRQ,２つの事故を止める方法を探せ！  |  ゴーストトリック #13　【第7章】
4005,ナツキのポンコツゲームch,,16,2026-10-09,0.0,1.0,,外す（登録者が少ない）,,https://www.youtube.com/channel/UCwysAdBAz68o9UrooKYDgvA,【漢字分解パズル】日本人でも難しい⁉︎パズルゲームやってみた！Lev.1〜20
4006,えぇすぷぁいろっと,,16,2026-10-06,1.0,1.0,シューター,外す（登録者が少ない）,,https://www.youtube.com/channel/UCqGD428nV5AOBQriJf37pSw,エースコンバット８，今更トレーニング
4007,ぺぷたろう,,16,2026-10-06,1.0,1.0,シューター,外す（登録者が少ない）,,https://www.youtube.com/channel/UCDV39ggZ8xddQ7je_HYKwIg,【ゆっくり実況】300時間やった結果、下手すぎて引退！？【エーペックスレジェンズ】【Apex Legends】
4008,あやと🐺,,15,2026-08-25,0.0,1.0,,外す（登録者が少ない）,,https://www.youtube.com/channel/UCHjorglZcR12NalA2ga3LYA,【ぼくのえにっき】考察すればするほど怖くなってく，，，
4009,いろどり,,15,2026-10-03,0.56,1.0,タクティカル,外す（登録者が少ない）,,https://www.youtube.com/channel/UCuTgZFLWxwTFw06U-H6XD6Q,まったりやります #4『めっちゃカメレオン』
4010,マツモト隊長( •̀  •́ゞ)ﾋﾞｼｯ!!,,15,2026-08-25,0.0,1.0,,外す（登録者が少ない）,,https://www.youtube.com/channel/UCdX5q4p_pKqcvsQexMmZdXQ,Part2だ！！！ハイスコア言ったんじゃない？#ゲーム#げーむ#ブロックブラスト#ゲーム配信#ゲーム実況 #たのしい
4011,さくら🌸,,15,2026-08-27,0.0,0.0,,外す（登録者が少ない）,,https://www.youtube.com/channel/UCHSOY8Q6ejMytaLkU3PcHLg,
4012,マーレ兵,,14,2026-08-28,0.0,1.0,,外す（登録者が少ない）,,https://www.youtube.com/channel/UCioochCxUDxlgz2fHtIwF9A,【28週目】ひんし＝データ削除/虫縛り/レベル上限　絶対に日和らない漢の攻略　たけし攻略編
4013,なっつるチャンネル,,14,2026-09-04,0.0,1.0,,外す（登録者が少ない）,,https://www.youtube.com/channel/UCLua2lvQ3F8WWBhJJe9uLng,猫がのんびり街作り#4「Designer City 4」【ゲーム配信】地下鉄を作ろう！
4014,豆腐の車窓から,,14,2026-09-04,0.0,1.0,,外す（登録者が少ない）,,https://www.youtube.com/channel/UCz17z4cMYjn4r9tKvqRGzFA,【蒼井争奪記】§２勝負の夏はじめました【A9ボイボ実況】
4015,画狂若人まんじ,,14,2026-10-07,0.8,1.0,シミュレーション,外す（登録者が少ない）,,https://www.youtube.com/channel/UCx-iyL6AhkIGz5W5AWBel-g,"【No, I'm not a human】＃４ 最低最悪の結末？"
4016,フィリップ森須🚬FF14→未予習・下限・解除こえちか薬なしの人(ゲーム・雑談配信アーカイブ),,14,2026-10-07,1.0,1.0,RPG,外す（登録者が少ない）,,https://www.youtube.com/channel/UC2Pgl1wMfXx5LqKfz4lUwKw,【FF14】フォールガイズコラボ→暁月メイン。 おれℵ最強ℵになりてぇん��
4017,Revolt GAME,,14,2026-10-01,1.0,1.0,,外す（登録者が少ない）,,https://www.youtube.com/channel/UCtGfU21-DDHzukheZhgXgoA,【Minecraft】初見ネザー要塞【２１】
4018,シリウスの動画投稿部屋,,13,2026-08-19,0.4,1.0,シューター,外す（登録者が少ない）,,https://www.youtube.com/channel/UCRwQKFnPmGCmRtaNr3CaySg,【GOHOME】 怪物大量！？ハプニング多数でクリア！？
4019,琉璃 / るり,,13,2026-09-03,0.25,1.0,アドベンチャー,外す（登録者が少ない）,,https://www.youtube.com/channel/UCsF-1vUEtYdQTxTyKeZG-8A,ノベルゲーム 📚 ￤実はくじらに縁がありまして…『うちゅうのくじら』を読み上げながら遊んでみた🐳
4020,紅蓮ルイ_陽気なニート,,13,2026-10-04,1.0,1.0,タクティカル,外す（登録者が少ない）,,https://www.youtube.com/channel/UCem5GOpQD7KIjqBWvpYqIlw,【 VALORANT ┆ Solo 】みんなおひさ！コンペ行くよん【 紅蓮ルイ / 個人VTuber 】
4021,やっくない,,13,2026-09-06,1.0,1.0,アドベンチャー,外す（登録者が少ない）,,https://www.youtube.com/channel/UCdoBN6IZjm_AtJvEhMwxs1g,【怒涛の連戦】兄貴→四天王撃破後にまさかの「衝撃のボス」が現れた結果・・【Clash: Artifacts of Cha
4022,えぬよし,,13,2026-09-06,0.26,1.0,,外す（登録者が少ない）,,https://www.youtube.com/channel/UC1xXLZUjiC9MKNBITEa344A,初見プレイ ＃6【ゼルダの伝説 神々のトライフォース】
4023,Minya-s Medal channel,,13,2026-10-01,0.25,1.0,,外す（登録者が少ない）,,https://www.youtube.com/channel/UCXkW_0bGVfamulJgsZBOXBQ,12月20日　パワプロ　猪狩守jp 1028枚！
4024,【BHST】ブラックホール吸い込まれ隊【実況グループ】,,13,2026-09-12,0.55,1.0,シューター,外す（登録者が少ない）,,https://www.youtube.com/channel/UC0hP8RIIpc_cagamFy5LXzg,【三人実況】スケルトロンとダンジョン探索【テラリア】
4025,ゴムNICO,,13,2026-10-08,0.58,1.0,シミュレーション,外す（登録者が少ない）,,https://www.youtube.com/channel/UCfjWhB-CIhyigEgY0MgK3KA,【Minecraft】にわかだけでハードコアやる【配信】DAY3
4026,ぺむとぱむの秘密基地,,13,2026-09-28,1.0,1.0,シューター,外す（登録者が少ない）,,https://www.youtube.com/channel/UCZZCTjxVBda5PT9c38O-NvQ,【APEX】ついにこの日が…芋部隊卒業！？【ぺむとぱむ】
4027,runa-games,,12,2026-10-08,0.0,0.0,,外す（登録者が少ない）,,https://www.youtube.com/channel/UCUciLlKp7TV4zpUWgrXunSQ,
4028,戌小屋実況,,12,2026-08-14,0.43,1.0,パズル,外す（登録者が少ない）,,https://www.youtube.com/channel/UCcfe4X-eQv0O5HxmcoqZVDQ,【初見】呪われた玩具の恐怖再び【Poppy Playtime Chapter 2】#2
4029,雅亜,,12,2026-10-06,1.0,1.0,シューター,外す（登録者が少ない）,,https://www.youtube.com/channel/UCvAnFDFZFEIAGRGfZ7JSU3w,【ACE COMBAT 8 #3】待望の最新作！完全初見で空へ出撃する！【WINGS OF THEVE／初見実況】
4030,ケイのゆっくり実況,,12,2026-09-07,0.33,1.0,シミュレーション,外す（登録者が少ない）,,https://www.youtube.com/channel/UCk6hUwewkX2unof_p0C3VpQ,おい霊夢まじか...アパレル店の名前決めてみた【ゆっくり実況】part2
4031,takosanのゲーム部屋,,12,2026-08-17,1.0,1.0,,外す（登録者が少ない）,,https://www.youtube.com/channel/UCipjoTnAiI6qVaylYloxHuQ,【ゼルダの伝説時のオカリナ】#２　魂の神殿！ついにボスとの対面
4032,みりっ,,12,2026-09-27,0.64,1.0,ストラテジー,外す（登録者が少ない）,,https://www.youtube.com/channel/UCY-e3G_cGcKre48MkqwaT0Q,【Party Animals】アヒルは元気です！【みりゲーム実況／VTuber】
4033,犬丸犬次郎,,12,2026-09-30,0.17,1.0,シューター,外す（登録者が少ない）,,https://www.youtube.com/channel/UCwcg4SW5gJ-1t1lmfkg6LOw,【射撃の名手】FPS初心者の完全初見APEXがひどい【APEX】
4034,ぶどりんチャンネル,,11,2026-09-18,0.0,1.0,,外す（登録者が少ない）,,https://www.youtube.com/channel/UCf9bS7WpJi7Eg9Fv0l8nwcQ,今見たら古参です【初投稿】
4035,レン　クリティカル,,11,2026-10-02,0.78,0.89,シューター,外す（登録者が少ない）,,https://www.youtube.com/channel/UCqlzXszIS6gdTADqtR5vm-Q,【マイクラ】ハードコア初心者でも二人で協力すればクリア余裕でしょ
4036,じゃがいも配信,,11,2026-09-30,0.0,0.0,,外す（登録者が少ない）,,https://www.youtube.com/channel/UCqKjhhLXhBBc9r4DGAEtpug,
4037,猫目継,,11,2026-09-27,0.0,1.0,,外す（登録者が少ない）,,https://www.youtube.com/channel/UCqCXRFNFDAD9I5rgOWNxz6Q,原神ゲーム実況　探索
4038,風鈴さん,,11,2026-10-06,0.88,1.0,,外す（登録者が少ない）,,https://www.youtube.com/channel/UCPvWKmcnQK5DddRkbBjBSjA,いろんな譜面を練習したい　#プロセカ　【プロセカ】　＃手元動画【手元配信】　＃音ゲー
4039,どんぐりの会 みーさん,,11,2026-10-02,1.0,1.0,シューター,外す（登録者が少ない）,,https://www.youtube.com/channel/UCHBI-921Wf-gwWXdwxLwFzg,【DeltaForce】ソロスペシ100万撤収🚶🏻‍➡️
4040,みゅみゅ,,11,2026-10-03,1.0,1.0,,外す（登録者が少ない）,,https://www.youtube.com/channel/UC3y0HPj1VbKAgoytvnONtcw,初心者valorant🎀 コメントください♡
4041,こてしちゃんねる【ゲーム】,,10,2026-09-25,0.1,1.0,RPG,外す（登録者が少ない）,,https://www.youtube.com/channel/UCjClXIymGLMwm-I9mP_g4sg,くじ引きで決める「トルネコの大冒険リマスター」ずんだもん実況【縛りプレイ】 #02  ～ちょっと不思議 その2～
4042,唐草ルリ,,10,2026-09-02,0.0,1.0,,外す（登録者が少ない）,,https://www.youtube.com/channel/UCAGRv2sJUnUaHCfdEGKciLQ,デスゲームの報告書、提出せり。【デスゲームの報告書】
4043,見届けたくなるゲーム物語@千春木,,10,2026-09-14,1.0,1.0,RPG,外す（登録者が少ない）,,https://www.youtube.com/channel/UCwCGUoYqRc3b3IwDiiW_ZKg,【実況】06 エマの心の中が切なくも愛しい【Beast of Reincarnation】
4044,[ゲーム実況]ウホウホch,,10,2026-09-24,1.0,1.0,RPG,外す（登録者が少ない）,,https://www.youtube.com/channel/UCPbu3-WhwAAVSPWzvLLUrIg,[初見]嘘から始まる人形の世界を物理で旅するゴリラ物語＃１　Lies of P
4045,すとるーふ,,9,2026-09-29,0.0,0.0,,外す（登録者が少ない）,,https://www.youtube.com/channel/UCUK9CR1P-LPlS1nUJMBDKRg,
4046,そーちゃんチャンネル,,9,2026-10-01,0.83,1.0,,外す（登録者が少ない）,,https://www.youtube.com/channel/UCAoIdPFBNGy9izjBmWRozPQ,【長男実況7】８番出口やってみた
4047,イル=セア / Yl-Seah,,9,2026-09-22,1.0,1.0,RPG,外す（登録者が少ない）,,https://www.youtube.com/channel/UCiae1N_bU65IoUJ4cCpYfTQ,【FIRE EMBLEM 万紫千紅】 #13 実況なし 第1部 レダ篇 1章～
4048,kaimenta,,9,2026-09-13,0.0,0.0,,外す（登録者が少ない）,,https://www.youtube.com/channel/UCVIUvleppKMaFMypOi3zapQ,
4049,わおん,,8,2026-09-17,1.0,1.0,,外す（登録者が少ない）,,https://www.youtube.com/channel/UCeaK7eItdNozFstwqYzDqng,【ポケモンバイオレット】ポケモンSV人生縛り＃１～２「これ全クリできる？」
4050,がんぱんだ,,8,2026-08-17,1.0,1.0,シューター,外す（登録者が少ない）,,https://www.youtube.com/channel/UCWtKKMdDE_b5dudKNYSz9Qg,【APEX】キーマウ初心者、ついにプラチナ4へ。現在の実力とこれからの課題
4051,ぼそ松はごくつぶし,,8,2026-08-12,0.29,1.0,シミュレーション,外す（登録者が少ない）,,https://www.youtube.com/channel/UCZtn_9H51Xr2y5dbsZRAV_A,せ〇とくんとあそぼ【Shift At Midnight】
4052,フラットさんのゲームのお部屋,,8,2026-08-30,1.0,1.0,アドベンチャー,外す（登録者が少ない）,,https://www.youtube.com/channel/UCV8ITePXOCfU4ZiXwUiSXpg,【Mortal Shell Ⅱ】トランザムシステム搭載シスターを使ってみよう‼
4053,あるかなすたー,,8,2026-08-22,0.7,1.0,RPG,外す（登録者が少ない）,,https://www.youtube.com/channel/UCCIGW-saG8IEiFiuzIFd8Lw,【NTE】ストーリーを進めよう #18【実況プレイ】
4054,エルプレッソ / Lpresso,,8,2026-10-04,0.0,1.0,,外す（登録者が少ない）,,https://www.youtube.com/channel/UCKsuAkAemcfXoHnBP6OXydg,【ビーストオブリンカネーション】ラスボス攻略！ノーダメージ実況｜負けイベがきつい (HARD)
4055,KNMF ころ_にくはや,,8,2026-08-29,0.14,0.86,シューター,外す（登録者が少ない）,,https://www.youtube.com/channel/UCMa-1Eg3rwb69ITs8brkEsA,イーフト配信
4056,Rain,,8,2026-09-02,0.2,1.0,レース,外す（登録者が少ない）,,https://www.youtube.com/channel/UC_bIm21bjjcAruExcfVS6Tw,10位以下取ったら即終了マリオカート
4057,さいとう3141,,8,2026-09-22,0.0,1.0,,外す（登録者が少ない）,,https://www.youtube.com/channel/UCIDcKdK23edY0aahgiNGyhg,【左利きキーマウ】ソロランク 一旦ダイヤ目指す!!#7 P2 656～
4058,古葉ちゃんねる,,8,2026-10-06,0.0,0.0,,外す（登録者が少ない）,,https://www.youtube.com/channel/UCP5iiU0Zf8-61T4N6OtoatA,
4059,うーでん,,8,2026-09-26,1.0,1.0,シミュレーション,外す（登録者が少ない）,,https://www.youtube.com/channel/UCQEAwDn9SkWjJlSUvVeaJzA,街は大きくなるのに赤字が止まらない…ゼロから街づくり【シティーズスカイライン2】【ウーデンシティ】
4060,七草,,8,2026-10-07,0.89,1.0,ストラテジー,外す（登録者が少ない）,,https://www.youtube.com/channel/UCL8QklWF2wnHlBFOlt4PHKQ,【DbD】チェイスこそ正義　ゴリラチェイス研究室＃１【deadbydaylight】【デッドバイデイライト】
4061,エナジ,,7,2026-08-15,1.0,1.0,シミュレーション,外す（登録者が少ない）,,https://www.youtube.com/channel/UCT6jXyjPPrj4SugWEqcJEeA,【ゆっくり実況】AIにマイクラで建築がうまくなる方法を聞いてみた
4062,てつねこ@ゆっくり実況,,7,2026-09-03,1.0,1.0,ストラテジー,外す（登録者が少ない）,,https://www.youtube.com/channel/UCK3-NS-p3YkMggX1kQSgHCQ,ネコムートvs黒ルーノス！本能解放なるか！？【ネコムート大試練】#にゃんこ大戦争
4063,紅蓮ルイ_陽気なニート,,7,2026-08-01,0.2,1.0,シミュレーション,外す（登録者が少ない）,,https://www.youtube.com/channel/UC59h2RmP5rYwuyVJdhZpvjw,８月１日２１時からVデビュー配信！オーメン縛りでランク無双する！【VALO】フォロー、コメント待ってるよ！〈twitch
4064,gara,,7,2026-09-06,0.75,0.75,シューター,外す（登録者が少ない）,,https://www.youtube.com/channel/UClLURnJ7iJgBaw5hzQir5CA,【Bodycam】まるで現実なFPSゲーム！
4065,新牙ネル,,7,2026-09-16,0.6,1.0,シューター,外す（登録者が少ない）,,https://www.youtube.com/channel/UCq0ulB2lilr_V0YNs-xtiVw,【アニモ】可愛い動物と戯れて癒される！！
4066,びー,,7,2026-10-05,1.0,1.0,シミュレーション,外す（登録者が少ない）,,https://www.youtube.com/channel/UCKuiJ8G08y9YKW-2uqlsKdQ,今更だけどスーパー経営🛒#31｜Supermarket Simulator
4067,あーちゃんゲーム,,7,2026-08-24,0.0,1.0,,外す（登録者が少ない）,,https://www.youtube.com/channel/UCHt7AKNtLQ2P-KsMdtFohVw,【ポコあポケモン】キラキラうきしまの猟奇な街【ゆっくり実況ver】
4068,ヨクト,,7,2026-10-04,0.0,1.0,,外す（登録者が少ない）,,https://www.youtube.com/channel/UCtb1mdtmLiISOZc5PklU5oA,【縛りプレイ実況】朧村正 死狂 刀一本縛り 其ノ十
4069,りーそ,,7,2026-09-15,1.0,1.0,,外す（登録者が少ない）,,https://www.youtube.com/channel/UCTnxF4vjS6mUGpY_Q_MF77g,【ゆっくり実況】アドオンをたくさん入れてマイクラ... 【マイクラ】
4070,ツゼン　アルヒト,,7,2026-09-10,0.05,1.0,ストラテジー,外す（登録者が少ない）,,https://www.youtube.com/channel/UCaOhYqPaMMsKN8JljX5RU3A,【ずんだもん実況】ヴォルト探索は思ったより平和【Vault Hunters】
4071,ウロボロスやまだ,,7,2026-10-09,0.0,0.0,,外す（登録者が少ない）,,https://www.youtube.com/channel/UCy4upj644fVKKhHwVFkeQRw,
4072,ゆっくりみみ,,7,2026-09-21,1.0,1.0,,外す（登録者が少ない）,,https://www.youtube.com/channel/UCxt6LPDbyN-v-XDgmC-MxWw,０から始まるVALORANT＃２【ゆっくり実況】【VALORANT】
4073,涼月の小部屋,,7,2026-09-30,1.0,1.0,シューター,外す（登録者が少ない）,,https://www.youtube.com/channel/UCfAPJ-ElpwpMHlQirA0sDfw,【Enlisted】転生したら二階級特進し放題だった件　＃３【ゆっくり実況】
4074,柊木れい,,7,2026-10-03,0.67,1.0,パズル,外す（登録者が少ない）,,https://www.youtube.com/channel/UC-0AH-ZIgij4JKeqiGl5tvQ,【柘榴団地】この団地、何かがおかしい。【初見プレイ｜ホラー】
4075,ローレルはゲームしたいねん。,,6,2026-08-23,1.0,1.0,RPG,外す（登録者が少ない）,,https://www.youtube.com/channel/UC1Y37j5KWY_sUyvd8EG1ciA,【字幕実況】聖剣伝説3ToMノーフューチャー特殊縛りプレイ-マシンゴーレムS戦-【くじ引き旅】
4076,トラカレットch,,6,2026-09-16,0.5,1.0,,外す（登録者が少ない）,,https://www.youtube.com/channel/UCu0h8Do63Omb-rbigi26b-g,アニモやる
4077,エリンギ王ノキニナルゲーム実況,,6,2026-09-26,1.0,1.0,RPG,外す（登録者が少ない）,,https://www.youtube.com/channel/UClX7U5_phnQaKBOFXKiWWrA,【決戦】ついに因縁対決に終止符！！勝つのはどっちだ...【鬼武者 Way of the Sword 】
4078,いちごホイップまかろん🍓,,5,2026-09-03,0.67,1.0,,外す（登録者が少ない）,,https://www.youtube.com/channel/UCYldT7YmWx9l4-F3NXlQcOQ,【ゲーム実況】どうくつたんさく🍓クリーパーで爆発するさくら【マインクラフト】
4079,ノッポンのデバッグ人生,,5,2026-10-02,0.4,1.0,,外す（登録者が少ない）,,https://www.youtube.com/channel/UC4c3IuPqq-WiodocrGC5CxQ,【初配信#3】うつ病・無気力だったが「ゲーム」で人生をやり直します｜ゼルダ 時のオカリナ【ゲーム実況】
4080,こむし,,5,2026-10-04,1.0,1.0,シミュレーション,外す（登録者が少ない）,,https://www.youtube.com/channel/UCmGoOaZ4_mIDvFE8hK2mTjA,【part.2】ありえない地形で街づくり 10万人目指す？！ Cities: Skylines Ⅱ
4081,ハカリ堂,,5,2026-10-09,1.0,1.0,シミュレーション,外す（登録者が少ない）,,https://www.youtube.com/channel/UCVvLNvXHi6MDTXskt50z6HA,【マイクラ】16回死んだChatGPTは、次の夜を越えられるのか？【第1話】
4082,ゆいまる,,4,2026-09-12,1.0,1.0,RPG,外す（登録者が少ない）,,https://www.youtube.com/channel/UCDApvn4Vmu3NGqXtkMTWZuQ,【Beast of Reincarnation実況】ゲームの面白さとストーリーの深さに感動し涙腺ガバガバな一般浄化兵#1
4083,ゲーム実況者お手伝いチャンネル,,4,2026-08-28,0.67,1.0,アクション（横スクロール）,外す（登録者が少ない）,,https://www.youtube.com/channel/UC-JW-fPSJAMxxjY8Zscc7Og,“釣りゲー”だと思って舐めてると死にます　【How to Fish】
4084,ふくまめchannel.,,4,2026-09-07,0.0,0.0,,外す（登録者が少ない）,,https://www.youtube.com/channel/UC1n6GsFuuyZZmqH-mOLVaWw,
4085,ぐみん,,3,2026-08-05,0.33,1.0,シミュレーション,外す（登録者が少ない）,,https://www.youtube.com/channel/UCunRuzqmgiP_eliah2Zmwzg,【Fast Food Simulator】最強のファーストフード店をつくる #ゲーム実況 #Fast Food Simu
4086,ぎゃくこうかさせんぞ、らーじ(サトラレ),,3,2026-08-27,0.65,1.0,,外す（登録者が少ない）,,https://www.youtube.com/channel/UCCDwsa31I3Gg-kzMSHpzJew,紅白レスレリ　3  妄想イチャイチャ萎えゲーか！
4087,たなけんのゲーム実況してみる,,3,2026-10-01,0.7,1.0,,外す（登録者が少ない）,,https://www.youtube.com/channel/UCHfQi_b1e3cAr6b01NCsl3A,【ゲーム実況】たなけんのエンダーマグノリアをほぼ初見プレイしてみる#6【ENDER MAGNOLIA】
4088,数奇人【すきびと】,,3,2026-10-03,1.0,1.0,RPG,外す（登録者が少ない）,,https://www.youtube.com/channel/UCVEiutJcxk6KjKb6FdyLP-Q,【鬼武者 Way of the Sword】　自分の観察眼が裏目に出てしまった『佐々木 +祇王』前哨戦　【ボイロ実況】
4089,ノスケモノ,,3,2026-09-13,0.0,0.67,,外す（登録者が少ない）,,https://www.youtube.com/channel/UCHsmMQMWcv6bMBCJzHYha7A,【なりきり企画】FPS初心者は強い男になりきれ!!
4090,ガルガリ,,3,2026-10-05,0.92,1.0,パズル,外す（登録者が少ない）,,https://www.youtube.com/channel/UCXOu_DEsErof0JZiYgeBH2w,【アニモ】今日も適当にやっていく、マビノギモバイルおもろそうやね
4091,heyちまチャンネル,,3,2026-09-16,0.8,1.0,シューター,外す（登録者が少ない）,,https://www.youtube.com/channel/UCgyo6twZcj12IvW-WpWR0wQ,【ぽこあポケモン】僕だけの街づくり#1
4092,MIPPER38,,3,2026-09-22,1.0,1.0,,外す（登録者が少ない）,,https://www.youtube.com/channel/UCrnY70m1BHSVIopCBeh55YQ,valorantアイアン帯の実力
4093,るむ,,3,2026-10-05,0.75,1.0,シミュレーション,外す（登録者が少ない）,,https://www.youtube.com/channel/UCc1oML6kyqr9pIhJFxVESqg,【マイクラ】おんりーさんが作ったドロッパーを遊んでみた結果、、、
4094,THE MOLE MATCH公式,,3,2026-09-28,0.0,0.0,,外す（登録者が少ない）,,https://www.youtube.com/channel/UCqXDqoZBuZ7FZeQ-66rGH1w,
4095,いちごみかんかき(仮),,2,2026-10-07,1.0,1.0,RPG,外す（登録者が少ない）,,https://www.youtube.com/channel/UCPY4Ti2kFSTcXUIqLXrAY_g,グラブル　ソロモナス記録　２026・10・０７
4096,MEGAタナカ　エルデン知恵袋,,2,2026-09-02,0.92,1.0,,外す（登録者が少ない）,,https://www.youtube.com/channel/UCKv0gSvF49iTKXTw6ybtBeg,考察厨が行くエルデンリング
4097,ひろのゲームチャンネル,,2,2026-10-04,1.0,1.0,RPG,外す（登録者が少ない）,,https://www.youtube.com/channel/UCYmnwnh3pU-HRKKxuln7cCQ,【Valheim #8】Valheimerの石造建築【実況】
4098,iさんのお部屋,,2,2026-09-22,0.69,1.0,シューター,外す（登録者が少ない）,,https://www.youtube.com/channel/UCNPRWsVZpUG4_aSGyxMlN1g,【猫でもホテル経営したい!】ヨグ=ソトースの庭 実況part4
4099,ヒルト,,2,2026-09-19,0.0,0.0,,外す（登録者が少ない）,,https://www.youtube.com/channel/UC2EFxYumPslcsu4HYKFUIWQ,
4100,神々を持て余した暇の遊び,,2,2026-09-24,1.0,1.0,,外す（登録者が少ない）,,https://www.youtube.com/channel/UCE97i169rpuja73nzcBD1Gw,【空の軌跡 the 2nd】#5 難易度Hard！ストーリーも攻略も楽しみ尽くすぞ！！ （※ネタバレ注意）
4101,賽の河原でダベるゲーム,,2,2026-09-30,0.6,1.0,シミュレーション,外す（登録者が少ない）,,https://www.youtube.com/channel/UCRPjP4bLHT8ryYc_HhGQD7A,カルト宗教のコミュニティサイトに潜ってみた【No Results Found】【前編】
4102,SiHoN,,1,2026-08-19,0.0,1.0,,外す（登録者が少ない）,,https://www.youtube.com/channel/UC6CwQl6FXB6fsMAe5n_3Z9A,【A.I.VOICE実況】洞窟探索敵が多くててんてこ舞い？
4103,もち,,1,2026-08-19,0.75,1.0,アクション（横スクロール）,外す（登録者が少ない）,,https://www.youtube.com/channel/UCcC4VSHALUAUlemUA47b7Iw,【涙…】泣いてしまうと話題のゲームで泣いた…【ダレカレ】
4104,kietansan,,1,2026-09-12,0.0,1.0,,外す（登録者が少ない）,,https://www.youtube.com/channel/UCbt4xP6Un3dVY3esF_ENAJQ,#24 雀魂 課金停止後は成績が悪くなる？ MAKA評価と成績【記録／無言】
4105,BATTALIVE.,,1,2026-09-02,1.0,1.0,シューター,外す（登録者が少ない）,,https://www.youtube.com/channel/UCwDoWEn5LLGH43otmsSko8g,【#003 SCUM実況】脱・初心者を目指すバッタマン1号の生きざま配信！
4106,みがろどん サバイバルゲーム実況,,1,2026-09-19,1.0,1.0,アドベンチャー,外す（登録者が少ない）,,https://www.youtube.com/channel/UCBqv98YsFwvNj18oFlVg5iw,新しい家族ができました　Subnautica #4 【サブノーティカ】実況
4107,Yotaro Games,,1,2026-09-19,0.0,1.0,,外す（登録者が少ない）,,https://www.youtube.com/channel/UCUp16mR5v_rx7XuJ5IReX-Q,【LiEat】第2回：ささらが見守る二人の街調査！【さとうささら実況】
4108,りなみチャンネル,,1,2026-10-05,1.0,1.0,,外す（登録者が少ない）,,https://www.youtube.com/channel/UCING9h5ibln_sd-y3s-vXkQ,【マイクラ実況】サバイバル始めます。拠点建築！part1【Minecraft】
4109,凪夢夛,Neo-Porte,,,,,,情報取得できず,,https://www.youtube.com/channel/UCVQROe7sDdROh4x0BpYHP1w,
4110,星ノ雪,,,,,,,情報取得できず,,https://www.youtube.com/channel/UChXEAtYw8XdHF4KI0FuzGyg,
4111,れいるch.,,,,,,,情報取得できず,,https://www.youtube.com/channel/UCBZ2N3H8KEjSO0A-5ArWsXg,
4112,V切り抜き,,,,,,,情報取得できず,,https://www.youtube.com/channel/UCEHlq4NtouTi4aXLtPyeMzQ,
4113,まるがじゅ,,0,2026-10-05,0.85,0.95,アドベンチャー,外す（登録者が少ない）,,https://www.youtube.com/channel/UCcqWkm4-B3pdzSRbZjoUSgg,カップヘッド実況
4114,あんこ,,0,2026-08-15,0.0,1.0,,外す（登録者が少ない）,,https://www.youtube.com/channel/UC0ZPPjld9YnTKfvoWDU4nxA,The Artisan of Glimmith: 高難易度を詰める #3
4115,たこと,,,,,,,情報取得できず,,https://www.youtube.com/channel/UCRxYEARj7TX_BvE4ezEhTJQ,
4116,さつた【ゆっくり実況】,,,,,,,情報取得できず,,https://www.youtube.com/channel/UCWagjV1cj153KWn-ShR1enw,
4117,UFC選手解説ch,,0,2026-09-19,0.0,1.0,,外す（登録者が少ない）,,https://www.youtube.com/channel/UC9nirme0RGoGrApYfbzLWIg,【トミーマクミレン】客の心を震わすストライカー...そんな男に迫る#ufc #nocheufc #解説 
4118,んげじ【配信者】,,,,,,,情報取得できず,,https://www.youtube.com/channel/UCeR3aiGHjL0apTHwuz-hytw,
4119,眠くなるゲーム実況,,0,2026-09-27,1.0,0.95,アドベンチャー,外す（登録者が少ない）,,https://www.youtube.com/channel/UCqSBIVxJhNdeQoU2LtOnJxQ,35KP【Evil Inside】ホラーゲーム
4120,ハルキ,,0,2026-10-06,0.8,0.8,パズル,外す（登録者が少ない）,,https://www.youtube.com/channel/UCd7VmvRu-0anj8VRGmva6AQ,俺は！！悪魔っ娘で！！ハーレムを作るんだ！！！【Helltaker】
